CustomerID,Recency,Frequency,Monetary,AvgBasket,TotalItems,LogMonetary,LogAvgBasket,LogTotalItems,Churned,Cluster,Segment,ChurnProbability,ChurnRisk,PredictedCLV_GBP,CLV_Band
12346,326,1,77183.6,77183.6,74215,11.253955234248428,11.253955234248428,11.214735039333108,1,2,High-Value,0.354,Low,97059.11,Platinum
12347,2,7,4310.0,23.68131868131868,2458,8.368925174747135,3.2060466287815386,7.807510042216193,0,2,High-Value,0.015,Low,4242.57,Platinum
12348,75,4,1797.24,57.97548387096774,2341,7.494563687769957,4.0771218299394825,7.758760544157663,0,1,Loyal,0.1928,Low,2783.42,Platinum
12349,19,1,1757.55,24.076027397260273,631,7.472244884833674,3.2219123059801262,6.448889394146858,0,1,Loyal,0.4491,Medium,1167.39,Gold
12350,310,1,334.4,19.670588235294115,197,5.815323849389109,3.0287118316967807,5.288267030694535,1,0,At-Risk,0.5252,Medium,401.97,Silver
12352,36,8,2506.04,29.482823529411764,536,7.826858053356098,3.417163362007433,6.285998094508865,0,2,High-Value,0.0632,Low,1916.78,Platinum
12353,204,1,89.0,22.25,20,4.499809670330265,3.1463051320333655,3.044522437723423,1,0,At-Risk,0.8226,High,102.3,Bronze
12354,232,1,1079.4,18.610344827586207,530,6.985086621918461,2.97605722432628,6.274762021241939,1,0,At-Risk,0.4499,Medium,829.82,Gold
12355,214,1,459.4,35.33846153846154,240,6.132095676847728,3.5928767268616704,5.484796933490655,1,0,At-Risk,0.6046,Medium,417.76,Silver
12356,23,3,2811.43,47.65135593220339,1591,7.941804157314053,3.8846796794091576,7.372746366404328,0,2,High-Value,0.3008,Low,2700.73,Platinum
12357,33,1,6207.67,47.38679389312977,2708,8.733701981297274,3.8792269230435794,7.904334842085095,0,2,High-Value,0.3195,Low,4292.39,Platinum
12358,2,2,1168.06,61.47684210526315,248,7.063955286074528,4.13479596176473,5.517452896464707,0,1,Loyal,0.3514,Low,870.97,Gold
12359,58,4,6310.03,25.75522448979592,1609,8.750054175177759,3.2867297623016394,7.383989457978509,0,2,High-Value,0.1272,Low,2307.02,Platinum
12360,52,3,2662.06,20.63612403100775,1165,7.887231116540211,3.074364326614664,7.061334366910438,0,2,High-Value,0.1948,Low,1918.15,Platinum
12361,287,1,189.9,18.99,91,5.251749730731702,2.995232148512309,4.5217885770490405,1,0,At-Risk,0.6549,Medium,223.01,Bronze
12362,3,10,5226.23,19.647481203007516,2229,8.56163678004062,3.0275933363261256,7.709756864454165,0,2,High-Value,0.0074,Low,4142.13,Platinum
12363,110,2,552.0,24.0,408,6.315358001522335,3.218875824868201,6.013715156042802,1,1,Loyal,0.4483,Medium,799.65,Gold
12364,8,4,1313.1,15.448235294117646,1506,7.180907299649593,2.8002181945034623,7.317876198626496,0,1,Loyal,0.1449,Low,1912.57,Platinum
12365,291,2,641.38,29.15363636363636,174,6.465180028897591,3.4063055249763377,5.1647859739235145,1,0,At-Risk,0.5213,Medium,395.82,Silver
12367,4,1,168.9,15.354545454545455,173,5.135210028677887,2.794505868158117,5.159055299214529,0,1,Loyal,0.3402,Low,231.11,Bronze
12370,51,4,3541.94,21.33698795180723,2352,8.172712169921061,3.1062439569685116,7.763446388727362,0,2,High-Value,0.0749,Low,3568.41,Platinum
12371,45,2,1887.96,29.96761904761905,591,7.543781692052325,3.432942111714894,6.3835066348840055,0,1,Loyal,0.3485,Low,1059.89,Gold
12372,72,3,1298.04,24.962307692307693,794,7.169380809114136,3.2566457820417285,6.678342114654332,0,1,Loyal,0.2323,Low,1263.47,Gold
12373,311,1,364.6,26.042857142857144,197,5.901539839579995,3.297422909159964,5.288267030694535,1,0,At-Risk,0.5778,Medium,417.37,Silver
12374,25,1,742.9300000000001,22.513030303030305,342,6.6119469443852195,3.1575547484623487,5.8377304471659395,0,1,Loyal,0.3805,Low,571.7,Silver
12375,11,2,457.5,26.91176470588235,178,6.127960291696519,3.3290482739937666,5.187385805840755,0,1,Loyal,0.5017,Medium,362.96,Silver
12377,315,2,1628.12,21.144415584415583,944,7.395795270713971,3.097585346618962,6.851184927493743,1,0,At-Risk,0.4979,Medium,1232.64,Gold
12378,130,1,4008.62,18.30420091324201,2529,8.29645175271804,2.96032273612404,7.835974581721566,1,2,High-Value,0.5345,Medium,3095.6,Platinum
12379,82,2,852.24,21.306,407,6.749040867823617,3.104855700572345,6.0112671744041615,0,1,Loyal,0.3501,Low,804.08,Gold
12380,22,4,2724.81,26.20009615384615,1127,7.910520910634419,3.3032205083635766,7.028201432058005,0,2,High-Value,0.1695,Low,1874.55,Platinum
12381,5,5,1845.31,21.21045977011494,808,7.520944331624911,3.100563338732817,6.695798917058491,0,1,Loyal,0.1396,Low,1676.78,Platinum
12383,185,5,1850.56,18.69252525252525,1532,7.523783805985769,2.980239134936795,7.334981878871814,1,1,Loyal,0.1597,Low,2246.56,Platinum
12384,29,2,585.27,21.676666666666662,126,6.373780434317173,3.1213364956888596,4.844187086458591,0,1,Loyal,0.4364,Medium,306.91,Silver
12386,338,2,401.9,40.19,354,5.998688392197302,3.718195508447989,5.872117789475416,1,0,At-Risk,0.513,Medium,512.79,Silver
12388,16,6,2780.66,27.8066,1462,7.930803150780256,3.3606045275538974,7.288244401020124,0,2,High-Value,0.0878,Low,2594.24,Platinum
12390,80,1,549.84,17.1825,353,6.311444385858925,2.900459593046558,5.869296913133774,0,1,Loyal,0.4055,Medium,563.79,Silver
12391,22,1,439.66,4.72752688172043,293,6.0882736030360425,1.7452838287819774,5.683579767338681,0,1,Loyal,0.3545,Low,389.66,Silver
12393,72,4,1582.6,24.728125,816,7.367456015231976,3.247584751504654,6.705639094860003,0,1,Loyal,0.173,Low,1393.45,Gold
12394,64,2,1272.48,47.12888888888889,819,7.149508589545504,3.8738825974239592,6.709304340258298,0,1,Loyal,0.2869,Low,1374.63,Gold
12395,19,12,3018.63,19.350192307692307,2118,8.012889586306857,3.013090361853403,7.6586995582682995,0,2,High-Value,0.0111,Low,3500.04,Platinum
12397,36,2,2409.9,19.126190476190477,1263,7.7877554007552545,3.002021975651514,7.142036574706803,0,1,Loyal,0.2412,Low,2075.35,Platinum
12398,46,1,1635.66,19.24305882352941,1394,7.4004128587924045,3.0078119606453666,7.240649694255466,0,1,Loyal,0.3441,Low,1884.8,Platinum
12399,119,4,1108.65,18.790677966101697,1178,7.011799929268738,2.9852110170419164,7.072421900537371,1,1,Loyal,0.2516,Low,1676.97,Platinum
12401,303,1,84.3,16.86,11,4.446174454497633,2.882563575448353,2.4849066497880004,1,0,At-Risk,0.8396,High,39.27,Bronze
12402,323,1,225.6,20.509090909090908,94,5.423186348593906,3.068475678745916,4.553876891600541,1,0,At-Risk,0.6188,Medium,216.34,Bronze
12403,50,1,427.7,85.53999999999999,96,6.0607573736039315,4.460606734796738,4.574710978503383,0,1,Loyal,0.5381,Medium,219.16,Bronze
12405,149,1,1710.39,31.67388888888889,857,7.445061184797548,3.48657625400139,6.754604099487962,1,1,Loyal,0.5657,Medium,1210.65,Gold
12406,22,2,3415.3,32.52666666666667,1818,8.136313373066384,3.512341142075709,7.506042178518122,0,2,High-Value,0.2351,Low,2856.88,Platinum
12407,50,5,1708.12,22.183376623376624,1416,7.443733897151405,3.1434354969911857,7.256297239690681,0,1,Loyal,0.0769,Low,2200.71,Platinum
12408,33,5,2888.55,27.51,1409,7.968856059639959,3.3502549029245805,7.251344983372214,0,2,High-Value,0.0818,Low,2324.76,Platinum
12409,79,3,11072.67,101.58412844036695,5551,9.312325497408466,4.630683227206711,8.62191350218664,0,2,High-Value,0.1334,Low,6696.47,Platinum
12410,309,2,693.3299999999999,26.666538461538455,211,6.542947351813216,3.3202236851974547,5.356586274672012,1,0,At-Risk,0.5724,Medium,451.91,Silver
12412,75,3,1226.88,20.112786885245903,829,7.1130443840624835,3.0498788704487443,6.721425700790643,0,1,Loyal,0.2268,Low,1282.57,Gold
12413,67,3,758.1,19.95,286,6.632133521022722,3.0421386463681466,5.659482215759621,0,1,Loyal,0.2855,Low,636.62,Silver
12414,217,3,562.41,31.244999999999997,300,6.334007604663525,3.4733629924623406,5.707110264748875,1,0,At-Risk,0.3257,Low,600.38,Silver
12415,24,21,124914.53,174.95032212885152,77374,11.735393027855736,5.1702016945635965,11.256419009986898,0,2,High-Value,0.0037,Low,127964.54,Platinum
12417,3,9,3649.1,19.005729166666665,1552,8.202509843461513,2.9960186908659696,7.347943823148687,0,2,High-Value,0.0702,Low,2664.06,Platinum
12418,113,1,668.58,19.664117647058823,407,6.506650650150935,3.0283987491115765,6.0112671744041615,1,1,Loyal,0.4177,Medium,657.99,Gold
12420,64,1,600.39,20.70310344827586,345,6.3992436425478765,3.0774552663701726,5.846438775057725,0,1,Loyal,0.4075,Medium,613.89,Silver
12421,16,4,807.04,17.93422222222222,484,6.694611562246261,2.940970984313764,6.184148890937483,0,1,Loyal,0.1866,Low,952.79,Gold
12422,96,3,803.5600000000001,20.604102564102565,370,6.690295544136225,3.0728832301782982,5.916202062607435,1,1,Loyal,0.3436,Low,766.05,Gold
12423,1,8,1859.31,14.87448,1339,7.528498419486568,2.764712788336757,7.200424892944957,0,2,High-Value,0.0357,Low,2047.86,Platinum
12424,163,2,1760.96,58.69866666666667,740,7.474182104762846,4.0893096862574705,6.608000625296087,1,1,Loyal,0.5469,Medium,1456.88,Gold
12425,78,1,777.2,21.58888888888889,496,6.6569835605504535,3.1174581432980815,6.208590026096629,0,1,Loyal,0.3247,Low,652.05,Silver
12426,195,1,582.73,19.424333333333333,258,6.369438547154207,3.016727000474497,5.556828061699537,1,0,At-Risk,0.535,Medium,421.54,Silver
12427,22,3,825.8,26.638709677419353,533,6.717562827807613,3.3192173146483928,6.280395838960195,0,1,Loyal,0.2838,Low,955.73,Gold
12428,26,9,7956.46,27.062789115646257,3536,8.981865132439246,3.334444468011407,8.17103418920548,0,2,High-Value,0.0149,Low,6094.09,Platinum
12429,9,4,3750.4,38.66391752577319,1557,8.22988438262624,3.680441895968698,7.351158226430694,0,2,High-Value,0.131,Low,2839.11,Platinum
12430,43,1,256.4,23.30909090909091,117,5.5506312951620265,3.190850391869472,4.770684624465665,0,1,Loyal,0.611,Medium,274.18,Bronze
12431,36,15,6419.95,27.43568376068376,2896,8.767321360814657,3.347644826915362,7.9714309977693505,0,2,High-Value,0.0013,Low,5069.75,Platinum
12432,43,5,5059.32,46.84555555555555,1801,8.529185001388596,3.8679782307335806,7.496652438168283,0,2,High-Value,0.0418,Low,2838.84,Platinum
12433,1,7,13375.87,31.847309523809525,11071,9.50128237507538,3.491869839713755,9.31217467785745,0,2,High-Value,0.0341,Low,13179.84,Platinum
12434,85,2,806.14,16.122799999999998,394,6.6934971352559,2.8404109087423928,5.978885764901122,0,1,Loyal,0.2921,Low,656.9,Gold
12435,80,2,7829.89,217.49694444444447,2055,8.965831447914955,5.386772030201913,7.628517626575055,0,2,High-Value,0.4985,Medium,1661.51,Platinum
12436,100,1,509.01,31.813125,211,6.234430333369278,3.4908285877894865,5.356586274672012,1,1,Loyal,0.6184,Medium,401.2,Silver
12437,2,18,4951.41,24.88145728643216,2922,8.507629605767502,3.2535267774149355,7.980365765111246,0,2,High-Value,0.0013,Low,5135.39,Platinum
12438,14,2,2906.85,29.66173469387755,1180,7.975169255479829,3.4230154502475263,7.074116816197362,0,2,High-Value,0.2357,Low,2117.47,Platinum
12441,367,1,173.55,15.77727272727273,121,5.162211233551045,2.8200251566776373,4.804021044733257,1,0,At-Risk,0.6683,Medium,212.56,Bronze
12442,3,1,172.06,14.338333333333331,182,5.153638355178593,2.7303551416227103,5.209486152841421,0,1,Loyal,0.3067,Low,222.91,Bronze
12444,21,5,5005.46,28.44011363636364,1153,8.518484357502437,3.382358153784056,7.050989447068045,0,2,High-Value,0.1219,Low,2666.49,Platinum
12445,22,1,133.4,33.35,62,4.900820428089049,3.536602018668358,4.143134726391533,0,1,Loyal,0.6223,Medium,216.43,Bronze
12446,58,1,1002.31,17.584385964912283,351,6.9110598129904375,2.922321763919698,5.863631175598097,0,1,Loyal,0.4064,Medium,616.06,Silver
12447,243,1,476.49,18.326538461538465,190,6.168543217293113,2.961479201216219,5.25227342804663,1,0,At-Risk,0.5206,Medium,387.3,Silver
12448,44,1,449.45,20.429545454545455,243,6.110247083097449,3.06477059855337,5.497168225293202,0,1,Loyal,0.4816,Medium,445.83,Silver
12449,22,4,4067.29,21.294712041884814,1553,8.310978042729836,3.104349522180144,7.348587530927593,0,2,High-Value,0.153,Low,2626.11,Platinum
12450,156,2,197.88,24.735,128,5.292701627762401,3.2478519331047178,4.859812404361672,1,0,At-Risk,0.5452,Medium,296.14,Bronze
12451,11,5,9035.52,25.524067796610172,6575,9.109029423519525,3.2780525395510915,8.791181936736017,0,2,High-Value,0.0409,Low,7216.62,Platinum
12452,17,2,430.57,19.571363636363635,185,6.067429722163682,3.0238999939500486,5.225746673713202,0,1,Loyal,0.4117,Medium,366.09,Silver
12453,134,1,707.09,16.443953488372095,473,6.562571204258897,2.85899308363737,6.161207321695077,1,1,Loyal,0.4433,Medium,632.23,Silver
12454,56,1,3528.34,235.22266666666667,1006,8.168866163607964,5.464774863031448,6.914730892718563,0,2,High-Value,0.2707,Low,2194.47,Platinum
12455,73,6,2466.86,27.409555555555556,2089,7.81110665732229,3.3467255517998904,7.644919344958857,0,2,High-Value,0.0398,Low,3345.4,Platinum
12456,44,3,3181.04,25.44832,1633,8.065277779528966,3.275192640219025,7.3987862754199485,0,2,High-Value,0.1756,Low,2729.89,Platinum
12457,66,7,2363.23,38.11661290322581,843,7.768207666517555,3.66654725918978,6.738152494595957,0,2,High-Value,0.0392,Low,2318.85,Platinum
12458,71,2,947.4,24.931578947368426,506,6.854776354191251,3.255461490383477,6.2285110035911835,0,1,Loyal,0.3537,Low,873.65,Gold
12461,94,2,826.88,23.62514285714286,287,6.718868216346018,3.203767988346619,5.662960480135946,1,1,Loyal,0.3858,Low,641.09,Silver
12462,19,2,1189.59,19.186935483870965,536,7.082204261557526,3.0050356369446267,6.285998094508865,0,1,Loyal,0.3194,Low,884.09,Gold
12463,53,4,1344.78,16.202168674698793,776,7.204729049594601,2.8450354616095708,6.655440350367647,0,1,Loyal,0.1583,Low,1203.59,Gold
12464,10,8,1212.05,41.79482758620689,112,7.100893128209941,3.756417244495147,4.727387818712341,0,1,Loyal,0.1291,Low,769.62,Gold
12465,17,2,742.1899999999999,15.79127659574468,479,6.610951732080795,2.8208595012988225,6.173786103901937,0,1,Loyal,0.273,Low,687.52,Gold
12468,188,2,729.5400000000001,19.19842105263158,366,6.593783986707386,3.0056044356407527,5.905361848054571,1,0,At-Risk,0.4031,Medium,679.41,Gold
12471,2,30,19788.65,43.11252723311547,8200,9.89291435274037,3.7867438063571734,9.012011377036412,0,2,High-Value,0.0015,Low,18157.08,Platinum
12472,32,7,6572.11,19.386755162241887,4148,8.790742363252102,3.014885433238884,8.330622620332868,0,2,High-Value,0.0138,Low,5685.74,Platinum
12473,29,5,3928.05,23.52125748502994,2414,8.276152945361936,3.199540393808083,7.789454566086673,0,2,High-Value,0.0207,Low,3943.39,Platinum
12474,17,18,7324.09,17.355663507109004,4833,8.899060720499207,2.909938164871264,8.483429561263428,0,2,High-Value,0.0011,Low,7468.81,Platinum
12475,54,1,723.38,20.093888888888888,535,6.585316116572351,3.0489833724132662,6.284134161070802,0,1,Loyal,0.3609,Low,838.24,Gold
12476,16,11,6816.42,29.255021459227468,2408,8.82723638014411,3.4096621693527465,7.786967002614872,0,2,High-Value,0.0038,Low,5021.37,Platinum
12477,23,6,13219.74,44.0658,3653,9.489542087633344,3.8081236439866095,8.203577736937952,0,2,High-Value,0.0225,Low,8206.18,Platinum
12478,4,1,680.99,18.91638888888889,236,6.525014994979364,2.991542955044855,5.4680601411351315,0,1,Loyal,0.3686,Low,443.67,Silver
12479,11,1,527.2,17.006451612903227,385,6.269474999863032,2.8907301166170756,5.955837369464831,0,1,Loyal,0.3942,Low,595.79,Silver
12480,28,4,3281.63,21.30928571428571,1707,8.096400209353131,3.1050029915395125,7.443078374348516,0,2,High-Value,0.175,Low,2877.8,Platinum
12481,23,10,5579.82,25.8325,3294,8.62709099798378,3.2896138393735423,8.100161446936607,0,2,High-Value,0.0029,Low,5456.13,Platinum
12483,17,8,2484.98,33.133066666666664,1110,7.818422226986002,3.53026661140678,7.01301578963963,0,2,High-Value,0.031,Low,2430.58,Platinum
12484,33,6,4527.32,13.199183673469388,2187,8.418106288764006,2.653184475170883,7.690743163541872,0,2,High-Value,0.0244,Low,3234.84,Platinum
12488,10,3,1298.66,23.612,529,7.169857970780942,3.203234128878244,6.272877006546167,0,1,Loyal,0.2397,Low,937.7,Gold
12489,336,1,334.93,22.328666666666667,105,5.816902804925467,3.1496829333785823,4.663439094112067,1,0,At-Risk,0.6377,Medium,249.67,Bronze
12490,5,10,5417.93,22.114,3064,8.597653657970227,3.1404384945532495,8.027802848370312,0,2,High-Value,0.003,Low,4839.19,Platinum
12491,39,1,460.4,17.70769230769231,260,6.134265345739653,2.9289347926304754,5.564520407322694,0,1,Loyal,0.526,Medium,423.39,Silver
12492,63,2,263.21000000000004,13.160500000000004,192,5.5767442414854775,2.650456398376628,5.262690188904886,0,1,Loyal,0.3248,Low,283.37,Bronze
12493,166,2,433.74,19.715454545454545,207,6.0747481512447195,3.030880018105644,5.337538079701318,1,0,At-Risk,0.4593,Medium,390.5,Silver
12494,16,7,1246.1,16.183116883116885,707,7.128576134926702,2.8439273251946817,6.56244409369372,0,1,Loyal,0.0493,Low,1288.23,Gold
12497,82,1,1043.1,74.50714285714285,1236,6.950910549296065,4.3242272591593585,7.1204443723924875,0,1,Loyal,0.3481,Low,1432.79,Gold
12498,21,3,403.7000000000001,17.55217391304348,159,6.00314605188182,2.9205869742648045,5.075173815233827,0,1,Loyal,0.3468,Low,373.79,Silver
12500,23,11,4257.82,69.80032786885245,2678,8.356747405587967,4.259863631604946,7.893198869544609,0,2,High-Value,0.0452,Low,4757.0,Platinum
12501,337,1,2169.39,14.5596644295302,1783,7.682662153888476,2.7446819522921255,7.486613313139955,1,0,At-Risk,0.4836,Medium,1703.71,Platinum
12502,96,5,3723.87,25.332448979591835,820,8.222787230875806,3.270801980181514,6.710523109452428,1,2,High-Value,0.4123,Medium,2486.07,Platinum
12504,18,2,482.0499999999999,53.5611111111111,90,6.180120167963518,3.999321378267563,4.51085950651685,0,1,Loyal,0.3676,Low,382.37,Silver
12506,233,1,73.5,3.1956521739130435,23,4.310799125385514,1.4340487924157903,3.1780538303479458,1,0,At-Risk,0.7895,High,73.14,Bronze
12507,134,3,1304.81,62.13380952380952,894,7.174578816863813,4.145256434671202,6.796823718274855,1,1,Loyal,0.3475,Low,1354.07,Gold
12508,26,2,397.88,5.851176470588236,271,5.988660619775247,1.9244203850583448,5.605802066295998,0,1,Loyal,0.3136,Low,439.46,Silver
12509,284,1,176.5,25.214285714285715,55,5.178970608915471,3.266304518439312,4.02535169073515,1,0,At-Risk,0.6225,Medium,163.26,Bronze
12510,143,2,982.57,29.774848484848484,353,6.8911888096735625,3.4266977487390955,5.869296913133774,1,1,Loyal,0.4291,Medium,874.69,Gold
12512,66,2,132.18,4.263870967741935,96,4.891701596682476,1.6608666815155078,4.574710978503383,0,1,Loyal,0.2448,Low,183.66,Bronze
12513,113,1,612.29,17.494,462,6.418837907265026,2.917446355155447,6.137727054086234,1,1,Loyal,0.4557,Medium,631.94,Silver
12514,267,1,1017.68,19.954509803921567,440,6.926262950537876,3.0423538883055934,6.089044875446846,1,0,At-Risk,0.3505,Low,733.28,Gold
12515,353,1,383.7,23.98125,131,5.95246380975825,3.2181255434774965,4.882801922586371,1,0,At-Risk,0.6251,Medium,286.76,Bronze
12516,78,2,1312.06,50.46384615384615,875,7.180115570136106,3.940879544710599,6.775366090936392,0,1,Loyal,0.3054,Low,1383.04,Gold
12517,28,5,2481.6,8.894623655913978,1361,7.817061677081847,2.2919915445681123,7.216709486709457,0,2,High-Value,0.0872,Low,2106.94,Platinum
12518,1,5,2056.89,16.58782258064516,1318,7.629436465014086,2.867206763744666,7.1846291527173145,0,2,High-Value,0.0764,Low,1868.33,Platinum
12519,64,1,330.84,19.461176470588235,175,5.804652925041163,3.0185292598766287,5.170483995038151,0,1,Loyal,0.4771,Medium,339.46,Silver
12520,79,5,2634.26,17.330657894736845,1439,7.876737127834484,2.9085749529007487,7.272398392570047,0,2,High-Value,0.0789,Low,2154.8,Platinum
12521,143,1,599.68,15.781052631578946,309,6.39806234681208,2.820250430393282,5.736572297479192,1,1,Loyal,0.5062,Medium,467.89,Silver
12522,39,2,192.72,16.06,194,5.266413817535028,2.836736542063533,5.272999558563747,0,1,Loyal,0.2889,Low,319.45,Silver
12523,19,11,1789.77,16.884622641509434,865,7.490400973937009,2.88394127332761,6.763884908562435,0,2,High-Value,0.0442,Low,1887.04,Platinum
12524,9,8,4485.72,31.150833333333335,3699,8.408877201532766,3.470438370513596,8.216088098632316,0,2,High-Value,0.0165,Low,5280.63,Platinum
12526,1,3,1316.66,18.54450704225352,632,7.183612715167257,2.9726942772462897,6.450470422144176,0,1,Loyal,0.2537,Low,1154.57,Gold
12527,82,3,348.71000000000004,19.37277777777778,234,5.857104239599851,3.0141995870574485,5.459585514144159,0,1,Loyal,0.3334,Low,440.14,Silver
12528,9,6,1933.48,21.01608695652174,756,7.567593835498341,3.0917734114397963,6.6293632534374485,0,2,High-Value,0.1194,Low,1641.79,Platinum
12530,60,4,1662.28,25.186060606060607,913,7.416546835435133,3.26522723124803,6.81783057145415,0,1,Loyal,0.1721,Low,1506.12,Gold
12531,15,1,125.22,7.365882352941177,45,4.838026416156094,2.1241618103991557,3.828641396489095,0,1,Loyal,0.5885,Medium,132.77,Bronze
12532,30,1,349.83000000000004,21.864375000000003,153,5.860301775655642,3.1295800223826125,5.0369526024136295,0,1,Loyal,0.5835,Medium,318.02,Silver
12534,131,1,1089.18,17.28857142857143,651,6.9940980992041535,2.906276352658544,6.480044561926653,1,1,Loyal,0.4253,Medium,1074.39,Gold
12535,92,2,716.35,21.069117647058825,219,6.575563866544399,3.0941792397258374,5.393627546352362,1,1,Loyal,0.5481,Medium,402.91,Silver
12536,43,3,12601.830000000002,48.282873563218395,2803,9.441676670894656,3.897576628467179,7.938802248154481,0,2,High-Value,0.1472,Low,4101.19,Platinum
12538,29,1,363.95,17.33095238095238,191,5.899760357897641,2.9085910180006356,5.2574953720277815,0,1,Loyal,0.4867,Medium,367.89,Silver
12539,22,4,5568.35,20.396886446886448,2067,8.625033629522884,3.0632454183065057,7.63433723562832,0,2,High-Value,0.0733,Low,3905.71,Platinum
12540,20,17,13400.24,28.03397489539749,6685,9.503102518971122,3.3684666923766557,8.807771066980044,0,2,High-Value,0.001,Low,11140.45,Platinum
12541,30,3,981.18,18.868846153846153,680,6.889774590946187,2.989152985116472,6.523562306149512,0,1,Loyal,0.2199,Low,1152.82,Gold
12544,36,1,372.7,19.61578947368421,136,5.923453336491439,3.026057261505345,4.919980925828125,0,1,Loyal,0.6035,Medium,285.45,Bronze
12545,75,2,1000.39,20.0078,523,6.9091443138264115,3.044893797332336,6.261491684321042,0,1,Loyal,0.3161,Low,885.58,Gold
12546,47,2,1161.5,16.833333333333332,633,7.058328137461511,2.8810693652338513,6.452048954437226,0,1,Loyal,0.3162,Low,1103.55,Gold
12547,198,2,207.8,25.975,134,5.341376856008484,3.2949105111441983,4.90527477843843,1,0,At-Risk,0.5796,Medium,286.18,Bronze
12548,166,1,95.2,19.04,49,4.566429357671661,2.997730276216664,3.912023005428146,1,0,At-Risk,0.5815,Medium,130.61,Bronze
12550,79,1,964.83,16.92684210526316,569,6.872987835288763,2.8862991485841767,6.345636360828596,0,1,Loyal,0.4131,Medium,864.21,Gold
12551,358,1,168.0,16.8,100,5.1298987149230735,2.8791984572980396,4.61512051684126,1,0,At-Risk,0.6663,Medium,202.86,Bronze
12552,39,2,437.82,21.891,88,6.084089306213804,3.130743820209868,4.48863636973214,0,1,Loyal,0.405,Medium,298.14,Bronze
12553,8,10,3692.28,19.33130890052356,1965,8.214270231095687,3.012162008279217,7.583756300707112,0,2,High-Value,0.028,Low,3325.41,Platinum
12556,50,2,599.56,5.038319327731092,355,6.397862553264747,1.7981257162278983,5.87493073085203,0,1,Loyal,0.3413,Low,550.07,Silver
12557,16,5,11990.96,363.36242424242425,4384,9.391991704219834,5.8981490432808235,8.385944904806284,0,2,High-Value,0.1127,Low,8501.51,Platinum
12558,8,1,269.96,24.54181818181818,196,5.601971208509516,3.2403170376483814,5.2832037287379885,0,1,Loyal,0.4418,Medium,337.33,Silver
12559,311,2,561.71,26.74809523809524,283,6.33276439774036,3.323167197767966,5.648974238161206,1,0,At-Risk,0.5338,Medium,561.07,Silver
12560,5,3,2134.01,20.323904761904764,1110,7.666226609492505,3.0598287327108467,7.01301578963963,0,1,Loyal,0.2049,Low,1683.7,Platinum
12561,303,1,238.85,14.928125,177,5.480013727948073,2.7680864145462696,5.181783550292085,1,0,At-Risk,0.46,Medium,257.45,Bronze
12562,8,7,3781.74,22.510357142857146,1779,8.23820389374878,3.1574410535406843,7.484368643286131,0,2,High-Value,0.0303,Low,3078.28,Platinum
12564,261,1,456.9,21.757142857142856,133,6.12665081966305,3.1248790678606895,4.897839799950911,1,0,At-Risk,0.5946,Medium,285.93,Bronze
12565,289,1,145.92,16.21333333333333,80,4.989888220951467,2.845684277310332,4.394449154672439,1,0,At-Risk,0.6629,Medium,209.98,Bronze
12566,86,1,351.65,18.507894736842104,265,5.865476063654188,2.9708192419362884,5.583496308781699,0,1,Loyal,0.4956,Medium,455.21,Silver
12567,23,10,9401.28,21.079103139013455,4305,9.148707492038316,3.094631601879832,8.367764677924308,0,2,High-Value,0.0044,Low,6523.07,Platinum
12569,2,32,4124.69,21.939840425531912,1801,8.324988557507531,3.1328751555101566,7.496652438168283,0,2,High-Value,0.0228,Low,4565.12,Platinum
12571,40,2,519.61,15.28264705882353,523,6.255001200981438,2.7900999431079687,6.261491684321042,0,1,Loyal,0.3193,Low,663.37,Gold
12572,9,2,1020.42,17.006999999999998,452,6.928949094989139,2.8907605711873683,6.115892125483034,0,1,Loyal,0.3544,Low,684.44,Gold
12573,227,1,160.54000000000002,5.733571428571429,84,5.08475279001415,1.9071056757928004,4.442651256490317,1,0,At-Risk,0.5494,Medium,148.03,Bronze
12574,316,1,218.45,19.85909090909091,61,5.391124416134243,3.037789868042472,4.127134385045092,1,0,At-Risk,0.5877,Medium,153.74,Bronze
12576,36,5,1315.83,14.952613636363637,967,7.182982612166326,2.7696226801553747,6.875232087276577,0,1,Loyal,0.0823,Low,1439.37,Gold
12577,35,3,626.6,4.291780821917809,469,6.441903020858877,1.6661548285238446,6.152732694704104,0,1,Loyal,0.1928,Low,696.87,Gold
12578,21,2,2794.51,24.51324561403509,1196,7.935769837637909,3.2391977531487943,7.087573705557973,0,1,Loyal,0.2511,Low,1951.04,Platinum
12579,78,1,440.42,15.18689655172414,285,6.0899968031722285,2.7842020601069217,5.655991810819852,0,1,Loyal,0.4896,Medium,372.82,Silver
12580,247,1,415.7,17.320833333333333,238,6.032366538428407,2.908038845838819,5.476463551931511,1,0,At-Risk,0.5249,Medium,414.41,Silver
12581,40,1,197.71,13.180666666666667,161,5.291846475417725,2.6518795345733492,5.087596335232384,0,1,Loyal,0.3849,Low,200.1,Bronze
12582,239,2,511.36,23.24363636363637,300,6.239027502962935,3.188154164951489,5.707110264748875,1,0,At-Risk,0.4613,Medium,598.93,Silver
12583,3,15,7281.38,29.47927125506073,5060,8.89321301083995,3.4170468215779213,8.529319371214077,0,2,High-Value,0.0013,Low,7351.38,Platinum
12584,4,9,2338.15,24.355729166666663,416,7.757542894498013,3.233004707132294,6.0330862217988015,0,2,High-Value,0.0869,Low,1812.48,Platinum
12585,234,2,2040.1,23.44942528735632,1279,7.621244157199997,3.196606710015021,7.154615356913663,1,0,At-Risk,0.3678,Low,2025.33,Platinum
12586,17,1,196.94000000000003,17.903636363636366,79,5.2879639544685455,2.9393543037514536,4.382026634673881,0,1,Loyal,0.6204,Medium,183.77,Bronze
12587,8,1,144.0,36.0,51,4.976733742420574,3.610917912644224,3.951243718581427,0,1,Loyal,0.5698,Medium,160.29,Bronze
12588,39,1,214.9,21.49,53,5.3748153375207615,3.113070765971224,3.9889840465642745,0,1,Loyal,0.5406,Medium,138.82,Bronze
12589,29,2,646.68,18.47657142857143,306,6.473396747218991,2.969212278030287,5.726847747587197,0,1,Loyal,0.3308,Low,604.51,Silver
12590,211,2,9864.26,145.06264705882353,4283,9.196774773912752,4.984035619119783,8.36264243156764,1,2,High-Value,0.6118,Medium,3691.35,Platinum
12591,317,1,452.85,17.41730769230769,228,6.117766746972636,2.913290857946146,5.43372200355424,1,0,At-Risk,0.545,Medium,410.66,Silver
12592,92,2,437.6,24.311111111111114,290,6.083587835983788,3.2312434736768623,5.673323267171493,1,1,Loyal,0.4912,Medium,610.62,Silver
12593,109,3,418.1,19.909523809523808,206,6.038109554931026,3.0402047398442487,5.332718793265369,1,1,Loyal,0.49,Medium,449.58,Silver
12594,38,10,3338.2200000000003,28.290000000000003,1777,8.113492525763553,3.377246160839642,7.48324441607385,0,2,High-Value,0.0167,Low,3437.08,Platinum
12596,51,2,618.27,22.898888888888887,474,6.428541364981557,3.1738319678521223,6.163314804034641,0,1,Loyal,0.4142,Medium,785.29,Gold
12597,19,4,3811.22,18.50106796116505,2236,8.245966975595675,2.970469231309264,7.71289096149013,0,2,High-Value,0.0585,Low,3440.65,Platinum
12598,10,8,3023.08,22.902121212121212,1964,8.01436219197595,3.173967208644332,7.583247524303362,0,2,High-Value,0.0212,Low,3108.52,Platinum
12599,29,7,1032.58,16.654516129032256,956,6.940783782995926,2.8709916219830913,6.863803391452954,0,1,Loyal,0.044,Low,1414.34,Gold
12600,29,10,2599.04,40.61,774,7.863282108506616,3.72834052299485,6.652863029353347,0,2,High-Value,0.0444,Low,2392.04,Platinum
12601,190,5,577.0600000000001,20.609285714285715,245,6.359677669513258,3.0731231164919848,5.5053315359323625,1,0,At-Risk,0.5272,Medium,631.19,Silver
12602,59,1,153.12,12.76,162,5.037731519757957,2.6217658325051976,5.093750200806762,0,1,Loyal,0.3781,Low,187.66,Bronze
12603,22,1,739.1999999999999,369.6,63,6.606920419952056,5.915123313851259,4.1588830833596715,0,1,Loyal,0.4516,Medium,540.78,Silver
12604,79,2,254.18,15.88625,201,5.541969178493598,2.826499681301754,5.308267697401205,0,1,Loyal,0.2982,Low,337.71,Silver
12607,60,1,1579.51,15.63871287128713,1228,7.3655028587473295,2.8117320809161335,7.113956109566034,0,1,Loyal,0.3417,Low,1375.63,Gold
12609,78,3,1126.85,18.78083333333333,648,7.0280684444921455,2.98471345540486,6.47543271670409,0,1,Loyal,0.2158,Low,1133.86,Gold
12610,23,5,2099.54,19.80698113207547,1049,7.6499497335130995,3.035288561745453,6.956545443151569,0,2,High-Value,0.0946,Low,2050.31,Platinum
12611,52,1,1193.32,18.35876923076923,846,7.085332264745334,2.96314550703675,6.741700694652055,0,1,Loyal,0.3408,Low,1221.56,Gold
12612,74,1,704.0400000000001,37.054736842105264,262,6.558254538791405,3.639025566496529,5.572154032177765,0,1,Loyal,0.4714,Medium,434.94,Silver
12613,57,5,3344.38,21.858692810457516,1644,8.115335568501695,3.129331474337005,7.405495663199472,0,2,High-Value,0.1238,Low,2924.56,Platinum
12614,278,1,315.6,15.78,76,5.757639147446912,2.8201877010390604,4.343805421853684,1,0,At-Risk,0.7059,High,208.93,Bronze
12615,2,4,2291.19,21.820857142857143,1376,7.73726297143202,3.127674904765216,7.227662498728654,0,2,High-Value,0.1337,Low,2182.67,Platinum
12616,95,2,713.3,22.290625,284,6.571303042160927,3.1480509190879213,5.652489180268651,1,1,Loyal,0.4335,Medium,634.11,Silver
12617,29,1,352.98,8.609268292682927,210,5.869240414362608,2.262728079883902,5.351858133476067,0,1,Loyal,0.3974,Low,330.91,Silver
12618,22,1,177.31,16.11909090909091,96,5.183523608545955,2.8401942681991796,4.574710978503383,0,1,Loyal,0.6518,Medium,194.2,Bronze
12619,16,9,3641.24,40.45822222222222,3378,8.200354155974704,3.724686226740054,8.12533508671429,0,2,High-Value,0.0519,Low,4986.43,Platinum
12620,15,3,1339.41,14.558804347826088,1181,7.20073081629489,2.744626674398442,7.074963197966044,0,1,Loyal,0.1505,Low,1541.24,Gold
12621,2,20,13689.67,29.31406852248394,7440,9.524469857917657,3.4116119124306072,8.914760527397261,0,2,High-Value,0.001,Low,13473.31,Platinum
12622,232,1,180.1,16.37272727272727,69,5.199049364889368,2.8549015784478566,4.248495242049359,1,0,At-Risk,0.6792,Medium,146.28,Bronze
12623,276,1,305.1,16.950000000000003,191,5.723911845951367,2.887590114934288,5.2574953720277815,1,0,At-Risk,0.528,Medium,374.37,Silver
12624,106,2,641.13,16.87184210526316,355,6.464790775403018,2.883226407533071,5.87493073085203,1,1,Loyal,0.4222,Medium,640.83,Silver
12625,212,2,2683.82,31.207209302325584,1612,7.895368965589599,3.472190318867,7.385851078125209,1,0,At-Risk,0.3985,Low,2031.9,Platinum
12626,23,9,6620.48,22.51863945578231,3453,8.798074188898816,3.1577932750895075,8.147288258706624,0,2,High-Value,0.0064,Low,6002.77,Platinum
12627,11,7,4478.53,19.47186956521739,2752,8.407273409191232,3.0190517274625024,7.920446505142607,0,2,High-Value,0.0118,Low,4446.13,Platinum
12628,4,3,786.46,19.181951219512197,448,6.668812575758953,3.0047887010099936,6.1070228877422545,0,1,Loyal,0.2353,Low,839.38,Gold
12630,10,2,1270.88,19.8575,548,7.1482513998271635,3.037713595794093,6.3080984415095305,0,1,Loyal,0.2929,Low,912.4,Gold
12631,57,1,640.5,20.661290322580644,236,6.463809184055691,3.075526811478146,5.4680601411351315,0,1,Loyal,0.4403,Medium,444.54,Silver
12633,59,4,2163.98,21.425544554455445,1162,7.680166402518632,3.110200691014815,7.0587581525186645,0,1,Loyal,0.1374,Low,1866.86,Platinum
12635,90,2,1689.18,16.724554455445546,1172,7.432590311121191,2.874950935597076,7.067319848653476,0,1,Loyal,0.2414,Low,1490.42,Gold
12637,67,8,6002.9,15.714397905759162,2994,8.70016453705169,2.8162704980302924,8.00469951054955,0,2,High-Value,0.0173,Low,4391.64,Platinum
12638,33,1,671.69,17.222820512820515,577,6.511284599453549,2.902674682969625,6.359573868672378,0,1,Loyal,0.3778,Low,837.41,Gold
12639,239,1,486.1,22.095454545454547,201,6.188469440812497,3.1396358252413705,5.308267697401205,1,0,At-Risk,0.4737,Medium,395.31,Silver
12640,24,3,1174.58,22.16188679245283,311,7.06951692181073,3.142508117108968,5.7430031878094825,0,1,Loyal,0.2091,Low,715.96,Gold
12641,115,1,185.9,18.59,72,5.230573714461517,2.9750192319564492,4.290459441148391,1,1,Loyal,0.6683,Medium,147.7,Bronze
12642,25,3,1013.26,21.55872340425532,552,6.9219145615400475,3.1161218383379605,6.315358001522335,0,1,Loyal,0.2607,Low,956.74,Gold
12643,128,6,3344.64,139.36,1808,8.11541328460481,4.944210550715014,7.500529485395295,1,2,High-Value,0.3205,Low,2672.01,Platinum
12644,130,1,477.91,15.416451612903227,325,6.171512688316606,2.798283979142555,5.786897381366708,1,1,Loyal,0.5374,Medium,402.71,Silver
12645,34,4,1775.18,24.31753424657534,1084,7.482220269767765,3.231497208907316,6.98933526597456,0,1,Loyal,0.152,Low,1837.15,Platinum
12646,5,2,1346.97,29.932666666666663,897,7.206355036031724,3.4318127991676657,6.8001700683022,0,1,Loyal,0.3463,Low,1249.53,Gold
12647,22,12,3722.82,30.76710743801653,1431,8.222505302105255,3.4584313971743756,7.266827347520591,0,2,High-Value,0.0477,Low,3194.76,Platinum
12648,155,1,318.05,15.145238095238096,160,5.765347830314356,2.7816251514064283,5.081404364984463,1,0,At-Risk,0.5764,Medium,255.13,Bronze
12649,107,3,623.51,20.113225806451613,586,6.4369673422476765,3.049899659586897,6.375024819828097,1,1,Loyal,0.5117,Medium,894.15,Gold
12650,3,1,314.44,15.722,254,5.753968489569372,2.8167252177278663,5.541263545158426,0,1,Loyal,0.4657,Medium,354.28,Silver
12651,335,1,114.0,12.666666666666666,78,4.74493212836325,2.614959778036198,4.3694478524670215,1,0,At-Risk,0.6937,Medium,130.6,Bronze
12652,331,1,919.98,19.16625,505,6.82543832049292,3.0040104149982167,6.226536669287466,1,0,At-Risk,0.4101,Medium,1019.55,Gold
12653,149,2,2209.85,51.391860465116274,919,7.701132335950876,3.958751244626137,6.824373670043086,1,1,Loyal,0.3417,Low,1374.94,Gold
12654,11,5,601.98,15.841578947368422,264,6.401884028681278,2.8238507661390404,5.579729825986222,0,1,Loyal,0.2685,Low,598.42,Silver
12656,17,5,4051.17,32.152142857142856,1723,8.30700781907883,3.5011073557838284,7.452402451223638,0,2,High-Value,0.0727,Low,3121.29,Platinum
12657,11,4,1643.18,34.961276595744685,1044,7.4049970586737315,3.582442709411133,6.951772164398911,0,1,Loyal,0.1741,Low,1785.45,Platinum
12658,19,1,686.05,19.056944444444444,320,6.532407069777784,2.998575450116464,5.771441123130016,0,1,Loyal,0.4024,Medium,523.17,Silver
12659,30,1,91.68,18.336,105,4.529152699564175,2.961968643401182,4.663439094112067,0,1,Loyal,0.6102,Medium,211.3,Bronze
12660,11,1,245.1,18.853846153846153,127,5.50573795739701,2.9883977492630316,4.852030263919617,0,1,Loyal,0.6092,Medium,287.64,Bronze
12662,1,11,3849.78,16.73817391304348,2058,8.256031004164345,2.875719035452565,7.629975707027789,0,2,High-Value,0.0167,Low,3392.99,Platinum
12664,8,9,4881.88,131.94270270270272,1203,8.49349048870337,4.889918228651271,7.093404625868766,0,2,High-Value,0.0561,Low,3854.78,Platinum
12665,325,1,63.0,21.0,37,4.1588830833596715,3.091042453358316,3.6375861597263857,1,0,At-Risk,0.7906,High,106.77,Bronze
12667,58,1,620.13,18.791818181818183,395,6.431540399799522,2.9852686291597847,5.981414211254481,0,1,Loyal,0.404,Medium,627.54,Silver
12668,12,4,3807.15,23.64689440993789,1634,8.244898785891763,3.204650905125162,7.399398083331354,0,2,High-Value,0.1431,Low,3065.3,Platinum
12669,151,3,2744.0299999999997,27.168613861386135,1115,7.917547282845659,3.3382083744790414,7.017506142941256,1,1,Loyal,0.3547,Low,1518.64,Gold
12670,10,5,2996.05,32.56576086956522,1397,8.005383750527514,3.5135065256743867,7.242797922793756,0,2,High-Value,0.0917,Low,2477.47,Platinum
12672,330,1,225.9,22.589999999999996,78,5.424509391785796,3.1608228934195837,4.3694478524670215,1,0,At-Risk,0.6189,Medium,201.86,Bronze
12673,5,2,610.52,14.536190476190477,351,6.415947661051908,2.7431721717847335,5.863631175598097,0,1,Loyal,0.3042,Low,613.1,Silver
12674,39,4,1970.6,23.742168674698792,1133,7.586600674831223,3.2085090217603325,7.033506484287697,0,1,Loyal,0.1278,Low,1812.99,Platinum
12676,25,6,1331.39,29.58644444444445,670,7.194729601037682,3.420556918796767,6.508769136971682,0,1,Loyal,0.1192,Low,1490.6,Gold
12678,42,12,17628.46,106.83915151515151,10923,9.7773266453142,4.680640779135562,9.298717482593595,0,2,High-Value,0.0174,Low,13859.07,Platinum
12679,59,4,1113.02,23.187916666666663,554,7.015730373647435,3.18585319717048,6.318968113746434,0,1,Loyal,0.1824,Low,1038.14,Gold
12680,1,4,862.81,16.592499999999998,443,6.761352837213469,2.8674726748585666,6.095824562432225,0,1,Loyal,0.1722,Low,868.31,Gold
12681,15,22,13787.54,21.610564263322885,7536,9.531593091360708,3.1184172423395036,8.92757950384347,0,2,High-Value,0.0008,Low,12260.93,Platinum
12682,4,31,12279.82,23.434770992366413,5555,9.415793974716063,3.1960071585630536,8.622633703874234,0,2,High-Value,0.0007,Low,10937.53,Platinum
12683,4,15,8476.57,24.641191860465117,4987,9.045179131116988,3.2442001153896185,8.514790306799927,0,2,High-Value,0.0009,Low,7926.36,Platinum
12684,8,7,2283.63,21.748857142857144,1985,7.733959364615189,3.1245149086563084,7.593877844605118,0,2,High-Value,0.0265,Low,2808.99,Platinum
12685,28,6,2863.08,18.23617834394904,1523,7.960002460651312,2.9567927947359767,7.329093736246592,0,2,High-Value,0.1145,Low,2604.65,Platinum
12686,372,1,89.14,12.734285714285717,107,4.501364017262502,2.619895313410501,4.68213122712422,1,0,At-Risk,0.6821,Medium,123.18,Bronze
12688,114,1,4873.8099999999995,28.501812865497072,3028,8.491836408313453,3.384451714525309,8.015987811027237,1,2,High-Value,0.5663,Medium,4140.66,Platinum
12689,26,2,1247.61,17.327916666666667,628,7.1297862115656185,2.9084253983636135,6.444131256700441,0,1,Loyal,0.3008,Low,1128.89,Gold
12690,206,1,389.01,24.313125,106,5.966172379820607,3.231323035919956,4.672828834461906,1,0,At-Risk,0.6239,Medium,245.92,Bronze
12691,28,6,1035.8,32.36875,394,6.94389432559801,3.507619833266359,5.978885764901122,0,1,Loyal,0.1722,Low,1008.22,Gold
12693,127,4,855.91,21.946410256410257,255,6.753332895580138,3.1331615084296303,5.545177444479562,1,1,Loyal,0.1924,Low,694.08,Gold
12694,70,2,869.67,23.504594594594593,509,6.769263030204804,3.1988606344415387,6.234410725718371,0,1,Loyal,0.3515,Low,880.39,Gold
12695,7,4,582.1,21.55925925925926,220,6.368358698228111,3.11614559183811,5.3981627015177525,0,1,Loyal,0.4392,Medium,602.06,Silver
12697,29,3,957.59,23.355853658536585,508,6.865463454791294,3.192772217292433,6.2324480165505225,0,1,Loyal,0.2464,Low,948.87,Gold
12700,8,4,4939.99,18.432798507462685,2967,8.505320994961897,2.9669622832528173,7.995643604287271,0,2,High-Value,0.0549,Low,4526.61,Platinum
12701,80,2,797.71,15.0511320754717,678,6.682997926190526,2.7757793813859,6.520621127558696,0,1,Loyal,0.2521,Low,835.29,Gold
12702,20,1,219.0,18.25,53,5.393627546352362,2.9575110607337933,3.9889840465642745,0,1,Loyal,0.5499,Medium,144.26,Bronze
12703,71,1,283.55,13.502380952380951,164,5.650908985049133,2.6743128395590707,5.10594547390058,0,1,Loyal,0.4863,Medium,229.78,Bronze
12704,7,8,2340.84,26.600454545454543,1006,7.758692224146705,3.3178322416256996,6.914730892718563,0,2,High-Value,0.0382,Low,2085.17,Platinum
12705,15,9,6868.29,20.56374251497006,3997,8.834816031986259,3.0710133170140557,8.293549515060345,0,2,High-Value,0.0113,Low,5537.35,Platinum
12707,292,1,603.42,18.285454545454545,256,6.404269320519532,2.9593511612789536,5.54907608489522,1,0,At-Risk,0.5089,Medium,460.7,Silver
12708,30,10,2712.91,17.27968152866242,1307,7.906145678459555,2.905790144028641,7.176254532017144,0,2,High-Value,0.0275,Low,2308.06,Platinum
12709,15,15,9706.52,46.891400966183575,3912,9.180656121866384,3.868935967762164,8.272059622210412,0,2,High-Value,0.0139,Low,8327.19,Platinum
12710,97,3,1149.02,14.922337662337664,851,7.047534612510416,2.767723007723117,6.747586526829315,1,1,Loyal,0.2539,Low,1192.26,Gold
12712,29,13,4396.13,33.053609022556394,1062,8.388707334356674,3.5279360188306583,6.968850378341948,0,2,High-Value,0.0352,Low,2496.41,Platinum
12713,1,1,848.55,22.330263157894738,508,6.744706797531768,3.149751365776612,6.2324480165505225,0,1,Loyal,0.3383,Low,748.46,Gold
12714,9,5,4708.86,18.18092664092664,3069,8.45741346257719,2.953916381162436,8.029432840581244,0,2,High-Value,0.0174,Low,4411.8,Platinum
12715,106,1,343.36,17.168,192,5.841687621789754,2.8996618048032574,5.262690188904886,1,1,Loyal,0.516,Medium,353.64,Silver
12716,4,2,1053.49,15.267971014492751,708,6.960812516706486,2.7891982062934986,6.5638555265321274,0,1,Loyal,0.287,Low,867.58,Gold
12717,151,2,1030.98,18.74509090909091,506,6.939234566008755,2.982904898885568,6.2285110035911835,1,1,Loyal,0.3713,Low,862.32,Gold
12718,71,1,238.25,12.539473684210526,203,5.477509030333064,2.6056093955477184,5.318119993844216,0,1,Loyal,0.4604,Medium,233.63,Bronze
12719,5,2,644.95,16.53717948717949,374,6.47072210140631,2.864323169405807,5.926926025970411,0,1,Loyal,0.3431,Low,648.29,Silver
12720,3,25,5781.73,16.332570621468925,4672,8.662631168498326,2.8525874263376125,8.449556542700426,0,2,High-Value,0.0011,Low,7002.16,Platinum
12721,32,6,2656.13,16.497701863354038,1959,7.885001871924596,2.8620695502119124,7.580699752224563,0,2,High-Value,0.03,Low,2174.72,Platinum
12722,85,4,997.63,18.82320754716981,566,6.906384339674138,2.986853349671415,6.340359303727752,0,1,Loyal,0.1927,Low,1028.21,Gold
12723,4,5,725.07,10.508260869565218,434,6.587646428909591,2.4430651139729735,6.075346031088684,0,1,Loyal,0.188,Low,909.42,Gold
12724,5,4,1031.41,19.460566037735852,445,6.9396511539657,3.0184994257192828,6.100318952020064,0,1,Loyal,0.1949,Low,967.89,Gold
12725,371,1,427.8,17.825,164,6.060990609756592,2.9351857736859572,5.10594547390058,1,0,At-Risk,0.522,Medium,337.75,Silver
12726,28,7,2609.1,21.041129032258063,3143,7.867143813759015,3.0929102094816674,8.053251153549096,0,2,High-Value,0.0184,Low,3683.16,Platinum
12727,11,7,3980.7,28.638129496402875,2098,8.2894641427604,3.38906169102772,7.649216319820633,0,2,High-Value,0.0191,Low,3640.58,Platinum
12728,71,4,836.33,18.18108695652174,419,6.7302182580203365,2.9539247392010304,6.040254711277414,0,1,Loyal,0.1718,Low,875.34,Gold
12729,114,1,453.01,17.423461538461538,233,6.118119224230488,2.9136249359982376,5.455321115357702,1,1,Loyal,0.5401,Medium,388.22,Silver
12731,24,12,18895.91,68.96317518248175,8437,9.846753695617958,4.247969034804918,9.040500592684284,0,2,High-Value,0.0174,Low,12884.14,Platinum
12732,180,1,236.26,19.688333333333336,111,5.469156586232957,3.0295699342998015,4.718498871295094,1,0,At-Risk,0.6434,Medium,258.29,Bronze
12733,234,1,383.95,17.452272727272728,137,5.953113455724059,2.9151875459501397,4.927253685157205,1,0,At-Risk,0.6603,Medium,297.6,Bronze
12734,353,1,110.4,27.6,88,4.713127327493184,3.353406717825807,4.48863636973214,1,0,At-Risk,0.637,Medium,175.73,Bronze
12735,315,2,779.5699999999999,18.12953488372093,368,6.660024422032584,2.9512334697076006,5.910796644040527,1,0,At-Risk,0.3443,Low,603.24,Silver
12736,333,1,234.0,58.5,173,5.459585514144159,4.085976312551584,5.159055299214529,1,0,At-Risk,0.6125,Medium,284.61,Bronze
12738,372,1,155.35,14.122727272727271,148,5.05209708390385,2.7161987296661154,5.003946305945459,1,0,At-Risk,0.581,Medium,209.68,Bronze
12739,78,2,1013.04,26.658947368421053,486,6.921697631104842,3.3199492694177772,6.18826412308259,0,1,Loyal,0.3664,Low,848.72,Gold
12740,64,1,427.6,15.837037037037035,342,6.060524083039477,2.8235810454141137,5.8377304471659395,0,1,Loyal,0.4012,Medium,451.29,Silver
12743,134,2,540.13,4.123129770992366,315,6.293659545728696,1.6337655356907712,5.755742213586912,1,1,Loyal,0.3649,Low,492.05,Silver
12744,52,7,21279.29,95.85265765765766,5241,9.965536571182271,4.573190830443547,8.564458383883352,0,2,High-Value,0.0401,Low,12734.44,Platinum
12747,2,11,4196.01,40.737961165048546,1275,8.342127645985029,3.7314110543862946,7.151485463904735,0,2,High-Value,0.0218,Low,2781.69,Platinum
12748,1,209,33053.19,7.491656844968269,25287,10.405903614853912,2.139084133812132,10.138085253895454,0,2,High-Value,0.001,Low,35147.05,Platinum
12749,4,5,4090.88,20.55718592964824,1471,8.316759801128319,3.0707092147783737,7.294377299288821,0,2,High-Value,0.0968,Low,2720.48,Platinum
12750,129,1,275.88,18.392,137,5.623584199327089,2.964860609886904,4.927253685157205,1,1,Loyal,0.6397,Medium,298.91,Bronze
12752,81,1,4366.78,82.3920754716981,2262,8.38201014985595,4.423553286525212,7.724446645633537,0,2,High-Value,0.332,Low,3006.1,Platinum
12753,23,6,21429.39,108.77862944162436,11421,9.972565287088774,4.698465878453032,9.343296599224807,0,2,High-Value,0.068,Low,11074.16,Platinum
12754,236,3,3010.74,47.78952380952381,6481,8.010273263812737,3.887515613778555,8.776784383701493,1,0,At-Risk,0.4902,Medium,2985.47,Platinum
12755,281,2,3811.95,952.9875,1491,8.246158446737232,6.8606505686370785,7.307872780763706,1,0,At-Risk,0.6118,Medium,1236.14,Gold
12756,87,1,112.07999999999998,28.019999999999996,144,4.72809553282539,3.3679852474560414,4.976733742420574,0,1,Loyal,0.5892,Medium,267.76,Bronze
12757,16,13,7834.650000000001,21.52376373626374,2395,8.966439112421154,3.114570917915574,7.78155595923534,0,2,High-Value,0.0015,Low,6052.69,Platinum
12758,117,2,2791.59,28.779278350515465,2135,7.934724759609325,3.393812794273041,7.666690200080086,1,1,Loyal,0.4915,Medium,3058.52,Platinum
12759,52,3,1531.44,16.12042105263158,902,7.334616515331031,2.840271964606934,6.805722553416985,0,1,Loyal,0.2096,Low,1311.21,Gold
12762,8,2,1898.52,27.51478260869565,1227,7.549356501658852,3.350422640826878,7.113142108707088,0,1,Loyal,0.2791,Low,1916.45,Platinum
12763,138,2,494.08,27.448888888888888,316,6.204719365671822,3.348109104937583,5.75890177387728,1,1,Loyal,0.5136,Medium,595.56,Silver
12764,317,1,1693.88,37.64177777777778,386,7.435367220848186,3.6543340170276086,5.958424693029782,1,0,At-Risk,0.6524,Medium,1175.85,Gold
12766,4,7,6989.63,22.547193548387096,3646,8.852325959921869,3.159006643441259,8.20166019080868,0,2,High-Value,0.0165,Low,5827.66,Platinum
12769,239,1,1143.6,35.7375,356,7.042810509975002,3.603798031745036,5.877735781779639,1,0,At-Risk,0.5039,Medium,856.93,Gold
12770,211,1,1351.45,112.62083333333334,743,7.209673041460572,4.73286688149157,6.612041034833092,1,0,At-Risk,0.53,Medium,1288.73,Gold
12772,60,1,892.47,16.226727272727274,556,6.795112758210396,2.846462088953721,6.322565239927284,0,1,Loyal,0.3704,Low,845.18,Gold
12775,17,5,1386.04,21.00060606060606,877,7.23492725912033,3.0910700011882373,6.777646593635117,0,1,Loyal,0.1002,Low,1728.16,Platinum
12778,20,6,822.23,16.4446,825,6.713235627004493,2.859030145169783,6.716594773520978,0,1,Loyal,0.1046,Low,1194.23,Gold
12779,38,8,3981.36,26.72053691275168,2024,8.289629887368429,3.322173543281009,7.613324979540639,0,2,High-Value,0.018,Low,3669.55,Platinum
12781,64,2,826.74,33.0696,671,6.718699095412067,3.52840549106976,6.51025834052315,0,1,Loyal,0.3167,Low,1103.44,Gold
12782,5,5,2330.92,22.630291262135923,1086,7.754447241564618,3.1625294170702043,6.99117688712121,0,2,High-Value,0.0877,Low,1906.1,Platinum
12783,2,6,2225.91,26.49892857142857,624,7.708370253328926,3.3141470428745636,6.437751649736401,0,2,High-Value,0.1422,Low,1655.31,Platinum
12784,9,2,532.8199999999999,9.347719298245613,280,6.280058703484731,2.3367661377716336,5.638354669333745,0,1,Loyal,0.2934,Low,480.49,Silver
12785,364,1,311.95,22.282142857142855,131,5.74604343337071,3.1476866657552898,4.882801922586371,1,0,At-Risk,0.6749,Medium,287.57,Bronze
12787,10,3,463.66,23.183,261,6.141305955347142,3.1856499069695734,5.568344503761097,0,1,Loyal,0.4072,Medium,514.75,Silver
12789,65,1,91.85,22.9625,4,4.530985287798715,3.176490108371763,1.6094379124341005,0,1,Loyal,0.6948,Medium,58.6,Bronze
12790,192,1,324.92,15.472380952380954,166,5.786651952478496,2.8016850967274207,5.117993812416755,1,0,At-Risk,0.4942,Medium,272.13,Bronze
12791,374,1,192.6,96.3,97,5.265794174842477,4.57779898919196,4.584967478670572,1,0,At-Risk,0.7172,High,196.16,Bronze
12792,257,1,400.54,16.0216,217,5.995307154825432,2.834483125777371,5.384495062789089,1,0,At-Risk,0.4743,Medium,376.18,Silver
12793,335,2,545.48,22.728333333333335,295,6.303497710423594,3.1666698333975996,5.69035945432406,1,0,At-Risk,0.4641,Medium,563.44,Silver
12794,53,2,860.41,19.12022222222222,592,6.758570581561217,3.0017253900126035,6.385194398997726,0,1,Loyal,0.3125,Low,905.54,Gold
12795,19,1,430.48,30.74857142857143,68,6.067221159507229,3.4578477299507204,4.23410650459726,0,1,Loyal,0.4968,Medium,247.13,Bronze
12797,366,1,254.03,19.540769230769232,118,5.541381185297377,3.022411654177413,4.77912349311153,1,0,At-Risk,0.6228,Medium,258.68,Bronze
12798,10,3,6977.04,872.13,5256,8.85052335403181,6.772084456551737,8.567315800819449,0,2,High-Value,0.1406,Low,7461.49,Platinum
12802,187,1,427.58,17.1032,314,6.060477418394936,2.8960887182253936,5.752572638825633,1,0,At-Risk,0.5364,Medium,461.33,Silver
12808,37,3,483.65,17.273214285714285,188,6.183426980938617,2.9054362873575603,5.241747015059643,0,1,Loyal,0.2804,Low,426.5,Silver
12809,178,1,489.31,19.5724,220,6.1950378441253156,3.0239503716279756,5.3981627015177525,1,0,At-Risk,0.557,Medium,406.89,Silver
12811,261,3,514.85,16.608064516129033,230,6.245816025546385,2.8683570082411323,5.442417710521793,1,0,At-Risk,0.4099,Medium,436.89,Silver
12812,45,1,229.64,15.309333333333337,164,5.440858053330147,2.7917375410785423,5.10594547390058,0,1,Loyal,0.4966,Medium,250.72,Bronze
12814,102,1,125.92,62.96,49,4.843556966714995,4.158257887965753,3.912023005428146,1,1,Loyal,0.6569,Medium,182.3,Bronze
12815,148,2,1063.46,22.6268085106383,379,6.970222907300612,3.162382021164799,5.940171252720432,1,1,Loyal,0.3781,Low,827.78,Gold
12816,96,2,572.2,19.731034482758623,128,6.351234695954017,3.0316318278923458,4.859812404361672,1,1,Loyal,0.5638,Medium,310.8,Silver
12817,281,1,166.04,41.51,53,5.118233304694274,3.749739342370699,3.9889840465642745,1,0,At-Risk,0.6145,Medium,195.75,Bronze
12818,262,1,1542.08,110.14857142857144,929,7.341535698070348,4.710867787683178,6.835184586147301,1,0,At-Risk,0.5499,Medium,1105.45,Gold
12820,3,4,942.34,15.97186440677966,722,6.849426769082011,2.831556938077647,6.583409222158765,0,1,Loyal,0.1379,Low,1075.48,Gold
12821,214,1,92.72,15.453333333333331,70,4.540311613639595,2.800528090929023,4.2626798770413155,1,0,At-Risk,0.6708,Medium,118.51,Bronze
12822,71,2,948.88,20.62782608695652,550,6.856335660826602,3.073980730381294,6.311734809152915,0,1,Loyal,0.3039,Low,907.15,Gold
12823,75,5,1759.5,351.9,230,7.473353138595107,5.8661847306812245,5.442417710521793,0,1,Loyal,0.1958,Low,1313.99,Gold
12824,60,1,397.12,15.8848,232,5.986753467377863,2.8264138089346886,5.4510384535657,0,1,Loyal,0.4472,Medium,371.31,Silver
12826,3,7,1474.72,16.205714285714286,1058,7.296901285267718,2.84524155455822,6.9650803456014065,0,2,High-Value,0.0387,Low,1721.81,Platinum
12827,6,3,430.15,17.206000000000003,197,6.066456057398334,2.901751210083097,5.288267030694535,0,1,Loyal,0.3044,Low,427.55,Silver
12828,3,6,1018.71,18.19125,494,6.927273552128017,2.954454445990972,6.20455776256869,0,1,Loyal,0.1372,Low,1007.46,Gold
12829,337,2,293.0,26.636363636363637,376,5.683579767338681,3.319132428607851,5.932245187448011,1,0,At-Risk,0.5475,Medium,431.81,Silver
12830,38,6,6814.64,179.33263157894737,9848,8.826975250212882,5.194803098741673,9.195125206169704,0,2,High-Value,0.0863,Low,8314.92,Platinum
12831,262,1,215.05,23.89444444444445,135,5.3755098623779425,3.2146446638959327,4.912654885736052,1,0,At-Risk,0.6099,Medium,286.5,Bronze
12832,32,2,383.03,14.186296296296296,195,5.950720674536128,2.720393461748884,5.278114659230517,0,1,Loyal,0.3027,Low,307.83,Silver
12833,145,1,417.38,17.390833333333333,156,6.0363901104609745,2.911852352072068,5.056245805348308,1,1,Loyal,0.555,Medium,338.53,Silver
12834,283,1,312.38,17.354444444444443,110,5.7474165116762626,2.9098717492308297,4.709530201312334,1,0,At-Risk,0.6883,Medium,260.96,Bronze
12836,59,4,2610.36,15.002068965517244,1062,7.867626437402386,2.772718024224747,6.968850378341948,0,2,High-Value,0.1261,Low,1702.74,Platinum
12837,173,1,134.1,11.175,24,4.906015244966153,2.4993846689686534,3.218875824868201,1,0,At-Risk,0.6956,Medium,109.69,Bronze
12838,34,2,671.95,5.599583333333333,355,6.5116710326797245,1.8870065157263831,5.87493073085203,0,1,Loyal,0.2567,Low,565.6,Silver
12839,3,14,5591.42,17.80707006369427,3807,8.629167388389371,2.934232866358131,8.244859395911256,0,2,High-Value,0.0011,Low,5462.87,Platinum
12840,144,4,2726.77,24.13070796460177,1511,7.911239704558553,3.224090523247882,7.321188556739478,1,1,Loyal,0.2435,Low,2218.04,Platinum
12841,5,25,3991.58,9.641497584541062,2720,8.292192917458863,2.364761224435878,7.908754738783246,0,2,High-Value,0.0027,Low,4679.15,Platinum
12842,70,2,1118.99,32.9114705882353,547,7.0210750356778515,3.523753322588401,6.306275286948016,0,1,Loyal,0.3805,Low,938.0,Gold
12843,66,8,1702.26,16.526796116504855,781,7.440299340765267,2.863730916485288,6.661854740545311,0,2,High-Value,0.0653,Low,1419.86,Gold
12844,29,2,325.96000000000004,6.268461538461539,125,5.789837839256022,1.983544651332998,4.836281906951478,0,1,Loyal,0.4573,Medium,302.68,Bronze
12845,267,4,354.09,13.114444444444445,204,5.8723712784711255,2.64719870169915,5.3230099791384085,1,0,At-Risk,0.3869,Low,432.84,Silver
12847,22,1,843.64,10.043333333333331,873,6.738910501075306,2.401826927643695,6.773080375655535,0,1,Loyal,0.3076,Low,596.98,Silver
12849,31,2,1010.29,21.047708333333333,597,6.918982022596603,3.093208666030637,6.393590753950631,0,1,Loyal,0.3289,Low,935.35,Gold
12851,97,1,131.81,2.8044680851063832,106,4.8889195354121595,1.336176187877053,4.672828834461906,1,1,Loyal,0.3565,Low,159.73,Bronze
12852,295,1,311.55,18.326470588235296,149,5.744764456377822,2.961475689287661,5.0106352940962555,1,0,At-Risk,0.6915,Medium,301.26,Bronze
12853,135,6,1957.1,25.09102564102564,800,7.579729894309281,3.261591410028911,6.68586094706836,1,1,Loyal,0.179,Low,2007.08,Platinum
12854,79,3,1316.25,12.075688073394495,626,7.183301509089395,2.570754633682548,6.440946540632921,0,1,Loyal,0.1846,Low,964.63,Gold
12855,373,1,38.1,12.7,30,3.66612246699132,2.617395832834079,3.4339872044851463,1,0,At-Risk,0.6916,Medium,126.51,Bronze
12856,8,6,2170.78,6.98,1076,7.683302386789297,2.0769384114617173,6.981934677156389,0,2,High-Value,0.0812,Low,1738.76,Platinum
12857,211,2,1106.4,24.05217391304348,343,7.009770204388867,3.2209606067212784,5.840641657373398,1,0,At-Risk,0.3859,Low,869.14,Gold
12863,52,1,521.2,104.24,188,6.258050656265029,4.656243456172092,5.241747015059643,0,1,Loyal,0.4023,Medium,418.08,Silver
12864,138,1,147.12,49.04,216,4.998022756045412,3.9128226855987105,5.37989735354046,1,0,At-Risk,0.4499,Medium,303.32,Silver
12865,26,2,1568.23,16.507684210526318,925,7.358340332174572,2.862639882298626,6.8308742346461795,0,1,Loyal,0.3699,Low,1297.56,Gold
12866,283,1,559.12,21.504615384615384,171,6.3281510464875765,3.113720416379589,5.147494476813453,1,0,At-Risk,0.5004,Medium,332.36,Silver
12867,26,7,4009.34,7.50812734082397,4284,8.296631304736238,2.141021864412628,8.36287583103188,0,2,High-Value,0.0212,Low,4219.42,Platinum
12868,186,6,1607.0600000000002,15.0192523364486,928,7.382783762475619,2.7737912699174347,6.834108738813838,1,0,At-Risk,0.1778,Low,1571.3,Gold
12871,84,2,380.64,34.60363636363636,200,5.9444777558836455,3.5724477776875,5.303304908059076,0,1,Loyal,0.3636,Low,395.56,Silver
12872,327,2,599.97,9.090454545454548,319,6.398545016483998,2.3115898824543604,5.768320995793772,1,0,At-Risk,0.3421,Low,495.65,Silver
12873,282,1,374.0,93.5,128,5.926926025970411,4.548599834499697,4.859812404361672,1,0,At-Risk,0.6478,Medium,357.0,Silver
12875,143,2,343.2300000000001,171.61500000000004,2019,5.841310038608051,5.151063681014575,7.61085279039525,1,1,Loyal,0.7427,High,1543.21,Gold
12876,58,2,2218.02,26.09435294117647,1941,7.704820935960926,3.299325327617454,7.571473648851271,0,1,Loyal,0.3591,Low,2395.84,Platinum
12877,4,12,1535.77,9.972532467532467,1178,7.337438090181038,2.395395101567213,7.072421900537371,0,2,High-Value,0.0522,Low,2225.29,Platinum
12878,236,2,854.99,18.19127659574468,547,6.752258693830513,2.9544558318166088,6.306275286948016,1,0,At-Risk,0.3548,Low,834.01,Gold
12879,45,3,573.22,57.322,370,6.353012598149689,4.065979380665205,5.916202062607435,0,1,Loyal,0.3223,Low,723.06,Gold
12881,276,1,298.0,42.57142857142857,21,5.700443573390687,3.7744016275520984,3.091042453358316,1,0,At-Risk,0.789,High,148.05,Bronze
12882,9,2,1463.04,112.54153846153848,246,7.288955016552379,4.732168747602678,5.5093883366279774,0,1,Loyal,0.3824,Low,952.59,Gold
12883,25,4,703.47,16.749285714285715,196,6.5574457470395595,2.876345273663024,5.2832037287379885,0,1,Loyal,0.1855,Low,538.84,Silver
12884,88,1,309.05,44.15,43,5.736733574795887,3.8099902798629945,3.784189633918261,0,1,Loyal,0.6437,Medium,204.55,Bronze
12885,63,3,1175.22,16.552394366197184,655,7.0700611857921905,2.8651903717283425,6.486160788944089,0,1,Loyal,0.2443,Low,1111.12,Gold
12886,68,2,1378.4,16.809756097560978,770,7.229403900997191,2.879746402517229,6.647688373563329,0,1,Loyal,0.2969,Low,1212.71,Gold
12888,214,2,354.12,70.824,76,5.87245576052578,4.274218682039576,4.343805421853684,1,0,At-Risk,0.5835,Medium,315.16,Silver
12890,24,1,376.72,4.768607594936708,256,5.934153180394868,1.7524307333628937,5.54907608489522,0,1,Loyal,0.3346,Low,371.41,Silver
12891,186,3,331.0,110.33333333333331,950,5.805134968916488,4.712528704308591,6.85751406254539,1,0,At-Risk,0.7551,High,610.92,Silver
12893,31,1,176.55,5.695161290322581,90,5.179252259389097,1.9013850700139017,4.51085950651685,0,1,Loyal,0.5053,Medium,163.13,Bronze
12895,42,2,372.8,16.945454545454545,210,5.923720895021463,2.8873368542010107,5.351858133476067,0,1,Loyal,0.3275,Low,377.02,Silver
12897,205,2,216.5,54.125,110,5.382198850528739,4.00960333376701,4.709530201312334,1,0,At-Risk,0.3797,Low,315.25,Silver
12901,9,28,17654.54,152.19431034482758,23075,9.778804894130932,5.031707117875497,10.04654839537678,0,2,High-Value,0.0037,Low,21251.49,Platinum
12902,265,1,138.68,13.868,66,4.939354092091292,2.699211252435006,4.204692619390966,1,0,At-Risk,0.6636,Medium,119.73,Bronze
12904,18,2,496.06,6.986760563380281,294,6.208710743156108,2.077785241193704,5.68697535633982,0,1,Loyal,0.2789,Low,464.72,Silver
12906,12,5,2919.81,46.34619047619047,1749,7.979616254055095,3.857486361827134,7.46737106691756,0,2,High-Value,0.0485,Low,3033.77,Platinum
12908,176,2,750.0,375.0,1200,6.621405651764134,5.929589143389895,7.0909098220799835,1,0,At-Risk,0.7872,High,1020.78,Gold
12909,40,5,2178.67,23.941428571428577,1280,7.686928768177821,3.2165302189413696,7.155396301896734,0,2,High-Value,0.0765,Low,2121.35,Platinum
12910,23,8,3075.04,41.00053333333333,1692,8.031398334442155,3.7376823166154423,7.434257382133136,0,2,High-Value,0.0524,Low,3217.76,Platinum
12912,3,5,1662.3,69.2625,670,7.416558859796489,4.252238228328193,6.508769136971682,0,1,Loyal,0.177,Low,1617.66,Gold
12913,5,5,2483.63,49.6726,1419,7.817879034084852,3.925385330585039,7.258412150595307,0,2,High-Value,0.119,Low,2495.99,Platinum
12915,149,2,363.65,16.529545454545453,93,5.898937989430242,2.863887769021692,4.543294782270004,1,0,At-Risk,0.5171,Medium,261.15,Bronze
12916,139,4,2944.95,28.59174757281553,1083,7.988186624712898,3.3874955242428757,6.988413181999592,1,2,High-Value,0.2729,Low,1901.83,Platinum
12917,128,1,594.0,297.0,120,6.38856140554563,5.697093486505405,4.795790545596741,1,1,Loyal,0.7144,High,540.82,Silver
12919,8,6,1335.19,26.7038,673,7.197577559553778,3.321569587899936,6.513230110912307,0,1,Loyal,0.1129,Low,1632.0,Platinum
12920,17,1,162.78,6.028888888888889,128,5.098524063842042,1.9500286405412832,4.859812404361672,0,1,Loyal,0.5101,Medium,170.94,Bronze
12921,9,37,16587.09,23.037625,9526,9.716440246960428,3.1796203111093853,9.16188515170678,0,2,High-Value,0.0005,Low,13583.15,Platinum
12922,161,1,405.38,14.477857142857143,370,6.007288682454868,2.7394104311156067,5.916202062607435,1,0,At-Risk,0.4024,Medium,431.49,Silver
12923,64,1,172.82,6.172142857142857,68,5.158020281009314,1.9702044742760865,4.23410650459726,0,1,Loyal,0.5283,Medium,138.47,Bronze
12924,88,4,933.7,31.123333333333335,481,6.840225622188537,3.469582661195086,6.1779441140506,0,1,Loyal,0.2075,Low,1002.68,Gold
12925,5,2,694.05,15.423333333333332,541,6.5439837854231016,2.798703087887762,6.295266001439646,0,1,Loyal,0.2897,Low,741.62,Gold
12928,35,5,2062.7000000000003,24.555952380952384,1472,7.632255767200078,3.240870259416729,7.29505641646263,0,2,High-Value,0.0803,Low,2532.58,Platinum
12929,312,1,117.85,14.73125,37,4.777862193806203,2.755649179901489,3.6375861597263857,1,0,At-Risk,0.8219,High,106.18,Bronze
12930,78,2,415.8,16.632,252,6.032606490439157,2.869715432970504,5.53338948872752,0,1,Loyal,0.3576,Low,504.42,Silver
12931,22,15,42055.96,512.8775609756098,28004,10.646780168946004,6.241985028860423,10.240138344643931,0,2,High-Value,0.0194,Low,42175.21,Platinum
12933,24,3,607.53,5.7314150943396225,499,6.411046212773516,1.9067853881717811,6.214608098422191,0,1,Loyal,0.1822,Low,710.75,Gold
12935,2,7,2160.7,16.749612403100773,1853,7.678650228164007,2.876363679237979,7.5251007461258,0,2,High-Value,0.0289,Low,2573.67,Platinum
12936,17,4,1063.9,17.15967741935484,559,6.970636177021338,2.8992036097639935,6.327936783729195,0,1,Loyal,0.1804,Low,1027.76,Gold
12937,15,4,1504.27,12.535583333333332,1007,7.316727563085719,2.6053220202781895,6.915723448631314,0,1,Loyal,0.1234,Low,1291.48,Gold
12938,26,1,114.14,12.682222222222222,140,4.7461487792476635,2.6160973421468445,4.948759890378168,0,1,Loyal,0.5414,Medium,159.08,Bronze
12939,64,8,11581.8,246.42127659574467,4876,9.357276518099342,5.511092457051738,8.492285555710053,0,2,High-Value,0.0747,Low,10011.15,Platinum
12940,55,2,899.69,9.371770833333334,404,6.803161136252212,2.3390877726900707,6.003887067106539,0,1,Loyal,0.2523,Low,681.75,Gold
12942,131,3,675.6,9.651428571428571,198,6.517080256346608,2.3656940213220223,5.293304824724492,1,1,Loyal,0.4563,Medium,370.8,Silver
12944,36,2,604.51,20.150333333333332,289,6.406071078133402,3.0516556658093847,5.66988092298052,0,1,Loyal,0.3705,Low,605.62,Silver
12945,288,1,462.95,20.128260869565217,165,6.139776787799188,3.05061152202033,5.111987788356544,1,0,At-Risk,0.5352,Medium,342.35,Silver
12947,144,6,1603.99,16.535979381443298,1165,7.380872805015112,2.86425473498043,7.061334366910438,1,1,Loyal,0.1603,Low,1794.12,Platinum
12948,16,7,2064.95,17.801293103448273,1080,7.63334544803145,2.933925649568836,6.985641817639208,0,2,High-Value,0.0331,Low,1891.06,Platinum
12949,31,8,4167.22,19.382418604651164,2381,8.335244365149629,3.01467269615317,7.775695749915245,0,2,High-Value,0.0124,Low,3871.23,Platinum
12950,2,3,1843.0,80.1304347826087,1380,7.519692404116539,4.39605816547814,7.2305631534092925,0,1,Loyal,0.1995,Low,2060.94,Platinum
12951,9,6,1064.07,16.89,503,6.970795803683085,2.884241897520628,6.222576268071369,0,1,Loyal,0.1343,Low,1195.57,Gold
12952,6,4,1387.79,17.566962025316457,653,7.236188143419333,2.92138376614487,6.483107351457199,0,1,Loyal,0.1738,Low,1175.55,Gold
12953,10,1,329.85,19.40294117647059,84,5.801665100458068,3.0156790657750943,4.442651256490317,0,1,Loyal,0.6302,Medium,222.04,Bronze
12955,1,11,4757.16,26.428666666666665,3664,8.46761631787212,3.311588695188662,8.206583614320753,0,2,High-Value,0.0035,Low,5672.52,Platinum
12956,306,1,108.07,5.687894736842105,34,4.691989877940651,1.9002991365500024,3.5553480614894135,1,0,At-Risk,0.7596,High,109.21,Bronze
12957,10,8,4017.54,16.880420168067225,2549,8.298673931566155,2.8837062688018817,7.843848638152472,0,2,High-Value,0.0105,Low,3574.49,Platinum
12962,7,2,266.39,16.649375,129,5.588708266810736,2.870700371987457,4.867534450455582,0,1,Loyal,0.4295,Medium,290.09,Bronze
12963,8,8,1856.63,19.54347368421053,881,7.527056760684021,3.022543308225453,6.782192056006791,0,2,High-Value,0.053,Low,1822.23,Platinum
12965,89,1,769.8100000000001,7.1278703703703705,282,6.647441909990047,2.095298942181679,5.645446897643238,0,1,Loyal,0.2988,Low,452.03,Silver
12966,10,1,160.18,16.018,75,5.0825217528963655,2.8342716074273655,4.330733340286331,0,1,Loyal,0.6413,Medium,173.67,Bronze
12967,358,2,1660.9,87.41578947368421,438,7.415716805133478,4.482050567649728,6.0844994130751715,1,0,At-Risk,0.5111,Medium,552.6,Silver
12968,112,1,135.95,27.19,73,4.919615895709087,3.338967305126021,4.30406509320417,1,1,Loyal,0.668,Medium,139.75,Bronze
12970,7,4,405.47,3.1431782945736435,268,6.00751012552645,1.421463197306534,5.594711379601839,0,1,Loyal,0.2052,Low,512.41,Silver
12971,4,86,11189.91,36.68822950819672,9289,9.32285712060894,3.6293478310681366,9.136693831807884,0,2,High-Value,0.0012,Low,13318.2,Platinum
12974,198,1,144.8,18.1,24,4.982235819574558,2.9496883350525844,3.218875824868201,1,0,At-Risk,0.6075,Medium,110.09,Bronze
12976,212,1,738.6,33.57272727272727,561,6.60610949951297,3.543065142135843,6.331501849893691,1,0,At-Risk,0.4487,Medium,757.53,Gold
12977,156,1,39.239999999999995,4.359999999999999,12,3.694861525791483,1.6789639750827106,2.5649493574615367,1,0,At-Risk,0.6679,Medium,30.19,Bronze
12980,158,9,7374.900000000001,368.745,886,8.905973207660795,5.912813578849038,6.787844982309579,1,2,High-Value,0.645,Medium,5490.92,Platinum
12981,30,2,372.22,18.610999999999997,242,5.922168058105325,2.976090633298702,5.493061443340548,0,1,Loyal,0.3186,Low,483.81,Silver
12982,243,1,390.54,13.947857142857144,288,5.970087681348397,2.70456795463732,5.666426688112432,1,0,At-Risk,0.4848,Medium,297.64,Bronze
12984,19,1,97.5,24.375,26,4.590056548178043,3.2337644373619514,3.295836866004329,0,1,Loyal,0.5747,Medium,83.23,Bronze
12985,1,2,1239.38,16.30763157894737,1533,7.123173063265281,2.851147535964798,7.335633981927201,0,1,Loyal,0.1977,Low,1587.94,Gold
12987,74,2,558.7,19.95357142857143,219,6.327400925897314,3.0423091057566105,5.393627546352362,0,1,Loyal,0.4496,Medium,404.17,Silver
12988,292,1,505.82,6.094216867469879,126,6.228155910967461,1.959279926432494,4.844187086458591,1,0,At-Risk,0.6919,Medium,263.01,Bronze
12989,3,15,6924.110000000001,108.18921875,2943,8.842909215405916,4.6930823290411325,7.987524479848767,0,2,High-Value,0.0062,Low,6614.21,Platinum
12990,31,3,409.5,31.5,200,6.017375928892483,3.481240089335692,5.303304908059076,0,1,Loyal,0.3425,Low,454.73,Silver
12991,23,2,503.76,16.25032258064516,405,6.22408306878471,2.8478308436297755,6.0063531596017325,0,1,Loyal,0.2945,Low,686.57,Gold
12993,23,4,414.76,15.361481481481482,240,6.030108170700187,2.7949298821775153,5.484796933490655,0,1,Loyal,0.3605,Low,553.51,Silver
12994,4,3,974.42,15.97409836065574,459,6.882868147474188,2.8316885563142313,6.131226489483141,0,1,Loyal,0.2018,Low,815.1,Gold
12995,85,1,211.32,70.44,108,5.358094570583897,4.268857936568244,4.6913478822291435,0,1,Loyal,0.5923,Medium,291.68,Bronze
12997,22,4,1226.89,20.794745762711862,664,7.113052528147638,3.0816689206859524,6.499787040655854,0,1,Loyal,0.1885,Low,1247.05,Gold
12999,196,3,455.88,16.28142857142857,342,6.124420774356607,2.8496324319164437,5.8377304471659395,1,0,At-Risk,0.4124,Medium,581.33,Silver
13000,107,3,534.85,17.253225806451614,379,6.283854271159006,2.9043418209268044,5.940171252720432,1,1,Loyal,0.4223,Medium,666.1,Gold
13001,4,13,9785.97,29.038486646884277,5490,9.18880718813043,3.4024794476936435,8.610865667278873,0,2,High-Value,0.0014,Low,9409.29,Platinum
13002,318,1,120.95,17.27857142857143,73,4.803611124661929,2.9057294135504845,4.30406509320417,1,0,At-Risk,0.6418,Medium,157.53,Bronze
13003,106,3,149.05,24.84166666666667,103,5.010968571886377,3.251988176318403,4.6443908991413725,1,1,Loyal,0.603,Medium,231.8,Bronze
13004,12,18,5655.91,13.999777227722772,4822,8.640633085723934,2.708035349506777,8.481151420068972,0,2,High-Value,0.001,Low,6924.61,Platinum
13005,174,2,513.7,19.75769230769231,172,6.243584206658709,3.032916891603115,5.153291594497779,1,0,At-Risk,0.493,Medium,368.12,Silver
13006,56,1,81.57,20.3925,55,4.413646418429337,3.063040393310073,4.02535169073515,0,1,Loyal,0.5878,Medium,137.35,Bronze
13008,323,1,229.46999999999997,16.390714285714285,175,5.440120702122399,2.8559364020318165,5.170483995038151,1,0,At-Risk,0.5271,Medium,295.84,Bronze
13011,372,1,50.55,16.85,13,3.942552210462969,2.8820035082256483,2.6390573296152584,1,0,At-Risk,0.8343,High,52.07,Bronze
13012,9,8,1646.84,18.71409090909091,820,7.407220618377492,2.981333654630145,6.710523109452428,0,2,High-Value,0.0468,Low,1620.29,Gold
13013,1,13,4810.9400000000005,21.967762557077627,2224,8.478855608188903,3.1340916047767164,7.707512194600341,0,2,High-Value,0.0036,Low,4735.84,Platinum
13014,11,10,3466.2799999999997,31.800733944954125,905,8.151125703889235,3.4904508915103034,6.80903930604298,0,2,High-Value,0.0447,Low,2511.09,Platinum
13015,53,5,3339.64,19.08365714285714,1609,8.113917684381065,2.999906406868467,7.383989457978509,0,2,High-Value,0.1296,Low,2480.86,Platinum
13016,73,3,789.89,16.806170212765956,527,6.673158893621945,2.8795450383984975,6.269096283706261,0,1,Loyal,0.2309,Low,893.32,Gold
13017,7,1,204.0,204.0,48,5.3230099791384085,5.3230099791384085,3.8918202981106265,0,1,Loyal,0.59,Medium,211.44,Bronze
13018,16,28,7277.7,15.890174672489085,5435,8.892707553816384,2.826732072535865,8.600798775271034,0,2,High-Value,0.0011,Low,8369.05,Platinum
13021,4,9,2616.38,19.97236641221374,1352,7.869929096421559,3.043205686053644,7.210079628170788,0,2,High-Value,0.0293,Low,2475.62,Platinum
13023,64,2,689.9,17.2475,286,6.537995095494749,2.90402808434365,5.659482215759621,0,1,Loyal,0.3229,Low,593.18,Silver
13026,1,5,975.36,24.384,1620,6.883831370862763,3.234119054280894,7.390798521735676,0,1,Loyal,0.1079,Low,1426.43,Gold
13027,114,6,6912.0,265.84615384615387,17280,8.841158975945264,5.586672289508213,9.757362911053992,1,2,High-Value,0.5154,Medium,12375.02,Platinum
13028,23,2,661.3199999999999,14.695999999999998,798,6.49574882283055,2.7534059028230073,6.683360945766275,0,1,Loyal,0.226,Low,707.9,Gold
13029,31,3,1247.5,124.75,134,7.129698109719828,4.8342958089798485,4.90527477843843,0,1,Loyal,0.2898,Low,905.49,Gold
13030,11,2,752.4399999999999,8.178695652173912,348,6.6246493864952445,2.2168851087174173,5.855071922202427,0,1,Loyal,0.2309,Low,631.5,Silver
13032,52,2,1010.18,14.227887323943662,375,6.918873244715984,2.7231284392246637,5.929589143389895,0,1,Loyal,0.3324,Low,656.75,Gold
13033,357,1,190.55,17.322727272727274,83,5.255148871146658,2.908142216764804,4.430816798843313,1,0,At-Risk,0.6649,Medium,212.97,Bronze
13034,55,2,642.77,17.372162162162162,369,6.467341519456512,2.910836593017351,5.91350300563827,0,1,Loyal,0.3296,Low,654.65,Silver
13035,74,2,921.88,34.1437037037037,644,6.827499215216475,3.559445475716691,6.4692503167957724,0,1,Loyal,0.3594,Low,1098.02,Gold
13037,138,3,881.07,18.355625,431,6.782271417936915,2.9629830749058272,6.068425588244111,1,1,Loyal,0.2756,Low,794.17,Gold
13038,80,3,908.46,32.445,360,6.812851016782114,3.5099022985703714,5.8888779583328805,0,1,Loyal,0.2521,Low,806.56,Gold
13040,9,2,676.99,15.743953488372092,355,6.519132538569087,2.8180372073311983,5.87493073085203,0,1,Loyal,0.2915,Low,640.47,Silver
13043,273,1,516.42,39.72461538461538,254,6.248854923817375,3.706832710235173,5.541263545158426,1,0,At-Risk,0.5927,Medium,429.12,Silver
13044,291,1,560.47,16.983939393939394,429,6.330558344434147,2.8894791037066807,6.063785208687608,1,0,At-Risk,0.453,Medium,645.04,Silver
13045,99,1,305.28000000000003,16.96,221,5.724499716244923,2.8881470628740535,5.402677381872279,1,1,Loyal,0.5145,Medium,373.3,Silver
13046,31,2,629.31,17.980285714285714,264,6.446211761854101,2.9434008465081907,5.579729825986222,0,1,Loyal,0.3642,Low,562.94,Silver
13047,32,10,3237.54,18.822906976744186,1391,8.082877889943946,2.986838187003938,7.238496840894365,0,2,High-Value,0.0313,Low,2535.04,Platinum
13048,14,4,1819.41,13.477111111111112,1228,7.506817029425575,2.672568858151856,7.113956109566034,0,1,Loyal,0.1138,Low,1565.37,Gold
13049,64,2,656.6800000000001,46.90571428571429,268,6.488718490843878,3.869234793454349,5.594711379601839,0,1,Loyal,0.3426,Low,663.17,Gold
13050,15,17,5836.86,14.483523573200992,3748,8.672119570311168,2.739776463267666,8.229244416735913,0,2,High-Value,0.001,Low,5741.04,Platinum
13052,212,1,348.15000000000003,19.34166666666667,222,5.8555016292920445,3.012671327610914,5.407171771460119,1,0,At-Risk,0.5414,Medium,407.19,Silver
13055,78,3,1214.41,15.97907894736842,894,7.102836747411359,2.8319819360296683,6.796823718274855,0,1,Loyal,0.1923,Low,1306.84,Gold
13058,25,3,271.40000000000003,33.925000000000004,52,5.607271574275358,3.5532029051430256,3.970291913552122,0,1,Loyal,0.2816,Low,226.0,Bronze
13059,250,1,183.4,22.925,35,5.2171073111224935,3.174923937339018,3.58351893845611,1,0,At-Risk,0.7325,High,116.68,Bronze
13060,254,1,307.53,20.502,123,5.731819083350057,3.0681459540630365,4.820281565605037,1,0,At-Risk,0.6781,Medium,282.84,Bronze
13061,72,1,248.61,24.861,107,5.519899699795292,3.252736042356303,4.68213122712422,0,1,Loyal,0.6169,Medium,242.46,Bronze
13062,191,1,346.98,31.543636363636367,343,5.85214500685857,3.4825818461199836,5.840641657373398,1,0,At-Risk,0.5875,Medium,656.14,Gold
13064,13,4,1105.59,16.258676470588235,514,7.009038493734221,2.8483150008256337,6.244166900663736,0,1,Loyal,0.1807,Low,997.7,Gold
13065,373,1,205.86,14.704285714285716,74,5.3320422359496575,2.7539336505354592,4.31748811353631,1,0,At-Risk,0.6697,Medium,157.25,Bronze
13066,24,2,470.8,9.808333333333334,322,6.1565551669735745,2.3803174415343977,5.777652323222656,0,1,Loyal,0.2862,Low,488.85,Silver
13067,82,1,115.46,7.697333333333334,32,4.757547866408974,2.16301646526574,3.49650756146648,0,1,Loyal,0.8056,High,103.31,Bronze
13068,10,2,344.0,172.0,200,5.84354441703136,5.153291594497779,5.303304908059076,0,1,Loyal,0.375,Low,435.64,Silver
13069,1,24,4431.44,10.451509433962263,5873,8.396705501477726,2.4381215496053104,8.678291111758565,0,2,High-Value,0.0065,Low,6760.65,Platinum
13070,192,1,228.8,25.422222222222224,110,5.437209365414655,3.274205406920462,4.709530201312334,1,0,At-Risk,0.6279,Medium,266.11,Bronze
13072,267,1,177.15,25.307142857142857,69,5.182625892051845,3.269840493835761,4.248495242049359,1,0,At-Risk,0.6546,Medium,161.31,Bronze
13075,130,1,919.61,41.80045454545455,485,6.825036493805135,3.7565487227522576,6.186208623900494,1,1,Loyal,0.4391,Medium,809.11,Gold
13077,1,4,728.02,6.558738738738739,862,6.5917011664745795,2.0227043427730185,6.760414691083428,0,1,Loyal,0.0763,Low,937.73,Gold
13078,3,26,12627.94,35.27357541899441,5630,9.443746284664895,3.5910895262966696,8.636042325254618,0,2,High-Value,0.0015,Low,10123.94,Platinum
13079,4,5,220.1,36.68333333333334,62,5.3986150878634005,3.6292179100558695,4.143134726391533,0,1,Loyal,0.2414,Low,210.35,Bronze
13080,179,1,58.08,9.68,120,4.078892457663179,2.3683728335320486,4.795790545596741,1,0,At-Risk,0.5761,Medium,95.26,Bronze
13081,12,11,28337.38,27.67322265625,19068,10.251972348590336,3.355963678749201,9.855819258834629,0,2,High-Value,0.0157,Low,31181.99,Platinum
13082,126,9,3613.63,49.50178082191781,4324,8.192744778040643,3.9220085994599136,8.37216741936598,1,2,High-Value,0.4801,Medium,5035.27,Platinum
13083,4,2,303.75,16.875,187,5.719491768361381,2.883403088580071,5.236441962829949,0,1,Loyal,0.3321,Low,335.1,Silver
13085,158,2,416.08,18.91272727272727,216,6.0332780499213925,2.9913590887417683,5.37989735354046,1,0,At-Risk,0.4809,Medium,389.25,Silver
13089,3,97,58762.08,32.393649393605294,31025,10.98126904552405,3.5083657439881404,10.342580841624276,0,2,High-Value,0.0015,Low,55848.61,Platinum
13090,9,14,8910.82,57.48916129032258,2263,9.09513376447656,4.068841459983388,7.724888439323074,0,2,High-Value,0.0529,Low,7523.13,Platinum
13091,28,1,345.82,16.467619047619046,466,5.848805913370403,2.8603488267994632,6.1463292576688975,0,1,Loyal,0.4425,Medium,631.6,Silver
13092,71,5,477.83,19.1132,279,6.171345628362577,3.001376315939076,5.634789603169249,0,1,Loyal,0.3618,Low,622.4,Silver
13093,276,8,7832.47,49.260817610062894,3961,8.966160858120457,3.9172257995928175,8.284504227258497,1,2,High-Value,0.404,Medium,6146.91,Platinum
13094,21,12,1927.32,80.305,1716,7.564404436501881,4.398207515277686,7.448333860897476,0,2,High-Value,0.0823,Low,4465.17,Platinum
13095,71,1,74.39999999999999,12.4,144,4.32280727501391,2.5952547069568657,4.976733742420574,0,1,Loyal,0.4863,Medium,173.54,Bronze
13097,33,10,6003.22,14.259429928741094,2360,8.70021783432055,2.725197667933158,7.766840537085513,0,2,High-Value,0.0033,Low,3908.53,Platinum
13098,1,28,28882.44,50.49377622377622,15968,10.271023699486712,3.941460950342975,9.678404621840867,0,2,High-Value,0.0459,Low,29300.36,Platinum
13099,99,1,207.36,207.36,288,5.33926735287699,5.33926735287699,5.666426688112432,1,1,Loyal,0.618,Medium,332.1,Silver
13101,234,1,101.19,12.64875,113,4.626833825624118,2.6136479423461387,4.736198448394496,1,0,At-Risk,0.7022,High,135.16,Bronze
13102,1,24,6424.09,21.131875,4204,8.767965917447414,3.0970188770893157,8.344029572407049,0,2,High-Value,0.0009,Low,6781.92,Platinum
13103,40,1,243.94,30.4925,82,5.501013282593141,3.449749422244321,4.418840607796598,0,1,Loyal,0.6151,Medium,230.05,Bronze
13104,3,6,1098.48,54.924,504,7.0025926197429715,4.023993626125578,6.22455842927536,0,1,Loyal,0.1493,Low,1237.1,Gold
13106,133,1,76.5,76.5,18,4.350277936359301,4.350277936359301,2.9444389791664403,1,0,At-Risk,0.9243,High,106.45,Bronze
13107,44,4,1531.62,26.407241379310346,1293,7.334733968170588,3.310807262393618,7.165493475060845,0,1,Loyal,0.1549,Low,1864.61,Platinum
13108,373,1,350.06,35.006,298,5.8609571490281995,3.583685591235431,5.700443573390687,1,0,At-Risk,0.6015,Medium,373.14,Silver
13109,60,2,786.54,16.734893617021275,520,6.668914163060628,2.875534089731207,6.255750041753367,0,1,Loyal,0.3277,Low,857.78,Gold
13110,31,7,1488.67,10.266689655172414,388,7.306309897899894,2.4218505542187003,5.963579343618446,0,1,Loyal,0.0734,Low,1139.1,Gold
13113,1,24,12245.96,61.2298,3045,9.41303302190997,4.130833984691983,8.021584533455107,0,2,High-Value,0.0457,Low,9611.42,Platinum
13115,12,4,2294.78,19.12316666666667,1567,7.738827934033211,3.001871721846527,7.357556200910353,0,2,High-Value,0.2401,Low,2562.37,Platinum
13116,138,1,501.14,16.704666666666665,291,6.218878965272838,2.873828258313304,5.676753802268282,1,1,Loyal,0.5275,Medium,417.35,Silver
13117,22,8,984.91,12.959342105263158,945,6.893565072546089,2.6361489690935622,6.852242569051878,0,1,Loyal,0.0377,Low,1584.61,Gold
13118,20,5,1197.81,15.162151898734177,410,7.089084677082725,2.7826722062780527,6.018593214496234,0,1,Loyal,0.1302,Low,933.86,Gold
13120,239,1,30.6,30.6,12,3.4531571205928664,3.4531571205928664,2.5649493574615367,1,0,At-Risk,0.6925,Medium,40.68,Bronze
13121,269,1,283.73,5.674600000000001,252,5.6515413628105104,1.8983092773971,5.53338948872752,1,0,At-Risk,0.3733,Low,331.47,Silver
13122,94,2,922.39,16.77072727272727,585,6.828051680471256,2.877552568325543,6.373319789577012,1,1,Loyal,0.3645,Low,895.52,Gold
13124,90,3,3756.33,16.920405405405404,2119,8.231463877756003,2.8859400303603846,7.659171367666058,0,2,High-Value,0.1305,Low,2898.89,Platinum
13126,5,8,2099.64,14.997428571428571,2143,7.6499973391858,2.772427995038142,7.670428522190693,0,2,High-Value,0.022,Low,2808.42,Platinum
13127,78,1,259.17,17.278000000000002,127,5.561335263505108,2.90569815085001,4.852030263919617,0,1,Loyal,0.6462,Medium,286.57,Bronze
13130,94,1,64.0,32.0,32,4.174387269895637,3.49650756146648,3.49650756146648,1,1,Loyal,0.7125,High,95.6,Bronze
13131,23,3,1073.3,24.393181818181816,447,6.979424565672496,3.234480705635031,6.104793232414985,0,1,Loyal,0.2285,Low,901.28,Gold
13132,262,1,77.3,25.766666666666666,20,4.360547602996758,3.287157332284606,3.044522437723423,1,0,At-Risk,0.8313,High,100.23,Bronze
13133,274,2,109.8,15.685714285714283,32,4.707726774313183,2.814552921338813,3.49650756146648,1,0,At-Risk,0.6872,Medium,108.24,Bronze
13134,86,4,1793.58,18.301836734693875,1059,7.492526290257112,2.9602002589834098,6.966024187106113,0,1,Loyal,0.1292,Low,1562.36,Gold
13135,197,1,3096.0,3096.0,4300,8.038189179973203,8.038189179973203,8.366602832783736,1,0,At-Risk,0.7112,High,3311.7,Platinum
13136,56,5,2607.61,20.53236220472441,1328,7.866572791402729,3.0695570222516553,7.192182058713246,0,2,High-Value,0.0721,Low,2092.6,Platinum
13137,11,8,3603.29,5.244963609898107,2204,8.189880081639725,1.8317753164825985,7.698482787880947,0,2,High-Value,0.0215,Low,2995.56,Platinum
13138,22,6,962.39,15.276031746031746,473,6.870458314237744,2.789693580618725,6.161207321695077,0,1,Loyal,0.1558,Low,935.69,Gold
13139,16,7,5064.94,29.79376470588235,2425,8.530294986827844,3.4273122248706422,7.793999089503996,0,2,High-Value,0.0195,Low,4292.13,Platinum
13140,108,3,422.47,9.388222222222224,185,6.048482673330305,2.3406726857763727,5.225746673713202,1,1,Loyal,0.4131,Medium,336.04,Silver
13141,85,5,2388.75,17.694444444444443,1548,7.778944036943872,2.928226391188618,7.3453648404168685,0,2,High-Value,0.1015,Low,2233.85,Platinum
13142,19,1,307.09,13.35173913043478,258,5.7303919480814,2.663871128620781,5.556828061699537,0,1,Loyal,0.4588,Medium,306.29,Silver
13144,333,1,110.95,36.983333333333334,21,4.718052343044764,3.637147467023583,3.091042453358316,1,0,At-Risk,0.7875,High,115.71,Bronze
13145,40,4,618.52,103.08666666666666,145,6.428944984648157,4.645223885445264,4.983606621708336,0,1,Loyal,0.3191,Low,651.82,Silver
13146,26,1,228.91,13.465294117647058,154,5.437687927995845,2.6717522712768327,5.043425116919247,0,1,Loyal,0.528,Medium,206.14,Bronze
13147,10,4,712.8000000000001,178.20000000000002,144,6.57060281105606,5.18850250054083,4.976733742420574,0,1,Loyal,0.2754,Low,735.22,Gold
13148,29,12,3683.26,11.805320512820511,1965,8.211824970346322,2.549860749624883,7.583756300707112,0,2,High-Value,0.0266,Low,3344.5,Platinum
13149,14,4,1676.06,19.48906976744186,1280,7.424797539358498,3.019891561876247,7.155396301896734,0,1,Loyal,0.1387,Low,2065.75,Platinum
13151,296,1,1257.87,16.998243243243245,363,7.1379697721602025,2.8902741555356117,5.8971538676367405,1,0,At-Risk,0.4223,Medium,822.59,Gold
13153,6,1,486.22,32.41466666666667,418,6.188715766456242,3.508994925353399,6.037870919922137,0,1,Loyal,0.4704,Medium,647.12,Silver
13155,33,4,971.76,11.432470588235294,497,6.880137391945464,2.520311645887915,6.210600077024653,0,1,Loyal,0.1774,Low,872.45,Gold
13157,49,4,1741.22,20.014022988505747,1439,7.462915441057162,3.0451899762274275,7.272398392570047,0,1,Loyal,0.1132,Low,2167.96,Platinum
13158,95,4,1201.06,15.203291139240504,784,7.091792030654675,2.785214378348043,6.665683717782408,1,1,Loyal,0.1815,Low,1211.55,Gold
13159,9,4,1429.35,11.91125,1058,7.26567444855103,2.558099024338706,6.9650803456014065,0,1,Loyal,0.1273,Low,1457.18,Gold
13160,22,1,91.8,22.95,56,4.530446639792155,3.175968323856924,4.04305126783455,0,1,Loyal,0.5571,Medium,130.29,Bronze
13161,313,1,112.75,14.09375,29,4.7340030578310595,2.714280750852846,3.4011973816621555,1,0,At-Risk,0.7931,High,102.62,Bronze
13162,122,4,1688.29,21.370759493670885,1713,7.432063601299488,3.1077547263638277,7.446585099157725,1,1,Loyal,0.3512,Low,2356.17,Platinum
13165,46,2,1021.48,24.32095238095238,1376,6.929986327823459,3.2316322103502846,7.227662498728654,0,1,Loyal,0.2602,Low,1931.08,Platinum
13166,283,1,417.2,10.17560975609756,216,6.035959786994534,2.413733703315087,5.37989735354046,1,0,At-Risk,0.4577,Medium,299.36,Bronze
13167,19,4,791.33,12.174307692307693,785,6.674977971699642,2.5782685459733603,6.666956792429207,0,1,Loyal,0.1659,Low,1049.25,Gold
13168,36,4,1299.59,10.314206349206348,670,7.170573286646459,2.4260591351501164,6.508769136971682,0,1,Loyal,0.1633,Low,1092.82,Gold
13169,64,2,712.88,54.83692307692308,272,6.570714880987815,4.022435354445286,5.60947179518496,0,1,Loyal,0.3617,Low,659.08,Gold
13170,27,1,108.81,3.627,141,4.698751599609622,1.5319087099248625,4.955827057601261,0,1,Loyal,0.2656,Low,181.37,Bronze
13171,22,3,468.41,10.182826086956522,229,6.151476586982076,2.414379216369775,5.438079308923196,0,1,Loyal,0.2984,Low,391.95,Silver
13173,4,2,353.65,8.224418604651163,277,5.871131387648096,2.2218541640544496,5.627621113690637,0,1,Loyal,0.277,Low,423.49,Silver
13174,16,3,2742.82,9.361160409556314,1352,7.917106389026516,2.338064239203269,7.210079628170788,0,2,High-Value,0.1288,Low,2042.85,Platinum
13176,46,1,481.49,7.186417910447761,448,6.178960195175666,2.1024764286175572,6.1070228877422545,0,1,Loyal,0.3158,Low,469.25,Silver
13177,65,1,282.45,16.61470588235294,91,5.6470357407703125,2.8687341146542553,4.5217885770490405,0,1,Loyal,0.6377,Medium,211.38,Bronze
13178,26,11,5725.47,21.60554716981132,3570,8.652854564021988,3.1181953261519704,8.18060094759445,0,2,High-Value,0.0034,Low,5853.04,Platinum
13182,45,1,121.18,11.016363636363636,201,4.805495367221621,2.4862693572439363,5.308267697401205,0,1,Loyal,0.3794,Low,215.44,Bronze
13183,8,9,3957.78,42.10404255319149,2208,8.283691175973804,3.763616787448872,7.700295203420117,0,2,High-Value,0.0118,Low,3900.4,Platinum
13184,15,10,1668.95,9.323743016759776,1662,7.420548964842826,2.3344463897177903,7.416378479192928,0,2,High-Value,0.0421,Low,2281.41,Platinum
13185,268,1,71.4,71.4,12,4.282206299391671,4.282206299391671,2.5649493574615367,1,0,At-Risk,0.9207,High,80.73,Bronze
13186,40,3,1575.89,19.947974683544302,820,7.363209831835215,3.0420419678784314,6.710523109452428,0,1,Loyal,0.2667,Low,1290.12,Gold
13187,337,1,236.02,6.378918918918919,95,5.4681445257603025,1.9986271399306073,4.564348191467836,1,0,At-Risk,0.6894,Medium,188.93,Bronze
13188,11,1,114.6,57.3,25,4.750135956238277,4.065602093356447,3.258096538021482,0,1,Loyal,0.5136,Medium,93.56,Bronze
13189,19,2,260.68,8.988965517241379,842,5.567122383230129,2.301481035470912,6.736966958001855,0,1,Loyal,0.2367,Low,450.4,Silver
13192,95,2,911.94,14.475238095238096,595,6.81667016102037,2.7392412042512073,6.39024066706535,1,1,Loyal,0.3634,Low,708.64,Gold
13193,61,1,112.08,4.4832,46,4.72809553282539,1.7016888721382073,3.8501476017100584,0,1,Loyal,0.481,Medium,127.75,Bronze
13194,136,1,60.7,20.233333333333334,26,4.122283930911342,3.055572273910008,3.295836866004329,1,0,At-Risk,0.7161,High,107.04,Bronze
13196,11,4,1797.78,16.343454545454545,1224,7.494863936311281,2.853215175584572,7.110696122978827,0,1,Loyal,0.1014,Low,1624.97,Platinum
13198,10,6,3401.24,15.049734513274338,2648,8.132189317204716,2.775692308210204,7.88193748927207,0,2,High-Value,0.0268,Low,3518.78,Platinum
13199,4,38,9817.12,82.49680672268909,6176,9.191984936991869,4.424808388283487,8.728587995695898,0,2,High-Value,0.0184,Low,11511.91,Platinum
13200,19,4,870.09,18.915,516,6.769745301020691,2.9914732166336075,6.248042874508429,0,1,Loyal,0.1712,Low,1000.97,Gold
13203,10,4,869.46,15.253684210526316,800,6.769021807549381,2.788319603726278,6.68586094706836,0,1,Loyal,0.1406,Low,1079.26,Gold
13207,15,2,250.26,31.2825,130,5.526488259576272,3.4745252877386696,4.875197323201151,0,1,Loyal,0.4317,Medium,299.04,Bronze
13208,59,6,1217.65,8.227364864864866,803,7.105498967663615,2.2221735109884313,6.6895992691789665,0,1,Loyal,0.084,Low,1323.78,Gold
13209,30,8,5891.61,18.35392523364486,4253,8.681454302434092,2.9628952533555393,8.355614995760183,0,2,High-Value,0.0174,Low,5807.21,Platinum
13210,94,1,353.48,16.067272727272726,316,5.8706519268912345,2.837162754110475,5.75890177387728,1,1,Loyal,0.4639,Medium,460.08,Silver
13211,10,3,1095.42,19.916727272727275,834,6.999805605779951,3.0405491868404915,6.727431724850855,0,1,Loyal,0.2162,Low,1245.75,Gold
13212,20,3,786.83,5.580354609929079,309,6.669282330542903,1.8840886359715856,5.736572297479192,0,1,Loyal,0.0906,Low,560.54,Silver
13213,57,5,1520.58,16.895333333333333,1360,7.327504547645857,2.8845399712215567,7.215975002651466,0,1,Loyal,0.0672,Low,1812.83,Platinum
13216,268,1,333.74,66.748,297,5.813354111085492,4.215794939028875,5.697093486505405,1,0,At-Risk,0.5291,Medium,419.12,Silver
13217,122,3,533.98,133.495,262,6.282229363019668,4.901527023629707,5.572154032177765,1,1,Loyal,0.4885,Medium,585.1,Silver
13218,127,1,62.63999999999999,12.528,88,4.153242203469586,2.6047616115962793,4.48863636973214,1,0,At-Risk,0.6768,Medium,125.87,Bronze
13220,78,4,819.2900000000001,39.01380952380953,196,6.7096579362724444,3.689224632628216,5.2832037287379885,0,1,Loyal,0.1749,Low,691.64,Gold
13221,240,2,847.41,12.839545454545457,244,6.743364009514037,2.627530106770521,5.501258210544727,1,0,At-Risk,0.269,Low,503.45,Silver
13223,200,2,163.20000000000002,32.64,88,5.101085197018328,3.5157158351047473,4.48863636973214,1,0,At-Risk,0.5716,Medium,207.27,Bronze
13224,60,2,2155.95,19.9625,1518,7.676450465777419,3.042735127149327,7.325807502595773,0,1,Loyal,0.2504,Low,2382.01,Platinum
13225,3,7,6463.84,201.995,3416,8.774133542253146,5.313181348196578,8.136518252115291,0,2,High-Value,0.0338,Low,5912.81,Platinum
13226,273,1,108.21,6.7631250000000005,80,4.693272634209637,2.049384959316322,4.394449154672439,1,0,At-Risk,0.7086,High,144.18,Bronze
13227,202,1,257.7,28.633333333333333,99,5.5556690891919835,3.388899853851749,4.605170185988092,1,0,At-Risk,0.6393,Medium,215.92,Bronze
13228,81,1,358.0,179.0,200,5.883322388488279,5.19295685089021,5.303304908059076,0,1,Loyal,0.429,Medium,396.9,Silver
13229,226,1,160.95,16.095,63,5.087287645617338,2.8387860230912647,4.1588830833596715,1,0,At-Risk,0.6573,Medium,136.36,Bronze
13230,4,14,2755.63,4.69442930153322,1638,7.921764198172896,1.7394883814358155,7.40184157874383,0,2,High-Value,0.0379,Low,2745.73,Platinum
13232,13,7,1328.35,6.575990099009901,773,7.192445379947863,2.0249840489940505,6.651571873589727,0,1,Loyal,0.029,Low,1418.86,Gold
13233,74,2,605.12,14.072558139534884,1004,6.407077986267962,2.7128757486992376,6.912742820493176,0,1,Loyal,0.2686,Low,731.51,Gold
13235,212,1,1031.07,17.77706896551724,441,6.939321773198559,2.932636389475913,6.091309882077698,1,0,At-Risk,0.4051,Medium,649.84,Silver
13236,25,2,744.85,20.69027777777778,416,6.614524507599939,3.0768641314777447,6.0330862217988015,0,1,Loyal,0.3266,Low,777.08,Gold
13238,17,4,700.73,22.604193548387094,298,6.553548714657728,3.1614243889743485,5.700443573390687,0,1,Loyal,0.2178,Low,723.32,Gold
13239,262,1,329.56,15.693333333333332,327,5.800788185931274,2.8150094381237336,5.793013608384144,1,0,At-Risk,0.4819,Medium,402.17,Silver
13240,96,4,663.65,9.905223880597015,298,6.499260586313608,2.389241929529695,5.700443573390687,1,1,Loyal,0.2922,Low,670.22,Gold
13242,112,3,270.40000000000003,20.800000000000004,130,5.603593747400769,3.0819099697950434,4.875197323201151,1,1,Loyal,0.4613,Medium,335.77,Silver
13243,203,1,585.12,10.265263157894736,232,6.373524546769825,2.421723934276663,5.4510384535657,1,0,At-Risk,0.5117,Medium,281.47,Bronze
13244,93,1,121.74,4.508888888888889,38,4.810068296960951,1.7063629492708252,3.6635616461296463,1,1,Loyal,0.7553,High,72.43,Bronze
13245,51,1,430.5,26.90625,125,6.067267510523482,3.3288506780767726,4.836281906951478,0,1,Loyal,0.5163,Medium,306.3,Silver
13246,18,6,1961.52,14.422941176470587,1587,7.581984640687438,2.7358560877207556,7.370230641807081,0,2,High-Value,0.1085,Low,1954.06,Platinum
13247,18,4,501.12,20.0448,328,6.218839134950008,3.0466534987323772,5.796057750765372,0,1,Loyal,0.3616,Low,709.76,Gold
13248,125,2,465.68,17.91076923076923,305,6.145643797955656,2.9397315603606926,5.723585101952381,1,1,Loyal,0.4099,Medium,570.95,Silver
13249,92,3,711.41,30.93086956521739,546,6.56865358837482,3.4635732398421606,6.304448802421981,1,1,Loyal,0.3912,Low,943.75,Gold
13253,157,2,1030.4,28.622222222222224,1572,6.9386723816168585,3.388524830408389,7.360739903058278,1,1,Loyal,0.3279,Low,2264.91,Platinum
13255,9,2,399.51,30.73153846153846,177,5.992738734985712,3.457311090443598,5.181783550292085,0,1,Loyal,0.4157,Medium,374.79,Silver
13258,12,3,672.83,18.689722222222223,282,6.512977853578813,2.980096784995515,5.645446897643238,0,1,Loyal,0.2636,Low,592.78,Silver
13259,62,1,283.18,3.4960493827160493,126,5.64960784020993,1.5031990962312585,4.844187086458591,0,1,Loyal,0.5717,Medium,200.84,Bronze
13260,61,1,557.62,69.7025,142,6.325469456665338,4.258480932956278,4.962844630259907,0,1,Loyal,0.512,Medium,405.43,Silver
13261,269,2,944.1,104.9,210,6.8512907420010105,4.662495252607361,5.351858133476067,1,0,At-Risk,0.6007,Medium,713.27,Gold
13262,263,1,200.29,18.208181818181817,125,5.3047466543129405,2.955336324627058,4.836281906951478,1,0,At-Risk,0.6636,Medium,281.96,Bronze
13263,1,35,7436.93,4.46126574685063,4768,8.914347863308706,1.6976805846578145,8.469891918298224,0,2,High-Value,0.016,Low,7649.6,Platinum
13265,53,5,2092.66,23.251777777777775,1740,7.646669009574865,3.18848992512024,7.462214939768189,0,2,High-Value,0.0446,Low,2883.42,Platinum
13266,11,12,3834.26,20.504064171122995,4428,8.251992508113439,3.0682419484844914,8.395929103923198,0,2,High-Value,0.0215,Low,5382.89,Platinum
13267,3,19,4521.49,21.428862559241704,1969,8.416818006100614,3.110348636557107,7.585788821732034,0,2,High-Value,0.0041,Low,4341.3,Platinum
13268,18,11,3174.75,7.331986143187067,3624,8.06329910390357,2.120101860313697,8.195609567288775,0,2,High-Value,0.0148,Low,3984.3,Platinum
13269,1,15,5343.28,16.96279365079365,3513,8.583782109053482,2.888302599262812,8.164510268747042,0,2,High-Value,0.0015,Low,5456.54,Platinum
13270,366,1,590.0,590.0,200,6.3818160174060985,6.3818160174060985,5.303304908059076,1,0,At-Risk,0.5985,Medium,469.89,Silver
13271,37,1,211.49,2.430919540229885,240,5.358894928433641,1.2328283127793866,5.484796933490655,0,1,Loyal,0.2511,Low,198.19,Bronze
13272,31,2,276.56,18.437333333333335,96,5.626037126031348,2.967195615411802,4.574710978503383,0,1,Loyal,0.4393,Medium,282.88,Bronze
13273,113,1,138.98,8.68625,153,4.941499555261394,2.270707354096023,5.0369526024136295,1,1,Loyal,0.6233,Medium,188.21,Bronze
13276,64,2,590.9300000000001,19.69766666666667,161,6.383388384649479,3.030020972500718,5.087596335232384,0,1,Loyal,0.4285,Medium,377.12,Silver
13277,16,4,258.4,32.3,176,5.5583712718823435,3.505557396986398,5.176149732573829,0,1,Loyal,0.3389,Low,362.72,Silver
13278,41,1,542.73,11.798478260869564,537,6.298452800117238,2.5493262779885213,6.2878585601617845,0,1,Loyal,0.3908,Low,603.78,Silver
13279,78,1,137.75,15.305555555555555,73,4.932673752626544,2.7915058813719864,4.30406509320417,0,1,Loyal,0.6771,Medium,138.5,Bronze
13280,122,3,798.46,9.737317073170733,518,6.68393649975286,2.3737252509064177,6.251903883165888,1,1,Loyal,0.1548,Low,789.61,Gold
13282,18,3,1132.14,30.59837837837838,307,7.032747819149021,3.4531058021361725,5.730099782973574,0,1,Loyal,0.1981,Low,704.19,Gold
13283,60,2,93.66,13.38,90,4.5502915244781015,2.665838352292901,4.51085950651685,0,1,Loyal,0.5438,Medium,155.24,Bronze
13284,331,1,201.19,15.476153846153846,91,5.309207849379209,2.801914114121514,4.5217885770490405,1,0,At-Risk,0.6753,Medium,167.58,Bronze
13285,23,4,2709.12,14.487272727272726,2051,7.904748193336201,2.740018572256642,7.62657020629066,0,2,High-Value,0.0713,Low,2788.61,Platinum
13291,156,1,361.11,8.597857142857142,233,5.8919480330707374,2.2615398592720597,5.455321115357702,1,0,At-Risk,0.4165,Medium,279.45,Bronze
13292,39,2,578.9399999999999,18.67548387096774,347,6.362924649913461,2.9793733871887462,5.8522024797744745,0,1,Loyal,0.3588,Low,639.59,Silver
13294,190,2,873.74,16.18037037037037,453,6.773926699344786,2.84376747455251,6.118097198041348,1,0,At-Risk,0.3448,Low,739.47,Gold
13295,360,1,201.2,20.12,82,5.309257306586371,3.050220458838061,4.418840607796598,1,0,At-Risk,0.6543,Medium,213.82,Bronze
13296,137,1,87.4,17.48,78,4.481871969643598,2.916689066213538,4.3694478524670215,1,0,At-Risk,0.6541,Medium,164.05,Bronze
13297,8,4,2089.85,35.421186440677964,963,7.645325960844005,3.5951506503937307,6.871091294610546,0,1,Loyal,0.1234,Low,1572.28,Gold
13298,1,1,360.0,180.0,96,5.8888779583328805,5.198497031265826,4.574710978503383,0,1,Loyal,0.6006,Medium,244.99,Bronze
13299,268,1,142.5,28.5,30,4.966335035199676,3.3843902633457743,3.4339872044851463,1,0,At-Risk,0.6949,Medium,110.81,Bronze
13300,169,1,371.89,18.5945,203,5.921283469984221,2.9752489146125907,5.318119993844216,1,0,At-Risk,0.4985,Medium,385.32,Silver
13301,104,4,618.09,7.630740740740741,345,6.428250657915328,2.155330334637918,5.846438775057725,1,1,Loyal,0.3028,Low,688.16,Gold
13302,155,1,63.75,63.75,5,4.1705337005796475,4.1705337005796475,1.791759469228055,1,0,At-Risk,0.9295,High,87.21,Bronze
13304,351,1,300.42,14.305714285714286,238,5.7085046409915305,2.728226241397501,5.476463551931511,1,0,At-Risk,0.4746,Medium,273.49,Bronze
13305,4,10,2000.86,24.701975308641973,1232,7.601832027360015,3.246567849206018,7.117205503164344,0,2,High-Value,0.031,Low,2171.63,Platinum
13307,120,1,15.0,15.0,4,2.772588722239781,2.772588722239781,1.6094379124341005,1,0,At-Risk,0.8071,High,22.77,Bronze
13308,23,3,1385.51,25.657592592592593,843,7.23454507743516,3.2830740103203744,6.738152494595957,0,1,Loyal,0.2373,Low,1293.48,Gold
13309,7,5,1456.79,13.614859813084111,1544,7.284676869273056,2.682038806528434,7.342779189331845,0,1,Loyal,0.094,Low,1741.76,Platinum
13310,28,3,1132.03,15.722638888888888,587,7.032650739053453,2.8167634234858108,6.376726947898627,0,1,Loyal,0.2039,Low,941.53,Gold
13311,4,2,598.57,23.02192307692308,305,6.396212731621162,3.17896687493431,5.723585101952381,0,1,Loyal,0.4316,Medium,610.61,Silver
13313,22,5,1555.32,19.94,851,7.35007933912113,3.0416612054423906,6.747586526829315,0,1,Loyal,0.1186,Low,1622.7,Platinum
13314,2,3,775.94,12.51516129032258,560,6.655363127308804,2.6038121138283112,6.329720905522696,0,1,Loyal,0.1629,Low,803.81,Gold
13316,37,4,5732.93,66.66197674418605,5508,8.654156438485995,4.214524378772463,8.614138397472717,0,2,High-Value,0.0793,Low,6016.05,Platinum
13317,66,6,2273.68,18.336129032258064,1035,7.729594662150938,2.961975316540794,6.943122422819428,0,2,High-Value,0.0893,Low,2061.03,Platinum
13318,1,3,640.76,32.038,304,6.464214402021743,3.4976584141329488,5.720311776607412,0,1,Loyal,0.3348,Low,700.55,Gold
13319,5,26,10845.55,22.784768907563027,4724,9.29160233605445,3.169045413947326,8.460622839927844,0,2,High-Value,0.0007,Low,9213.79,Platinum
13320,78,4,1532.2,14.592380952380951,1086,7.3351123335064,2.7467823944607246,6.99117688712121,0,1,Loyal,0.1262,Low,1502.53,Gold
13321,72,2,567.36,51.57818181818182,372,6.342755020769874,3.962301239361555,5.921578419643816,0,1,Loyal,0.3854,Low,785.35,Gold
13322,17,1,199.48,7.9792,117,5.300714491147758,2.1949107914859503,4.770684624465665,0,1,Loyal,0.6823,Medium,191.23,Bronze
13323,3,5,787.85,37.516666666666666,175,6.670576188703463,3.65109104805228,5.170483995038151,0,1,Loyal,0.1412,Low,454.33,Silver
13324,36,10,7121.95,94.95933333333332,5205,8.871077244439467,4.5639244906081915,8.55756708555451,0,2,High-Value,0.0276,Low,8779.03,Platinum
13325,82,1,675.3,56.275,240,6.516636764580894,4.047864228339559,5.484796933490655,0,1,Loyal,0.3607,Low,467.78,Silver
13327,39,8,3627.77,33.59046296296296,1600,8.196649026863438,3.5435780071602587,7.378383712996715,0,2,High-Value,0.0827,Low,2981.38,Platinum
13328,316,1,1308.48,76.96941176470588,680,7.17738539082617,4.3563165929132355,6.523562306149512,1,0,At-Risk,0.5857,Medium,1368.84,Gold
13329,32,2,789.0,46.411764705882355,463,6.672032945461067,3.858870398450412,6.139884552226255,0,1,Loyal,0.2959,Low,901.26,Gold
13330,93,3,1140.93,21.526981132075473,751,7.040475092365302,3.1147137522161654,6.62273632394984,1,1,Loyal,0.2793,Low,1227.78,Gold
13332,14,1,350.9,16.70952380952381,179,5.863347044327539,2.874102563207601,5.19295685089021,0,1,Loyal,0.44,Medium,321.73,Silver
13334,82,3,3502.32,13.216301886792454,1764,8.161466369296502,2.6543893263325913,7.475905969367397,0,2,High-Value,0.1219,Low,1896.11,Platinum
13336,77,1,795.12,15.590588235294115,559,6.679749928251019,2.808835560794624,6.327936783729195,0,1,Loyal,0.3444,Low,734.92,Gold
13338,158,1,487.02,25.632631578947368,256,6.190356388619899,3.282137215031605,5.54907608489522,1,0,At-Risk,0.5874,Medium,400.83,Silver
13339,201,1,860.12,15.928148148148148,326,6.758233867538541,2.8289778073004093,5.7899601708972535,1,0,At-Risk,0.4147,Medium,517.29,Silver
13340,45,7,10736.48,80.12298507462687,5770,9.28149570365981,4.395966337423069,8.660600654710967,0,2,High-Value,0.0433,Low,10551.01,Platinum
13341,261,1,775.85,18.472619047619048,301,6.65524728153801,2.9690093274211664,5.71042701737487,1,0,At-Risk,0.3926,Low,544.34,Silver
13343,178,1,353.43,18.60157894736842,135,5.870510865261174,2.975610121531012,4.912654885736052,1,0,At-Risk,0.6677,Medium,295.26,Bronze
13344,68,3,2511.69,21.6525,952,7.829109171398687,3.1202702211140787,6.859614903654202,0,1,Loyal,0.2346,Low,1336.73,Gold
13345,288,1,389.5,19.475,141,5.967427969279741,3.019204629739133,4.955827057601261,1,0,At-Risk,0.6033,Medium,300.37,Bronze
13347,70,1,341.36,42.67,205,5.835862815013409,3.7766613674974696,5.327876168789581,0,1,Loyal,0.5426,Medium,390.02,Silver
13348,64,1,233.76,16.697142857142858,136,5.458563715690134,2.873403206049689,4.919980925828125,0,1,Loyal,0.6581,Medium,280.02,Bronze
13349,11,1,247.32,15.4575,225,5.514718236994854,2.8007813003598945,5.420534999272286,0,1,Loyal,0.4572,Medium,304.18,Silver
13350,16,2,979.12,24.478,287,6.887675013147945,3.2378153346875953,5.662960480135946,0,1,Loyal,0.3615,Low,654.37,Silver
13351,66,1,373.94,23.37125,117,5.926766013169045,3.193404158894531,4.770684624465665,0,1,Loyal,0.6108,Medium,285.52,Bronze
13352,60,1,397.98,16.5825,321,5.988911290320265,2.866904089200036,5.7745515455444085,0,1,Loyal,0.5155,Medium,491.78,Silver
13354,71,1,743.53,14.579019607843136,604,6.612753146812557,2.7459251121368,6.405228458030842,0,1,Loyal,0.3093,Low,561.08,Silver
13355,122,1,674.7,21.084375,314,6.515749190558129,3.0948703448970822,5.752572638825633,1,1,Loyal,0.4369,Medium,553.73,Silver
13356,80,1,768.24,18.291428571428572,325,6.645403014442647,2.9596608817923338,5.786897381366708,0,1,Loyal,0.4299,Medium,559.36,Silver
13357,257,1,609.4,6.847191011235955,321,6.414114479970247,2.0601556347932526,5.7745515455444085,1,0,At-Risk,0.4944,Medium,457.07,Silver
13358,269,1,439.03,15.138965517241378,285,6.086842906406214,2.7812365664407936,5.655991810819852,1,0,At-Risk,0.5019,Medium,371.1,Silver
13359,64,1,439.56,19.11130434782609,161,6.088046644954226,3.0012820623388863,5.087596335232384,0,1,Loyal,0.4758,Medium,342.55,Silver
13362,9,4,3090.74,18.618915662650604,1382,8.036489318202769,2.976494185670626,7.232010331664759,0,2,High-Value,0.204,Low,2355.61,Platinum
13363,18,2,992.5,16.541666666666668,710,6.901234061991872,2.864579003334436,6.566672429803241,0,1,Loyal,0.3134,Low,1046.96,Gold
13364,71,1,134.95999999999998,13.496,71,4.9123607248279155,2.6738727493006236,4.276666119016055,0,1,Loyal,0.6724,Medium,128.89,Bronze
13365,34,2,2225.37,17.385703125,1247,7.708127735453272,2.9115733585147265,7.129297548929373,0,1,Loyal,0.2353,Low,1917.1,Platinum
13366,50,1,56.16,56.16,144,4.045854353061666,4.045854353061666,4.976733742420574,0,1,Loyal,0.4376,Medium,161.65,Bronze
13368,257,2,623.4,21.49655172413793,327,6.436791188641277,3.113362040760385,5.793013608384144,1,0,At-Risk,0.5362,Medium,608.41,Silver
13369,366,1,308.28000000000003,22.020000000000003,149,5.734247015460021,3.136363403293737,5.0106352940962555,1,0,At-Risk,0.6638,Medium,296.24,Bronze
13370,372,1,754.87,19.355641025641027,343,6.62786940372116,3.013358073752906,5.840641657373398,1,0,At-Risk,0.4384,Medium,616.4,Silver
13372,90,1,378.64,16.46260869565217,159,5.939223435262291,2.8600619490820858,5.075173815233827,0,1,Loyal,0.5114,Medium,317.31,Silver
13373,61,3,3312.25,20.963607594936708,1651,8.105684859760789,3.0893868834282516,7.409741954080923,0,2,High-Value,0.169,Low,2847.84,Platinum
13375,89,1,778.65,21.044594594594592,442,6.658845101030894,3.0930674287380873,6.093569770045136,0,1,Loyal,0.3411,Low,648.91,Silver
13376,99,3,1019.76,19.240754716981133,493,6.928302726869797,3.007698132112466,6.202535517187923,1,1,Loyal,0.2974,Low,837.83,Gold
13379,26,3,572.56,5.902680412371134,601,6.351862551846838,1.9319098017310363,6.400257445308821,0,1,Loyal,0.168,Low,762.68,Gold
13381,32,6,3639.31,21.15877906976744,2029,8.199824121839633,3.0982337642316073,7.615791072035833,0,2,High-Value,0.0342,Low,3599.17,Platinum
13382,281,1,222.99,14.866,131,5.411601408001375,2.7641784548798114,4.882801922586371,1,0,At-Risk,0.6141,Medium,242.92,Bronze
13384,31,7,4151.93,27.315328947368425,2422,8.331569388203366,3.3434033169225645,7.792761720816526,0,2,High-Value,0.0194,Low,4055.27,Platinum
13385,330,1,534.57,15.273428571428571,281,6.283331600299074,2.7895336286819905,5.641907070938114,1,0,At-Risk,0.4817,Medium,392.96,Silver
13388,131,2,677.1,19.345714285714287,282,6.519294769689797,3.0128702894986654,5.645446897643238,1,1,Loyal,0.3568,Low,576.65,Silver
13389,11,3,797.96,15.646274509803922,429,6.683310881934879,2.812186438225049,6.063785208687608,0,1,Loyal,0.1737,Low,803.07,Gold
13390,75,1,544.08,41.8523076923077,224,6.30093257288162,3.7577594987233542,5.41610040220442,0,1,Loyal,0.5782,Medium,417.33,Silver
13391,204,1,59.8,59.8,4,4.107589788972121,4.107589788972121,1.6094379124341005,1,0,At-Risk,0.9013,High,70.37,Bronze
13394,2,8,2520.02,16.258193548387098,2392,7.832418860516229,2.8482870190184246,7.780303087908373,0,2,High-Value,0.0172,Low,2915.13,Platinum
13395,185,1,307.72,14.653333333333334,336,5.7324347172293635,2.750683886851731,5.820082930352362,1,0,At-Risk,0.4699,Medium,340.52,Silver
13396,29,2,1360.99,31.65093023255814,600,7.216702144538598,3.4858733463597065,6.398594934535208,0,1,Loyal,0.4134,Medium,1014.49,Gold
13397,73,5,1544.13,40.635000000000005,430,7.342863328186895,3.728941159687783,6.066108090103747,0,1,Loyal,0.1442,Low,1184.1,Gold
13398,192,1,457.34,17.59,281,6.127611266781323,2.922623801733353,5.641907070938114,1,0,At-Risk,0.5421,Medium,394.29,Silver
13402,127,2,621.23,15.92897435897436,479,6.433309799308897,2.829026613032568,6.173786103901937,1,1,Loyal,0.3572,Low,673.17,Gold
13403,18,1,75.0,25.0,44,4.330733340286331,3.258096538021482,3.80666248977032,0,1,Loyal,0.5661,Medium,114.06,Bronze
13404,1,2,252.49,22.953636363636363,111,5.5353243745214,3.176120143798765,4.718498871295094,0,1,Loyal,0.4091,Medium,293.99,Bronze
13405,74,3,572.451,21.201888888888888,165,6.351672492640208,3.1001773703437885,5.111987788356544,0,1,Loyal,0.3396,Low,379.29,Silver
13408,2,62,28117.04,58.82225941422595,16232,10.244166642215127,4.091377822702935,9.694801486310846,0,2,High-Value,0.0309,Low,30262.95,Platinum
13410,24,5,1003.06,35.82357142857143,518,6.911807059422235,3.606138168074724,6.251903883165888,0,1,Loyal,0.1451,Low,1146.38,Gold
13411,107,1,213.55,11.863888888888887,72,5.368542811437534,2.5544240750305964,4.290459441148391,1,1,Loyal,0.6457,Medium,154.33,Bronze
13414,134,3,1390.5,57.9375,1574,7.238137580965946,4.076477560393676,7.362010551259734,1,1,Loyal,0.4097,Medium,1798.64,Platinum
13416,44,2,712.5,37.5,142,6.570182436916891,3.6506582412937383,4.962844630259907,0,1,Loyal,0.4233,Medium,385.93,Silver
13417,5,2,640.83,22.886785714285715,162,6.4643234711171225,3.1733254070485972,5.093750200806762,0,1,Loyal,0.401,Medium,363.41,Silver
13418,12,18,6127.43,20.156019736842108,3918,8.720693878671442,3.0519244861226644,8.273591798199632,0,2,High-Value,0.0009,Low,5861.9,Platinum
13419,64,1,221.06,13.81625,275,5.40294761562612,2.695724551411573,5.62040086571715,0,1,Loyal,0.4231,Medium,253.23,Bronze
13420,150,2,159.85,19.98125,101,5.080472253685035,3.043629181746208,4.624972813284271,1,0,At-Risk,0.6361,Medium,276.73,Bronze
13421,40,2,1833.71,17.977549019607842,1128,7.514641709852188,2.943256649943671,7.029087564149662,0,1,Loyal,0.211,Low,1620.77,Gold
13422,64,1,2626.3,20.67952755905512,1326,7.873711981871112,3.076368384777508,7.190676034332207,0,1,Loyal,0.3215,Low,1755.64,Platinum
13425,108,3,1624.21,20.823205128205128,1123,7.393392317183492,3.082973859086336,7.024649030453636,1,1,Loyal,0.2399,Low,1546.75,Gold
13426,1,10,3641.32,23.193121019108283,2245,8.200376120238847,3.1860683373456657,7.716906135298388,0,2,High-Value,0.028,Low,4082.02,Platinum
13427,19,3,582.6,20.089655172413792,545,6.369215816648631,3.048782644068434,6.302618975744905,0,1,Loyal,0.4348,Medium,907.04,Gold
13428,10,1,201.78,2.8419718309859157,151,5.3121216475244335,1.3459857324574136,5.0238805208462765,0,1,Loyal,0.2411,Low,184.29,Bronze
13429,11,4,1006.8,15.02686567164179,1390,6.915525016246498,2.774266418597503,7.237778191923443,0,1,Loyal,0.1318,Low,1902.15,Platinum
13430,19,2,679.45,13.866326530612248,751,6.5227543440063265,2.6990986909893784,6.62273632394984,0,1,Loyal,0.2263,Low,698.6,Gold
13431,67,2,1269.1,27.589130434782607,672,7.146850916510274,3.3530265908588244,6.511745329644728,0,1,Loyal,0.3447,Low,1115.54,Gold
13434,74,2,534.24,53.424,300,6.282715244436788,3.996805233042759,5.707110264748875,0,1,Loyal,0.3677,Low,625.08,Silver
13435,5,7,3809.89,37.72168316831684,2129,8.245618036642021,3.656399731719689,7.6638772587034705,0,2,High-Value,0.0378,Low,3722.17,Platinum
13436,2,1,196.89,16.4075,76,5.287711320760812,2.8569011478345647,4.343805421853684,0,1,Loyal,0.6343,Medium,181.33,Bronze
13437,14,7,3408.06,20.40754491017964,1283,8.134191872452362,3.0637434257872997,7.157735484249907,0,2,High-Value,0.0355,Low,2552.09,Platinum
13439,255,1,283.71,5.253888888888889,242,5.651471118359793,1.833203492470548,5.493061443340548,1,0,At-Risk,0.3701,Low,314.17,Silver
13441,92,1,296.64,22.818461538461538,204,5.69588470252906,3.1704609748749757,5.3230099791384085,1,1,Loyal,0.4522,Medium,383.22,Silver
13447,23,3,1129.14,19.13796610169492,584,7.030096797837492,3.002606894191526,6.371611847231857,0,1,Loyal,0.2342,Low,977.6,Gold
13448,17,6,3534.69,18.22005154639175,1648,8.170663750231064,2.955954085452793,7.407924322559599,0,2,High-Value,0.1318,Low,2923.74,Platinum
13449,24,1,291.88,15.362105263157895,222,5.679762968811981,2.7949680064626894,5.407171771460119,0,1,Loyal,0.4663,Medium,310.19,Silver
13450,27,6,2043.72,28.784788732394365,1982,7.623016139787193,3.393997817968181,7.592366128519796,0,2,High-Value,0.0525,Low,2651.21,Platinum
13451,26,5,2898.26,6.693441108545034,2128,7.972210810998752,2.0403681617833316,7.663407664893479,0,2,High-Value,0.0383,Low,2991.19,Platinum
13452,259,2,590.0,295.0,2,6.3818160174060985,5.69035945432406,1.0986122886681098,1,0,At-Risk,0.645,Medium,453.6,Silver
13453,166,2,356.97999999999996,20.99882352941176,134,5.880477118918353,3.090988975992598,4.90527477843843,1,0,At-Risk,0.5225,Medium,309.52,Silver
13455,25,2,1058.34,23.007391304347824,354,6.965401351674954,3.1783617539491,5.872117789475416,0,1,Loyal,0.3709,Low,808.73,Gold
13456,18,6,1766.72,28.0431746031746,765,7.477445859614847,3.368783502272923,6.641182169740591,0,2,High-Value,0.1211,Low,1830.55,Platinum
13458,7,14,9646.57,25.252801047120418,5508,9.174461349151194,3.2677726899018613,8.614138397472717,0,2,High-Value,0.0009,Low,9493.63,Platinum
13460,29,2,183.44,10.790588235294118,286,5.217324207338505,2.4673016060353077,5.659482215759621,0,1,Loyal,0.2773,Low,472.45,Silver
13461,39,3,1445.0,53.51851851851852,1170,7.27655640271871,3.998540433284493,7.065613363597717,0,1,Loyal,0.243,Low,1777.36,Platinum
13462,253,1,151.5,16.833333333333332,62,5.0271645960474665,2.8810693652338513,4.143134726391533,1,0,At-Risk,0.6372,Medium,139.43,Bronze
13464,58,1,674.68,16.45560975609756,403,6.515719591185634,2.85966107298023,6.0014148779611505,0,1,Loyal,0.4222,Medium,624.37,Silver
13466,184,1,307.9,18.11176470588235,259,5.733017599924536,2.9503040986188385,5.560681631015528,1,0,At-Risk,0.5193,Medium,401.28,Silver
13467,11,2,1071.91,10.937857142857144,580,6.978129862132399,2.479714623085575,6.364750756851911,0,1,Loyal,0.2689,Low,817.02,Gold
13468,2,37,5704.97,18.89062913907285,2589,8.64926827413607,2.9902487232893566,7.859413154693583,0,2,High-Value,0.016,Low,5234.26,Platinum
13470,99,2,165.0,16.5,100,5.111987788356544,2.862200880929469,4.61512051684126,1,1,Loyal,0.5825,Medium,220.6,Bronze
13471,1,4,2501.84,9.84976377952756,1583,7.825181366096544,2.3841433082773524,7.367708572374371,0,2,High-Value,0.213,Low,2169.23,Platinum
13473,61,2,422.64,20.125714285714285,266,6.048884037975468,3.0504909850131177,5.58724865840025,0,1,Loyal,0.4076,Medium,592.63,Silver
13474,236,1,226.84,3.658709677419355,129,5.428643628223611,1.5387385165378893,4.867534450455582,1,0,At-Risk,0.5553,Medium,226.4,Bronze
13475,191,4,1431.78,16.648604651162792,1012,7.267371891966779,2.8706567236628255,6.920671504248683,1,0,At-Risk,0.1698,Low,1468.29,Gold
13476,179,2,1238.47,21.35293103448276,417,7.122439147874555,3.106957454943604,6.035481432524756,1,0,At-Risk,0.3818,Low,902.0,Gold
13477,38,6,1454.58,18.41240506329114,1021,7.283159725605137,2.9659122979691515,6.92951677076365,0,1,Loyal,0.0822,Low,2102.69,Platinum
13479,201,2,300.95,20.063333333333333,134,5.71026144075391,3.047533772117254,4.90527477843843,1,0,At-Risk,0.5795,Medium,308.21,Silver
13481,46,5,1804.56,16.55559633027523,1142,7.498626071957096,2.8653727782986644,7.04141166379481,0,1,Loyal,0.1032,Low,1724.83,Platinum
13482,232,1,184.64,16.785454545454545,116,5.223809314372975,2.878380962872786,4.762173934797756,1,0,At-Risk,0.6644,Medium,252.99,Bronze
13483,66,1,140.34,14.034,160,4.951168335262708,2.710314302755277,5.081404364984463,0,1,Loyal,0.4377,Medium,212.68,Bronze
13484,241,1,313.8,39.225,44,5.751937516543248,3.694488692878447,3.80666248977032,1,0,At-Risk,0.6513,Medium,223.38,Bronze
13485,233,1,454.24,19.749565217391304,277,6.120824752413689,3.0325252930784496,5.627621113690637,1,0,At-Risk,0.5537,Medium,429.66,Silver
13486,78,3,1122.41,16.2668115942029,669,7.024123981607583,2.8487862540487567,6.507277712385012,0,1,Loyal,0.2214,Low,1107.52,Gold
13487,58,3,575.4,16.923529411764704,265,6.356801864125367,2.886114341935447,5.583496308781699,0,1,Loyal,0.2676,Low,506.01,Silver
13488,17,13,8968.31,21.25191943127962,4518,9.101564029017188,3.1024282714658673,8.41604600941128,0,2,High-Value,0.001,Low,8184.24,Platinum
13489,105,4,449.52,32.10857142857143,560,6.110402471179496,3.499792204405782,6.329720905522696,1,1,Loyal,0.5539,Medium,839.08,Gold
13491,52,10,1215.82,14.137441860465117,903,7.103996177364903,2.7171712681098277,6.806829360392176,0,2,High-Value,0.0381,Low,1593.59,Gold
13492,136,3,1269.84,25.3968,408,7.147433378135437,3.2732427906842756,6.013715156042802,1,1,Loyal,0.234,Low,919.65,Gold
13493,275,2,618.63,77.32875,380,6.429122525704993,4.360914713125937,5.942799375126701,1,0,At-Risk,0.5245,Medium,699.68,Gold
13494,312,1,316.26000000000005,17.570000000000004,162,5.759721626980309,2.921547375364615,5.093750200806762,1,0,At-Risk,0.5131,Medium,330.99,Silver
13495,8,5,2044.87,42.60145833333333,829,7.623578405880983,3.7750905978078486,6.721425700790643,0,2,High-Value,0.1177,Low,1961.98,Platinum
13496,11,2,653.33,18.66657142857143,341,6.483611811351871,2.9789203126108723,5.834810737062605,0,1,Loyal,0.3336,Low,634.02,Silver
13497,283,2,348.05,18.318421052631574,163,5.855215178416411,2.96105909939035,5.099866427824199,1,0,At-Risk,0.4438,Medium,363.2,Silver
13499,18,5,1159.11,27.59785714285714,1365,7.056270107190766,3.353331789943858,7.219642040130736,0,1,Loyal,0.0772,Low,1993.77,Platinum
13500,23,3,1166.77,17.950307692307693,609,7.062851226189096,2.9418201684577077,6.413458957167357,0,1,Loyal,0.221,Low,1011.92,Gold
13501,288,1,1340.32,25.775384615384613,560,7.201409482704207,3.287482980950888,6.329720905522696,1,0,At-Risk,0.5788,Medium,725.81,Gold
13502,17,3,292.0,16.22222222222222,264,5.680172609017068,2.846200539583027,5.579729825986222,0,1,Loyal,0.2566,Low,428.68,Silver
13503,71,1,216.85,12.755882352941176,248,5.383806752563451,2.621466540115679,5.517452896464707,0,1,Loyal,0.4112,Medium,264.04,Bronze
13504,64,1,295.93,13.451363636363636,178,5.693496420787701,2.6707887794044605,5.187385805840755,0,1,Loyal,0.4273,Medium,235.06,Bronze
13505,73,4,4393.63,20.435488372093022,2486,8.388138619999735,3.0650478836529076,7.818832443803404,0,2,High-Value,0.0794,Low,3822.82,Platinum
13506,316,2,458.52,17.635384615384616,324,6.130182466419805,2.9250621721271193,5.783825182329737,1,0,At-Risk,0.3857,Low,518.77,Silver
13507,3,4,2479.16,15.303456790123455,1597,7.816078353206984,2.7913771583421227,7.37650812632622,0,2,High-Value,0.1285,Low,2007.01,Platinum
13508,244,1,110.97,9.2475,24,4.718230978272105,2.3270337733963555,3.218875824868201,1,0,At-Risk,0.77,High,106.77,Bronze
13509,9,7,979.72,22.266363636363636,1106,6.888286995786739,3.1470086967903423,7.009408932708637,0,1,Loyal,0.0597,Low,1645.47,Platinum
13510,1,4,1791.56,15.578782608695652,1386,7.491400044716921,2.808123721721613,7.234898420314831,0,1,Loyal,0.0921,Low,1898.92,Platinum
13512,261,1,251.21,16.747333333333334,143,5.530262073815315,2.8762352698932716,4.969813299576001,1,0,At-Risk,0.6525,Medium,272.73,Bronze
13513,127,1,205.1,20.51,109,5.328361487896413,3.068517943279639,4.700480365792417,1,1,Loyal,0.6559,Medium,251.73,Bronze
13514,74,1,152.20000000000002,38.05,40,5.031744257306491,3.6648428762856953,3.713572066704308,0,1,Loyal,0.6217,Medium,114.24,Bronze
13515,73,4,891.12,15.103728813559322,681,6.793600652679757,2.779050848501173,6.525029657843462,0,1,Loyal,0.1499,Low,1082.36,Gold
13516,21,3,1389.41,31.5775,985,7.2373539466601775,3.483621866036924,6.893656354602635,0,1,Loyal,0.2494,Low,1204.52,Gold
13517,60,3,2128.42,15.09517730496454,1369,7.663604921153483,2.7785196808419763,7.222566018822171,0,1,Loyal,0.1075,Low,1713.27,Platinum
13518,86,1,627.16,17.42111111111111,382,6.442794911088096,2.913497349915154,5.948034989180646,0,1,Loyal,0.4498,Medium,575.64,Silver
13519,78,1,122.75,15.34375,23,4.8182634014487995,2.793845561265196,3.1780538303479458,0,1,Loyal,0.6665,Medium,95.76,Bronze
13520,59,6,3624.35,38.97150537634408,1649,8.195706114352095,3.6881668346696057,7.408530566894626,0,2,High-Value,0.1079,Low,3127.02,Platinum
13521,1,3,1071.73,2.5639473684210525,718,6.977962080025035,1.2708687419408942,6.577861357721047,0,1,Loyal,0.1107,Low,867.81,Gold
13522,30,1,125.8,25.160000000000004,44,4.842611042003125,3.2642315265889983,3.80666248977032,0,1,Loyal,0.5705,Medium,127.62,Bronze
13523,33,5,3964.88,23.051627906976744,1752,8.285483051435902,3.1802026827007928,7.469083884921234,0,2,High-Value,0.0341,Low,2907.11,Platinum
13524,41,5,680.1800000000001,25.191851851851855,324,6.523826588404497,3.265448364376216,5.783825182329737,0,1,Loyal,0.2674,Low,719.96,Gold
13525,15,2,628.78,104.79666666666668,394,6.445370552049637,4.661519012941738,5.978885764901122,0,1,Loyal,0.4544,Medium,714.62,Gold
13527,34,7,2242.36,10.333456221198157,1683,7.715730020972821,2.4277590789361625,7.428927194802272,0,2,High-Value,0.0415,Low,2494.74,Platinum
13529,79,2,307.76,20.517333333333333,74,5.732564276081653,3.068858811878096,4.31748811353631,0,1,Loyal,0.6013,Medium,208.66,Bronze
13531,205,2,483.8,21.990909090909092,174,6.1837364347551045,3.135098880877549,5.1647859739235145,1,0,At-Risk,0.4539,Medium,369.64,Silver
13532,34,1,210.31,3.1865151515151515,129,5.353326249578836,1.431868681792347,4.867534450455582,0,1,Loyal,0.3528,Low,178.78,Bronze
13533,183,3,269.09,3.5878666666666663,202,5.598755236788495,1.523415137525452,5.313205979041787,1,0,At-Risk,0.4468,Medium,324.53,Silver
13534,2,25,5870.08,19.83135135135135,2961,8.677793882270105,3.036459128413477,7.993619994827744,0,2,High-Value,0.0009,Low,5669.98,Platinum
13536,1,7,3444.39,19.35050561797753,2126,8.144792384587438,3.0131057576722067,7.662467815200237,0,2,High-Value,0.0249,Low,3660.09,Platinum
13538,43,7,1280.85,51.233999999999995,175,7.156059625954846,3.9557336238542793,5.170483995038151,0,1,Loyal,0.1228,Low,595.16,Silver
13539,86,3,631.34,17.063243243243242,320,6.449427224173901,2.8938791134409287,5.771441123130016,0,1,Loyal,0.3285,Low,603.61,Silver
13544,40,2,276.06,3.539230769230769,112,5.624234089229733,1.5127575636075403,4.727387818712341,0,1,Loyal,0.2776,Low,302.5,Bronze
13546,12,3,621.09,6.4029896907216495,357,6.433084776805697,2.0018839308788285,5.8805329864007,0,1,Loyal,0.1649,Low,619.8,Silver
13548,96,2,678.16,5.51349593495935,436,6.520856740447811,1.8738763220606145,6.07993319509559,1,1,Loyal,0.3387,Low,571.41,Silver
13549,26,7,918.2,18.00392156862745,458,6.823503726534546,2.944645356218045,6.129050210060545,0,1,Loyal,0.0991,Low,955.58,Gold
13551,319,1,91.8,22.950000000000003,12,4.530446639792155,3.1759683238569245,2.5649493574615367,1,0,At-Risk,0.7795,High,63.07,Bronze
13552,66,12,3740.07,34.31256880733945,1417,8.227126945747532,3.564238957431188,7.257002707092073,0,2,High-Value,0.0456,Low,3313.32,Platinum
13555,74,4,4098.88,30.362074074074076,2636,8.318712983971391,3.445599330861352,7.877397186353287,0,2,High-Value,0.095,Low,3808.56,Platinum
13557,28,2,584.06,17.178235294117645,546,6.371714406075083,2.9002250155074956,6.304448802421981,0,1,Loyal,0.3983,Low,859.39,Gold
13558,6,4,594.52,3.517869822485207,338,6.389434973453886,1.5080406045464232,5.82600010738045,0,1,Loyal,0.1651,Low,646.0,Silver
13560,7,1,171.42000000000002,5.3568750000000005,63,5.149933360781779,1.8495369043977237,4.1588830833596715,0,1,Loyal,0.4377,Medium,148.65,Bronze
13561,216,1,141.86,10.132857142857144,83,4.961865129726826,2.4099008388001564,4.430816798843313,1,0,At-Risk,0.7046,High,136.03,Bronze
13562,82,3,1799.33,21.943048780487803,757,7.495725260414088,3.1330150052457175,6.630683385642372,0,1,Loyal,0.2358,Low,1239.66,Gold
13563,84,2,777.53,15.867959183673468,209,6.657407526177046,2.825415916132362,5.3471075307174685,0,1,Loyal,0.3236,Low,353.08,Silver
13564,144,3,1724.67,21.29222222222222,636,7.453370659852556,3.10423783835589,6.456769655572163,1,1,Loyal,0.3448,Low,1183.38,Gold
13565,19,2,240.22,6.321578947368421,172,5.485709380155097,1.9908260079050384,5.153291594497779,0,1,Loyal,0.3079,Low,309.78,Silver
13566,41,2,856.84,5.0700591715976335,567,6.75441760191189,1.8033683532277869,6.342121418721152,0,1,Loyal,0.2062,Low,687.99,Gold
13568,173,1,187.05,4.3500000000000005,66,5.2367078849163455,1.6770965609079154,4.204692619390966,1,0,At-Risk,0.5174,Medium,134.44,Bronze
13569,17,2,338.62,4.286329113924051,156,5.8278273455181555,1.6651240756748944,5.056245805348308,0,1,Loyal,0.2695,Low,312.21,Silver
13570,243,1,239.49,8.870000000000001,161,5.482678508639762,2.2894998534453905,5.087596335232384,1,0,At-Risk,0.5087,Medium,231.23,Bronze
13571,13,12,2088.94,6.143941176470588,1757,7.644890636412799,1.9662646095636171,7.471932078245122,0,2,High-Value,0.0249,Low,2621.63,Platinum
13572,206,1,1384.25,41.946969696969695,534,7.233635907747459,3.7599660917379327,6.282266746896006,1,0,At-Risk,0.6278,Medium,811.16,Gold
13573,50,2,290.25,11.61,302,5.674182004879911,2.534490149976828,5.713732805509369,0,1,Loyal,0.2771,Low,453.55,Silver
13575,23,5,732.0699999999999,15.914565217391305,449,6.597241195280628,2.8281750979349116,6.1092475827643655,0,1,Loyal,0.1995,Low,887.12,Gold
13576,10,18,6717.34,53.312222222222225,2646,8.812596379192264,3.994749288577038,7.881182202227102,0,2,High-Value,0.0504,Low,6616.86,Platinum
13577,25,4,1687.6,20.33253012048193,791,7.4316550622354,3.060233143380351,6.674561391814426,0,1,Loyal,0.1647,Low,1348.28,Gold
13579,15,2,467.04,20.30608695652174,176,6.148553762350757,3.05899280449682,5.176149732573829,0,1,Loyal,0.396,Low,365.86,Silver
13581,309,1,118.0,11.8,30,4.77912349311153,2.549445170925571,3.4339872044851463,1,0,At-Risk,0.7965,High,106.71,Bronze
13583,156,1,781.03,14.73641509433962,725,6.661893102980819,2.7559774593826973,6.587550014824796,1,1,Loyal,0.3881,Low,674.48,Gold
13584,307,1,142.4,5.933333333333334,37,4.96563792816552,1.9363406980391624,3.6375861597263857,1,0,At-Risk,0.7962,High,109.69,Bronze
13587,64,1,712.4,89.05,180,6.570042272924791,4.500365071621965,5.198497031265826,0,1,Loyal,0.4292,Medium,486.26,Silver
13588,16,9,2478.95,14.246839080459768,2606,7.815993677665464,2.724372208156844,7.865955413933502,0,2,High-Value,0.0167,Low,3448.62,Platinum
13589,15,2,379.65,18.07857142857143,114,5.941880317752221,2.948565790500657,4.74493212836325,0,1,Loyal,0.5042,Medium,303.04,Bronze
13590,11,6,1981.92,22.780689655172413,1848,7.592325784791223,3.168873892321177,7.522400231387125,0,2,High-Value,0.0418,Low,2661.65,Platinum
13591,65,3,1117.13,19.26086206896552,485,7.019412926024925,3.0086910482097475,6.186208623900494,0,1,Loyal,0.2427,Low,947.6,Gold
13592,36,4,247.96,15.4975,84,5.5172922409900265,2.8032088542754394,4.442651256490317,0,1,Loyal,0.5416,Medium,238.56,Bronze
13593,108,5,2011.88,15.841574803149609,719,7.607321811344266,2.823850520068328,6.579251212010101,1,1,Loyal,0.2191,Low,1520.65,Gold
13594,53,1,396.97,15.268076923076924,359,5.986376625559036,2.7892047165238973,5.886104031450156,0,1,Loyal,0.3801,Low,440.49,Silver
13596,6,2,664.11,4.548698630136986,384,6.499952440510379,1.713563419206963,5.953243334287785,0,1,Loyal,0.2697,Low,581.35,Silver
13598,47,1,160.04,4.572571428571428,52,5.081652781331536,1.7178566042435477,3.970291913552122,0,1,Loyal,0.4319,Medium,129.17,Bronze
13599,1,21,5149.92,20.934634146341462,3293,8.546930618480117,3.088066855488494,8.099857910737585,0,2,High-Value,0.0012,Low,5707.57,Platinum
13600,312,1,219.52,11.553684210526315,324,5.395988393721483,2.530014185088465,5.783825182329737,1,0,At-Risk,0.5109,Medium,285.94,Bronze
13601,45,2,693.32,7.003232323232324,548,6.54293294933599,2.079845500481532,6.3080984415095305,0,1,Loyal,0.2278,Low,686.39,Gold
13602,65,1,428.89,18.647391304347824,267,6.063529362008149,2.977944571453684,5.5909869805108565,0,1,Loyal,0.4964,Medium,451.37,Silver
13603,26,1,164.34,6.086666666666667,164,5.108003959824529,1.958215084245692,5.10594547390058,0,1,Loyal,0.302,Low,188.51,Bronze
13606,29,3,276.75,6.91875,276,5.6267214285197396,2.069233365087312,5.6240175061873385,0,1,Loyal,0.2602,Low,426.38,Silver
13607,40,1,675.51,6.964020618556701,288,6.516947229467592,2.074933975168551,5.666426688112432,0,1,Loyal,0.3026,Low,484.73,Silver
13610,12,7,1082.33,5.034093023255814,488,6.987794909727863,1.7974255571337494,6.192362489474872,0,1,Loyal,0.1272,Low,996.68,Gold
13611,89,3,1154.4,16.033333333333335,754,7.052201883347165,2.835172208541549,6.626717749249025,0,1,Loyal,0.2017,Low,1191.15,Gold
13614,24,4,1585.46,8.130564102564103,564,7.369260397972974,2.2116274783021797,6.336825731146441,0,1,Loyal,0.1749,Low,1031.69,Gold
13615,319,1,417.69,18.160434782608696,189,6.037130789291114,2.9528474644882095,5.247024072160486,1,0,At-Risk,0.5084,Medium,394.2,Silver
13617,40,3,544.18,12.367727272727272,300,6.301116015363744,2.5928433895834284,5.707110264748875,0,1,Loyal,0.2038,Low,548.38,Silver
13618,174,1,177.34,13.64153846153846,246,5.183691840706733,2.6838625891826604,5.5093883366279774,1,0,At-Risk,0.4097,Medium,242.25,Bronze
13621,117,1,213.85,11.255263157894737,343,5.3699401102210045,2.505955490261946,5.840641657373398,1,1,Loyal,0.5059,Medium,322.37,Silver
13623,31,5,727.74,9.33,286,6.591317015443623,2.3350522831315472,5.659482215759621,0,1,Loyal,0.1976,Low,732.62,Gold
13626,253,1,257.23,13.53842105263158,209,5.5538506606638975,2.6767948728546016,5.3471075307174685,1,0,At-Risk,0.462,Medium,265.32,Bronze
13627,59,5,1638.47,17.80945652173913,1269,7.402128297855622,2.9343597498460388,7.146772179452637,0,1,Loyal,0.0755,Low,1902.95,Platinum
13629,23,11,7792.36,132.07389830508475,4372,8.961027368080067,4.890904600272606,8.38320455141292,0,2,High-Value,0.049,Low,7472.39,Platinum
13630,5,7,2031.78,28.61661971830986,1391,7.617159593311352,3.3883356807307266,7.238496840894365,0,2,High-Value,0.0413,Low,2430.83,Platinum
13631,100,11,3070.42,279.1290909090909,467,8.029895274358873,5.635250535884481,6.148468295917647,1,2,High-Value,0.6212,Medium,2116.96,Platinum
13632,25,5,2118.93,14.613310344827584,1031,7.659138348252998,2.7481237776965903,6.939253946041508,0,2,High-Value,0.0928,Low,1734.08,Platinum
13634,33,5,1547.36,8.319139784946238,700,7.344951585251755,2.23207032668525,6.55250788703459,0,1,Loyal,0.0949,Low,1389.68,Gold
13635,68,1,1071.03,17.274677419354838,677,6.977309326313799,2.9055163540083617,6.519147287940395,0,1,Loyal,0.3965,Low,1070.78,Gold
13636,37,5,949.12,15.065396825396826,592,6.856588292406893,2.7766676935012713,6.385194398997726,0,1,Loyal,0.1612,Low,1162.01,Gold
13637,52,3,804.3,8.124242424242423,405,6.6912148788015,2.210934874021208,6.0063531596017325,0,1,Loyal,0.1432,Low,760.79,Gold
13638,16,1,122.64,15.33,93,4.817374117263916,2.7930039069823738,4.543294782270004,0,1,Loyal,0.6565,Medium,140.36,Bronze
13639,74,1,1033.34,25.833499999999997,800,6.941518821134943,3.2896511069172427,6.68586094706836,0,1,Loyal,0.3263,Low,1188.38,Gold
13642,216,1,312.28,5.478596491228069,151,5.7470973593421455,1.8685038960451297,5.0238805208462765,1,0,At-Risk,0.7153,High,230.87,Bronze
13643,31,3,519.44,18.551428571428573,273,6.254674607635275,2.973048356469038,5.6131281063880705,0,1,Loyal,0.3195,Low,538.03,Silver
13644,16,4,2624.26,17.974383561643837,2067,7.87293521773988,2.943089835884094,7.63433723562832,0,2,High-Value,0.0875,Low,2979.43,Platinum
13645,120,1,252.1,50.42,158,5.533784667551078,3.940027201837744,5.0689042022202315,1,1,Loyal,0.641,Medium,317.31,Silver
13647,10,4,1648.12,21.12974358974359,887,7.407997091288483,3.0969225674501306,6.78897174299217,0,1,Loyal,0.1956,Low,1449.64,Gold
13649,257,2,346.6,15.069565217391306,139,5.851052393391237,2.7769271238383797,4.941642422609304,1,0,At-Risk,0.6044,Medium,288.41,Bronze
13650,17,6,1836.34,19.128541666666667,922,7.516074152465826,3.0021387912582114,6.827629234502852,0,2,High-Value,0.1021,Low,1704.44,Platinum
13651,35,2,94.2,15.7,33,4.55597994179732,2.8154087194227095,3.5263605246161616,0,1,Loyal,0.4955,Medium,104.84,Bronze
13652,46,3,1095.08,17.38222222222222,578,6.999495457544853,2.9113840139838447,6.361302477572996,0,1,Loyal,0.2179,Low,949.13,Gold
13654,43,6,2707.33,16.30921686746988,2182,7.90408748775984,2.8512391265396055,7.688455356549944,0,2,High-Value,0.0283,Low,2916.79,Platinum
13655,114,2,932.97,16.66017857142857,605,6.83944431779864,2.8713123067571136,6.406879986069314,1,1,Loyal,0.3809,Low,908.27,Gold
13656,165,2,379.65,7.747959183673469,490,5.941880317752221,2.1688204370141384,6.19644412779452,1,0,At-Risk,0.2768,Low,457.7,Silver
13657,11,2,382.14,23.88375,209,5.948400457636955,3.2142149799860062,5.3471075307174685,0,1,Loyal,0.3997,Low,369.47,Silver
13658,10,5,2639.17,24.43675925925926,1019,7.878598588006555,3.2361953427496974,6.927557906278317,0,2,High-Value,0.0893,Low,2098.65,Platinum
13659,206,2,1563.0,15.1747572815534,882,7.355001921105257,2.783451834497152,6.78332520060396,1,0,At-Risk,0.4322,Medium,1082.52,Gold
13662,86,3,881.26,16.947307692307692,533,6.782486797146853,2.88744011439829,6.280395838960195,0,1,Loyal,0.244,Low,911.24,Gold
13663,179,1,189.47,14.574615384615385,91,5.249494701850468,2.745642369961888,4.5217885770490405,1,0,At-Risk,0.6706,Medium,143.14,Bronze
13666,60,3,84.65,7.054166666666667,41,4.450269224770129,2.0861895558663397,3.737669618283368,0,1,Loyal,0.2815,Low,117.92,Bronze
13667,149,1,299.05,3.603012048192771,149,5.703949127435522,1.5267108822969775,5.0106352940962555,1,0,At-Risk,0.677,Medium,196.06,Bronze
13668,3,21,6309.83,13.628142548596111,3722,8.750022484127467,2.682947245153251,8.222285073872717,0,2,High-Value,0.001,Low,6123.64,Platinum
13669,51,2,218.55,24.283333333333335,237,5.391579997007726,3.230145417126431,5.472270673671475,0,1,Loyal,0.2974,Low,374.63,Silver
13670,75,1,349.7,13.988,282,5.859931157146132,2.7072498809314407,5.645446897643238,0,1,Loyal,0.4625,Medium,299.64,Bronze
13672,301,2,186.39,31.065,57,5.233192006587575,3.467765092600826,4.060443010546419,1,0,At-Risk,0.4503,Medium,196.05,Bronze
13673,19,2,387.44,6.457333333333334,114,5.962138717726154,2.009197888291232,4.74493212836325,0,1,Loyal,0.4421,Medium,311.67,Silver
13675,151,2,486.8200000000001,19.472800000000003,330,6.189946485351331,3.019097175858724,5.802118375377063,1,1,Loyal,0.4137,Medium,565.53,Silver
13678,152,1,232.6,14.5375,924,5.453610250954072,2.7432564568368294,6.829793737512425,1,0,At-Risk,0.4882,Medium,399.21,Silver
13680,1,4,3719.12,19.170721649484538,1934,8.221511204811428,3.004232129684272,7.567862605463883,0,2,High-Value,0.077,Low,2739.66,Platinum
13681,18,4,827.83,14.523333333333332,360,6.720015067761323,2.742344268326176,5.8888779583328805,0,1,Loyal,0.1463,Low,748.91,Gold
13682,187,1,59.5,19.833333333333332,10,4.102643365036796,3.036554268074246,2.3978952727983707,1,0,At-Risk,0.8288,High,44.69,Bronze
13684,286,1,65.13,2.245862068965517,38,4.191622501686571,1.1773809755726548,3.6635616461296463,1,0,At-Risk,0.8755,High,60.58,Bronze
13685,3,7,3119.44,79.98564102564103,5056,8.045729296501372,4.394271867669644,8.528528701079983,0,2,High-Value,0.0975,Low,5047.97,Platinum
13686,183,1,72.0,9.0,70,4.290459441148391,2.302585092994046,4.2626798770413155,1,0,At-Risk,0.676,Medium,119.79,Bronze
13689,63,1,910.0,151.66666666666666,512,6.814542897259958,5.028256895446075,6.240275845170769,0,1,Loyal,0.4054,Medium,846.27,Gold
13690,59,1,172.25,19.13888888888889,67,5.1547356380700124,3.002652716398565,4.219507705176107,0,1,Loyal,0.612,Medium,142.29,Bronze
13692,25,3,1488.32,28.081509433962264,1226,7.30607491892943,3.370102557575535,7.112327444710911,0,1,Loyal,0.2422,Low,1872.63,Platinum
13694,4,50,65039.62,114.50637323943664,63312,11.082767276771584,4.749325708001734,11.055845958294505,0,2,High-Value,0.0037,Low,83473.54,Platinum
13695,31,15,2504.13,27.823666666666668,1603,7.826095908379989,3.36119680894188,7.38025578842646,0,2,High-Value,0.0395,Low,2892.68,Platinum
13697,39,1,151.29999999999998,12.608333333333333,177,5.025852259901116,2.610682350188419,5.181783550292085,0,1,Loyal,0.357,Low,185.55,Bronze
13699,155,1,308.58000000000004,22.041428571428575,66,5.735216540145732,3.137293837873778,4.204692619390966,1,0,At-Risk,0.6629,Medium,144.13,Bronze
13700,26,10,2248.63,11.590876288659794,2281,7.718521037231551,2.532972447592833,7.732807530422021,0,2,High-Value,0.0227,Low,3082.5,Platinum
13703,318,1,99.5,99.5,10,4.61015772749913,4.61015772749913,2.3978952727983707,1,0,At-Risk,0.8877,High,95.78,Bronze
13704,5,9,2308.06,17.224328358208954,1531,7.744595794291895,2.9027574244424703,7.334329350300536,0,2,High-Value,0.0401,Low,2416.39,Platinum
13705,8,3,711.86,25.423571428571428,363,6.569285047698251,3.27425646893529,5.8971538676367405,0,1,Loyal,0.3294,Low,849.33,Gold
13706,303,1,330.79,16.5395,189,5.8045022386644325,2.8644554802663458,5.247024072160486,1,0,At-Risk,0.5313,Medium,380.14,Silver
13707,267,2,806.41,16.800208333333334,351,6.693831593776871,2.879210161349397,5.863631175598097,1,0,At-Risk,0.378,Low,657.52,Gold
13708,271,1,285.33,5.823061224489796,301,5.657144991804844,1.9203082310437667,5.71042701737487,1,0,At-Risk,0.4328,Medium,339.31,Silver
13709,4,13,6307.650000000001,18.828805970149254,3508,8.74967698652825,2.9871357274131753,8.163086375583216,0,2,High-Value,0.0014,Low,5682.04,Platinum
13710,32,1,180.48,22.56,176,5.201145454795763,3.159550358783386,5.176149732573829,0,1,Loyal,0.288,Low,311.37,Silver
13711,219,2,252.06,19.38923076923077,140,5.5336266147611175,3.015006857990996,4.948759890378168,1,0,At-Risk,0.5521,Medium,310.24,Silver
13712,247,1,228.84,22.884,352,5.437383414671034,3.173208778684746,5.8664680569332965,1,0,At-Risk,0.3813,Low,411.21,Silver
13715,281,5,1077.39,10.359519230769232,562,6.983224467118015,2.4300560911623337,6.333279628139691,1,0,At-Risk,0.2174,Low,1163.44,Gold
13716,269,1,138.28,6.584761904761905,138,4.936486295459933,2.0261412220325177,4.9344739331306915,1,0,At-Risk,0.5961,Medium,212.96,Bronze
13717,32,6,1445.01,14.166764705882352,1959,7.276563318324119,2.7191065013920137,7.580699752224563,0,1,Loyal,0.0669,Low,1872.3,Platinum
13718,246,2,306.55,25.545833333333334,173,5.728637675654378,3.278872798774497,5.159055299214529,1,0,At-Risk,0.5208,Medium,354.65,Silver
13719,15,5,1041.68,17.361333333333334,609,6.949549600639115,2.9102470041967696,6.413458957167357,0,1,Loyal,0.133,Low,1144.64,Gold
13720,117,4,799.9,18.60232558139535,501,6.685736095329637,2.975648211309874,6.218600119691729,1,1,Loyal,0.2186,Low,946.48,Gold
13721,36,1,524.14,18.71928571428571,316,6.263664893709055,2.9815971271333734,5.75890177387728,0,1,Loyal,0.4865,Medium,569.31,Silver
13722,132,3,2375.41,27.946,1401,7.773346224518516,3.3654320252154126,7.245655067594536,1,1,Loyal,0.3551,Low,1833.89,Platinum
13723,217,1,199.85,33.30833333333334,43,5.302558360805292,3.535388278987859,3.784189633918261,1,0,At-Risk,0.6078,Medium,207.65,Bronze
13725,50,8,1980.56,19.04384615384615,806,7.5916396922628975,2.9979221816462576,6.693323668269949,0,2,High-Value,0.0459,Low,1549.24,Gold
13726,39,2,1079.66,25.70619047619047,1054,6.985327244577021,3.284895391573283,6.961296045910167,0,1,Loyal,0.2803,Low,1654.7,Platinum
13727,29,2,333.48,16.674,162,5.81257708704831,2.872094633095813,5.093750200806762,0,1,Loyal,0.3714,Low,335.37,Silver
13728,37,6,1016.14,16.12920634920635,458,6.924750046357999,2.8407849802181326,6.129050210060545,0,1,Loyal,0.1689,Low,926.68,Gold
13730,136,2,752.6,17.50232558139535,488,6.624861723262153,2.917896431286255,6.192362489474872,1,1,Loyal,0.3533,Low,699.6,Gold
13731,219,2,610.59,16.068157894736842,278,6.416062123365316,2.8372146162049727,5.631211781821365,1,0,At-Risk,0.3746,Low,523.82,Silver
13732,28,1,491.86,14.904848484848486,498,6.200225158054739,2.7666239988965993,6.212606095751519,0,1,Loyal,0.3593,Low,524.27,Silver
13735,25,4,2883.54,14.787384615384616,1128,7.967120720822151,2.759211179044018,7.029087564149662,0,2,High-Value,0.121,Low,1794.33,Platinum
13736,5,2,729.8,3.8410526315789473,496,6.594139824503851,1.5771321829453373,6.208590026096629,0,1,Loyal,0.2195,Low,593.66,Silver
13737,200,1,339.59999999999997,11.32,125,5.830708768228588,2.5112239581053735,4.836281906951478,1,0,At-Risk,0.6926,Medium,208.34,Bronze
13739,18,1,216.9,72.3,54,5.384036241950574,4.294560608892605,4.007333185232471,0,1,Loyal,0.5394,Medium,189.8,Bronze
13740,241,1,350.75,15.25,425,5.862920695994498,2.7880929087757464,6.054439346269371,1,0,At-Risk,0.4315,Medium,459.75,Silver
13741,72,3,668.4300000000001,19.65970588235294,218,6.50642660402637,3.0281852274988195,5.389071729816501,0,1,Loyal,0.3147,Low,475.32,Silver
13742,17,12,3107.87,9.92929712460064,1115,8.04201459509639,2.3914469931307867,7.017506142941256,0,2,High-Value,0.0342,Low,2459.18,Platinum
13743,3,7,1341.6,32.72195121951219,1776,7.2023633115046515,3.5181489968068567,7.482681828154651,0,1,Loyal,0.061,Low,3168.07,Platinum
13744,95,2,1080.52,17.15111111111111,1153,6.9861227380561495,2.898731777080136,7.050989447068045,1,1,Loyal,0.2422,Low,1423.86,Gold
13745,162,1,300.04,12.001600000000002,496,5.707243146285182,2.5650724268112706,6.208590026096629,1,0,At-Risk,0.4867,Medium,365.99,Silver
13747,374,1,79.6,79.6,8,4.389498649512583,4.389498649512583,2.1972245773362196,1,0,At-Risk,0.9253,High,90.9,Bronze
13748,96,5,948.25,33.86607142857143,439,6.855672199111912,3.551514190978692,6.0867747269123065,1,1,Loyal,0.2132,Low,1050.16,Gold
13750,54,5,1647.26,68.63583333333334,516,7.407475465015805,4.243279281595557,6.248042874508429,0,1,Loyal,0.1547,Low,1441.33,Gold
13751,288,1,296.25,32.916666666666664,152,5.694573535570891,3.5239065356545947,5.030437921392435,1,0,At-Risk,0.6487,Medium,298.66,Bronze
13752,124,6,1175.38,15.671733333333334,874,7.07019720551526,2.813714670561399,6.774223886357614,1,1,Loyal,0.0981,Low,1541.24,Gold
13753,288,1,741.26,21.178857142857144,512,6.609699586102796,3.099139454122962,6.240275845170769,1,0,At-Risk,0.3894,Low,708.59,Gold
13754,152,2,282.59999999999997,23.549999999999997,214,5.647564794657972,3.2007118542405295,5.3706380281276624,1,0,At-Risk,0.4638,Medium,385.91,Silver
13755,4,9,2108.06,6.567165109034268,1242,7.653997629576229,2.02381850709034,7.1252830915107115,0,2,High-Value,0.0399,Low,2003.89,Platinum
13756,2,14,5189.52,36.54591549295775,3188,8.55458916381921,3.625564597139443,8.067462667010057,0,2,High-Value,0.0021,Low,5231.26,Platinum
13758,12,7,3190.55,27.26965811965812,1844,8.068261971187837,3.341789078235066,7.520234556474628,0,2,High-Value,0.0243,Low,3093.12,Platinum
13759,33,2,659.4100000000001,26.376400000000004,287,6.492860854269306,3.3096813283814916,5.662960480135946,0,1,Loyal,0.391,Low,657.74,Gold
13760,54,2,286.79,5.03140350877193,197,5.662231047497966,1.7969797380128718,5.288267030694535,0,1,Loyal,0.3519,Low,318.32,Silver
13761,50,2,1070.65,15.295000000000002,642,6.976954795783142,2.790858312289525,6.466144724237619,0,1,Loyal,0.3111,Low,850.32,Gold
13762,219,1,306.72,43.81714285714286,272,5.729190278590734,3.8025907192891526,5.60947179518496,1,0,At-Risk,0.619,Medium,390.92,Silver
13763,63,1,1714.96,114.33066666666669,728,7.447727969752915,4.747803364735028,6.591673732008658,0,1,Loyal,0.4785,Medium,1383.62,Gold
13764,71,3,1519.42,7.340193236714976,926,7.326741891461619,2.121086385972139,6.831953565565855,0,1,Loyal,0.1273,Low,1183.62,Gold
13767,2,37,17220.36,46.79445652173913,7322,9.753905752795765,3.866909660423544,8.89877535906107,0,2,High-Value,0.0112,Low,15823.89,Platinum
13769,2,10,2796.51,20.71488888888889,1163,7.936485014799888,3.0779981491829456,7.059617628291383,0,2,High-Value,0.0256,Low,2312.04,Platinum
13771,64,4,2634.45,22.13823529411765,1477,7.876809224383177,3.1414864567190355,7.298445101508147,0,2,High-Value,0.1534,Low,2444.7,Platinum
13772,34,3,1122.63,6.489190751445087,540,7.024319794766853,2.01346074782616,6.293419278846481,0,1,Loyal,0.1255,Low,844.38,Gold
13774,82,1,345.0,15.681818181818182,192,5.846438775057725,2.8143193946962546,5.262690188904886,0,1,Loyal,0.4713,Medium,331.96,Silver
13777,1,33,25977.16,131.86375634517768,12897,10.165011464005929,4.889324214795256,9.464827539570322,0,2,High-Value,0.0037,Low,26739.33,Platinum
13778,103,1,178.7,19.85555555555555,70,5.191288793789513,3.0376203662562435,4.2626798770413155,1,1,Loyal,0.6603,Medium,141.86,Bronze
13780,7,2,360.01,6.315964912280702,318,5.888905658780245,1.990058934492064,5.765191102784844,0,1,Loyal,0.287,Low,461.53,Silver
13781,251,1,127.84,7.52,30,4.858571324462998,2.1424163408412245,3.4339872044851463,1,0,At-Risk,0.7635,High,104.96,Bronze
13782,13,6,908.86,8.043008849557522,369,6.8132907415215165,2.201991956366459,5.91350300563827,0,1,Loyal,0.1203,Low,876.48,Gold
13784,10,11,2462.79,79.44483870967741,2493,7.809456093748633,4.387571716124637,7.821643126239982,0,2,High-Value,0.0815,Low,3821.06,Platinum
13786,367,1,230.4,32.91428571428571,136,5.444147814759576,3.5238363331202542,4.919980925828125,1,0,At-Risk,0.6465,Medium,271.64,Bronze
13787,76,2,309.04,9.969032258064518,337,5.736701321413311,2.395076053264012,5.823045895483019,0,1,Loyal,0.2646,Low,490.62,Silver
13790,4,1,348.8,7.751111111111111,748,5.857361562584502,2.1691806764347055,6.618738983517219,0,1,Loyal,0.2445,Low,452.94,Silver
13791,128,2,1516.0,137.8181818181818,1200,7.324489979348532,4.933165032420262,7.0909098220799835,1,1,Loyal,0.6682,Medium,1546.7,Gold
13792,66,2,195.55,15.042307692307691,92,5.280916851867869,2.7752294631814176,4.532599493153256,0,1,Loyal,0.5016,Medium,170.36,Bronze
13798,1,57,37153.85,106.4580229226361,23948,10.522849593441716,4.677100286868221,10.083681848313908,0,2,High-Value,0.0037,Low,33320.25,Platinum
13799,117,2,688.86,17.663076923076922,402,6.5364886784538845,2.9265470758812366,5.998936561946683,1,1,Loyal,0.3638,Low,672.9,Gold
13800,310,1,558.32,16.91878787878788,331,6.32672176017265,2.885849764566409,5.805134968916488,1,0,At-Risk,0.5363,Medium,482.5,Silver
13801,67,1,324.8,14.121739130434785,168,5.786283696167945,2.716133385991033,5.1298987149230735,0,1,Loyal,0.4428,Medium,240.93,Bronze
13802,139,3,4599.42,76.657,2572,8.433902882657025,4.352301693632051,7.852827812281744,1,2,High-Value,0.3281,Low,2803.98,Platinum
13803,255,1,277.07,16.298235294117646,121,5.627872880555851,2.850604490180388,4.804021044733257,1,0,At-Risk,0.6439,Medium,254.48,Bronze
13804,31,7,2588.39,19.173259259259257,1462,7.85917760571858,3.0043579283645667,7.288244401020124,0,2,High-Value,0.0358,Low,2570.1,Platinum
13805,52,2,924.6,71.12307692307692,1900,6.830442175879467,4.278374061361212,7.550135342488429,0,1,Loyal,0.5039,Medium,1408.61,Gold
13806,64,1,256.38,25.638,56,5.550553592065519,3.282338767778839,4.04305126783455,0,1,Loyal,0.5821,Medium,187.47,Bronze
13807,367,1,112.6,16.085714285714285,36,4.732683506287051,2.838242692461218,3.610917912644224,1,0,At-Risk,0.7875,High,102.07,Bronze
13808,6,5,1747.66,22.995526315789476,782,7.466605059322925,3.177867409463881,6.663132695990803,0,1,Loyal,0.1284,Low,1692.52,Platinum
13809,305,1,155.05,12.920833333333334,29,5.0501764687167885,2.633386519014765,3.4011973816621555,1,0,At-Risk,0.7765,High,107.62,Bronze
13810,29,3,1499.01,42.828857142857146,312,7.313227053734746,3.780292439321364,5.746203190540153,0,1,Loyal,0.2319,Low,1013.82,Gold
13811,184,3,814.5,62.65384615384615,68,6.703801422061068,4.153459749789681,4.23410650459726,1,0,At-Risk,0.4356,Medium,479.09,Silver
13812,42,3,539.0,14.97222222222222,333,6.29156913955832,2.7708511023412403,5.811140992976701,0,1,Loyal,0.215,Low,554.88,Silver
13813,40,4,1366.86,19.809565217391302,552,7.221002753764198,3.035412747221943,6.315358001522335,0,1,Loyal,0.1861,Low,1058.54,Gold
13814,92,2,1579.12,27.703859649122805,864,7.365256072504094,3.357031596271441,6.762729506931879,1,1,Loyal,0.5221,Medium,1204.72,Gold
13815,22,4,4027.36,22.882727272727273,2560,8.301114624224146,3.173155489403872,7.848153086199526,0,2,High-Value,0.0776,Low,4144.67,Platinum
13816,24,2,571.6700000000001,20.416785714285716,269,6.3503096345809205,3.0641749937354614,5.598421958998375,0,1,Loyal,0.3768,Low,579.53,Silver
13817,29,2,382.98,15.9575,211,5.950590467898009,2.8307102138380977,5.356586274672012,0,1,Loyal,0.3505,Low,361.65,Silver
13819,302,3,1140.35,31.676388888888887,1109,7.039967051290641,3.486652764770318,7.01211529430638,1,0,At-Risk,0.3474,Low,1450.55,Gold
13821,145,2,385.64,6.536271186440678,153,5.957494027536828,2.0197275220884743,5.0369526024136295,1,1,Loyal,0.4914,Medium,319.03,Silver
13822,6,2,632.0,6.583333333333333,611,6.450470422144176,2.02595285672885,6.416732282512326,0,1,Loyal,0.2438,Low,724.28,Gold
13823,19,2,957.66,23.9415,439,6.865536476045727,3.216533082789723,6.0867747269123065,0,1,Loyal,0.3298,Low,807.48,Gold
13824,33,5,1698.94,36.93347826086956,768,7.438348235303808,3.635834053602136,6.645090969505644,0,1,Loyal,0.1315,Low,1821.01,Platinum
13826,176,1,189.5,18.95,82,5.249652194566756,2.9932291433358724,4.418840607796598,1,0,At-Risk,0.6492,Medium,223.86,Bronze
13827,58,3,409.8,4.4543478260869565,138,6.018106478054404,1.6964130568832816,4.9344739331306915,0,1,Loyal,0.2991,Low,323.91,Silver
13828,22,1,209.49,13.966,311,5.349438146055751,2.7057809616581667,5.7430031878094825,0,1,Loyal,0.4475,Medium,284.72,Bronze
13831,16,6,2198.45,30.534027777777776,743,7.695962608091198,3.4510672096983224,6.612041034833092,0,2,High-Value,0.1108,Low,1881.94,Platinum
13832,19,1,52.2,17.4,28,3.9740583963475986,2.91235066461494,3.367295829986474,0,1,Loyal,0.7159,High,78.68,Bronze
13833,159,1,383.85,13.708928571428572,117,5.9528536479803265,2.688454695212054,4.770684624465665,1,0,At-Risk,0.6737,Medium,212.87,Bronze
13835,25,4,834.57,15.174,442,6.728114126692287,2.7834050146736304,6.093569770045136,0,1,Loyal,0.1471,Low,839.33,Gold
13837,212,2,266.59000000000003,14.810555555555558,182,5.589455958348054,2.760677790107833,5.209486152841421,1,0,At-Risk,0.3938,Low,280.88,Bronze
13838,6,4,674.82,4.089818181818182,254,6.515926768396882,1.6272421092600289,5.541263545158426,0,1,Loyal,0.1815,Low,607.89,Silver
13841,253,1,85.0,85.0,100,4.454347296253507,4.454347296253507,4.61512051684126,1,0,At-Risk,0.773,High,179.07,Bronze
13842,59,9,3385.62,16.43504854368932,1768,8.127587652841866,2.8584824643904043,7.478169694159785,0,2,High-Value,0.017,Low,2730.99,Platinum
13844,11,1,361.62,18.081,196,5.893355453997663,2.9486930755482046,5.2832037287379885,0,1,Loyal,0.4856,Medium,341.69,Silver
13845,65,1,312.98,34.775555555555556,182,5.749329289612172,3.577264854477929,5.209486152841421,0,1,Loyal,0.5258,Medium,359.76,Silver
13846,25,3,865.0600000000001,15.728363636363635,388,6.763954190227071,2.817105700075358,5.963579343618446,0,1,Loyal,0.1714,Low,743.26,Gold
13848,92,3,1255.0,251.0,3700,7.135687347028144,5.529429087511423,8.216358332386156,1,1,Loyal,0.6135,Medium,5534.7,Platinum
13849,52,2,1537.95,15.22722772277228,1016,7.338855644682132,2.786690555030895,6.92461239604856,0,1,Loyal,0.2521,Low,1490.79,Gold
13850,129,1,1595.48,17.155698924731183,944,7.375556484672672,2.898984501769524,6.851184927493743,1,1,Loyal,0.5311,Medium,1244.82,Gold
13851,96,3,2651.46,32.73407407407407,1705,7.883242790261331,3.518508426661777,7.441906728051625,1,1,Loyal,0.3844,Low,2747.49,Platinum
13853,57,1,1090.14,47.39739130434783,312,6.994978300240205,3.879445913599501,5.746203190540153,0,1,Loyal,0.4237,Medium,687.89,Gold
13854,9,25,8109.52,73.72290909090908,2296,9.000917263426343,4.31378672639222,7.739359202689098,0,2,High-Value,0.0118,Low,7652.92,Platinum
13856,169,3,388.5,27.75,494,5.964863865310803,3.3586377672433594,6.20455776256869,1,0,At-Risk,0.6588,Medium,657.29,Gold
13858,57,1,216.17,19.651818181818182,75,5.38068045697316,3.027803363076759,4.330733340286331,0,1,Loyal,0.5798,Medium,180.51,Bronze
13859,326,1,201.16,7.184285714285714,129,5.309059463079938,2.102215939365173,4.867534450455582,1,0,At-Risk,0.6925,Medium,227.5,Bronze
13860,1,5,1245.9,16.39342105263158,591,7.1284157500025405,2.856092034299023,6.3835066348840055,0,1,Loyal,0.1339,Low,1182.38,Gold
13862,18,8,2209.36,15.894676258992806,1688,7.700910677173299,2.8269985580408323,7.4318919168078,0,2,High-Value,0.0381,Low,2332.49,Platinum
13863,248,1,305.78,15.288999999999998,224,5.726130878319963,2.790490033375468,5.41610040220442,1,0,At-Risk,0.4866,Medium,331.61,Silver
13865,58,4,501.56,16.718666666666667,204,6.219715035790337,2.874618697801152,5.3230099791384085,0,1,Loyal,0.3127,Low,526.21,Silver
13866,74,1,145.67000000000002,20.81,57,4.988185165258664,3.082368580213538,4.060443010546419,0,1,Loyal,0.5953,Medium,135.53,Bronze
13867,31,3,1005.09,16.7515,501,6.913826809878765,2.8764700193931594,6.218600119691729,0,1,Loyal,0.2653,Low,891.87,Gold
13868,7,2,3192.54,96.74363636363636,1964,8.068885298365506,4.582348095607034,7.583247524303362,0,2,High-Value,0.3226,Low,1887.94,Platinum
13869,123,4,3083.65,10.143585526315787,1709,8.034193477715295,2.4108640432441892,7.444248649496705,1,2,High-Value,0.3165,Low,2540.69,Platinum
13870,2,8,2770.94,24.095130434782607,1325,7.927302715053892,3.2226738207336605,7.189922170745808,0,2,High-Value,0.0332,Low,2566.18,Platinum
13871,23,13,6403.25,19.057291666666668,2806,8.764717111455825,2.9985927617871275,7.939871576361883,0,2,High-Value,0.0014,Low,5339.43,Platinum
13873,120,3,389.6,16.93913043478261,140,5.967684018442578,2.886984384708002,4.948759890378168,1,1,Loyal,0.4807,Medium,338.9,Silver
13874,358,1,540.45,30.025,180,6.294250726074389,3.434793331090671,5.198497031265826,1,0,At-Risk,0.5722,Medium,331.38,Silver
13875,54,5,1786.79,17.180673076923078,1316,7.488735499171278,2.900359110997063,7.183111701743281,0,1,Loyal,0.0689,Low,1868.03,Platinum
13876,64,1,122.7,17.52857142857143,36,4.8178592793984425,2.919313942267085,3.610917912644224,0,1,Loyal,0.6991,Medium,107.43,Bronze
13877,86,1,117.24,39.08,108,4.772716457199891,3.6908774567766094,4.6913478822291435,0,1,Loyal,0.6215,Medium,219.33,Bronze
13878,55,1,1271.57,36.330571428571425,463,7.148793756734876,3.619812600298523,6.139884552226255,0,1,Loyal,0.4392,Medium,855.07,Gold
13880,21,13,3219.77,19.513757575757577,1842,8.077375740386112,3.02109576231308,7.519149957669823,0,2,High-Value,0.0106,Low,3517.18,Platinum
13881,4,20,17159.52,96.401797752809,10118,9.75036667561313,4.57884466789919,9.22217012372976,0,2,High-Value,0.0037,Low,14824.09,Platinum
13882,3,5,1191.13,18.325076923076924,953,7.083496902081326,2.9614035749611354,6.860663671448287,0,1,Loyal,0.083,Low,1458.56,Gold
13883,11,5,2674.48,18.834366197183098,1436,7.891884082485146,2.9874160996964014,7.270312886079025,0,2,High-Value,0.082,Low,2512.24,Platinum
13884,7,5,787.6,13.34915254237288,300,6.670259221443527,2.663690884181104,5.707110264748875,0,1,Loyal,0.1397,Low,715.73,Gold
13885,189,2,506.8,18.1,182,6.230087669270578,2.9496883350525844,5.209486152841421,1,0,At-Risk,0.4583,Medium,368.73,Silver
13886,71,1,243.56,15.2225,126,5.499460677582579,2.7863991675131863,4.844187086458591,0,1,Loyal,0.6438,Medium,238.52,Bronze
13887,204,1,349.55,18.397368421052633,147,5.859503349652977,2.9651374084688573,4.997212273764115,1,0,At-Risk,0.6585,Medium,298.42,Bronze
13888,120,2,595.67,15.273589743589742,254,6.391364196743265,2.7895435326406024,5.541263545158426,1,1,Loyal,0.3532,Low,490.26,Silver
13889,93,1,416.9,27.793333333333337,146,6.03524216945387,3.3601438788644455,4.990432586778736,1,1,Loyal,0.5505,Medium,305.24,Silver
13890,1,10,1883.81,17.125545454545456,831,7.54158229904591,2.897322294331809,6.723832440821209,0,2,High-Value,0.0409,Low,1758.82,Platinum
13892,27,4,632.97,23.443333333333335,983,6.4520016347056774,3.1963575134375986,6.891625897052253,0,1,Loyal,0.3398,Low,1185.39,Gold
13893,298,1,821.1,39.1,190,6.711862042158088,3.691376334312523,5.25227342804663,1,0,At-Risk,0.5844,Medium,454.1,Silver
13894,24,3,564.62,20.911851851851853,354,6.337922474636114,3.0870276708869833,5.872117789475416,0,1,Loyal,0.405,Medium,754.6,Gold
13895,28,4,2593.07,21.975169491525424,1365,7.860983349863101,3.134414045430009,7.219642040130736,0,2,High-Value,0.1251,Low,2145.49,Platinum
13897,50,1,311.16,18.303529411764707,200,5.743515876874802,2.9602879502678543,5.303304908059076,0,1,Loyal,0.5091,Medium,380.64,Silver
13898,326,1,155.93,12.994166666666668,133,5.055799846050629,2.638640576118916,4.897839799950911,1,0,At-Risk,0.6581,Medium,219.65,Bronze
13899,16,2,388.52,20.448421052631577,156,5.9649152118744455,3.0656510320647063,5.056245805348308,0,1,Loyal,0.4925,Medium,364.06,Silver
13900,183,3,740.95,17.23139534883721,430,6.609281855452135,2.903145127112897,6.066108090103747,1,0,At-Risk,0.3408,Low,770.53,Gold
13901,72,5,2867.2,19.242953020134227,1739,7.961439934295112,3.007806733981125,7.461640392208575,0,2,High-Value,0.0512,Low,2810.04,Platinum
13904,37,2,332.64,12.793846153846154,332,5.810062567373411,2.624222561825702,5.808142489980444,0,1,Loyal,0.281,Low,455.87,Silver
13908,80,4,2369.55,19.42254098360656,1478,7.770877274716226,3.016639241018827,7.2991214627108,0,1,Loyal,0.1663,Low,2344.86,Platinum
13911,57,9,2580.91,17.43858108108108,2731,7.856284714098846,2.914445267287172,7.912789220690681,0,2,High-Value,0.0152,Low,3338.91,Platinum
13914,12,2,626.45,18.983333333333334,380,6.441663986556317,2.9948985928054137,5.942799375126701,0,1,Loyal,0.3727,Low,647.39,Silver
13917,50,2,272.04,15.113333333333337,228,5.609618304598452,2.7796470866072274,5.43372200355424,0,1,Loyal,0.2636,Low,362.37,Silver
13918,50,2,1212.84,40.428,1140,7.101544167216986,3.7239569807266326,7.039660349862076,0,1,Loyal,0.2763,Low,1574.5,Gold
13919,59,2,384.81,13.743214285714286,474,5.955345020301596,2.6907829285049347,6.163314804034641,0,1,Loyal,0.2723,Low,492.25,Silver
13922,352,1,172.25,24.607142857142858,93,5.1547356380700124,3.2428713304244163,4.543294782270004,1,0,At-Risk,0.6497,Medium,194.29,Bronze
13923,54,1,351.13,17.5565,185,5.864000425598742,2.920820131988859,5.225746673713202,0,1,Loyal,0.4508,Medium,344.01,Silver
13924,2,6,1838.85,15.716666666666669,1575,7.517439325540823,2.816406225739835,7.362645270417825,0,2,High-Value,0.1159,Low,1971.62,Platinum
13925,93,4,678.25,16.54268292682927,331,6.520989248306457,2.8646369357273493,5.805134968916488,1,1,Loyal,0.3169,Low,666.27,Gold
13926,23,1,223.85,20.35,104,5.415433513216716,3.0610517396746335,4.653960350157523,0,1,Loyal,0.5654,Medium,214.89,Bronze
13927,75,1,348.99,16.61857142857143,214,5.857904582646717,2.868953540522583,5.3706380281276624,0,1,Loyal,0.4813,Medium,371.63,Silver
13928,11,4,464.57,17.206296296296298,129,6.143262461351643,2.901767484601677,4.867534450455582,0,1,Loyal,0.4274,Medium,427.12,Silver
13929,169,2,842.65,93.62777777777778,143,6.737737716644347,4.549951066970367,4.969813299576001,1,0,At-Risk,0.654,Medium,655.58,Gold
13930,58,2,337.34,19.843529411764703,274,5.824051307047146,3.037043560116075,5.616771097666572,0,1,Loyal,0.3739,Low,542.97,Silver
13931,96,2,1237.53,21.336724137931036,725,7.121680471486267,3.106232146269832,6.587550014824796,1,1,Loyal,0.3794,Low,1087.98,Gold
13932,295,1,307.4,19.2125,72,5.731397641689174,3.006301224903225,4.290459441148391,1,0,At-Risk,0.6822,Medium,161.52,Bronze
13933,109,2,608.7900000000001,26.469130434782613,205,6.413114635600407,3.313062844519969,5.327876168789581,1,1,Loyal,0.5599,Medium,414.28,Silver
13934,264,1,922.1,29.74516129032258,390,6.8277375709961055,3.425732625458434,5.968707559985366,1,0,At-Risk,0.4659,Medium,866.42,Gold
13936,180,1,376.58,14.483846153846152,330,5.933782466766897,2.7397972968514037,5.802118375377063,1,0,At-Risk,0.4814,Medium,337.27,Silver
13937,169,1,158.85,17.65,123,5.074235875505851,2.9258461460898246,4.820281565605037,1,0,At-Risk,0.6667,Medium,278.9,Bronze
13938,35,1,71.66,10.237142857142857,70,4.2857910267930555,2.41922461794835,4.2626798770413155,0,1,Loyal,0.6218,Medium,106.82,Bronze
13939,23,3,568.55,12.634444444444444,847,6.344846575345921,2.612599270652237,6.742880635791903,0,1,Loyal,0.2296,Low,1083.9,Gold
13940,17,4,839.14,17.12530612244898,516,6.73356854461668,2.8973090901125387,6.248042874508429,0,1,Loyal,0.1704,Low,989.9,Gold
13941,22,5,5112.96,113.62133333333334,2364,8.539729334154528,4.741633941697124,7.768533300926033,0,2,High-Value,0.0433,Low,3242.62,Platinum
13946,79,3,561.5699999999999,51.05181818181818,443,6.332515570780452,3.952239725897924,6.095824562432225,0,1,Loyal,0.3385,Low,808.61,Gold
13947,65,1,90.6,18.119999999999997,44,4.517431271680085,2.950734907623255,3.80666248977032,0,1,Loyal,0.5515,Medium,127.83,Bronze
13948,361,1,102.0,34.0,40,4.634728988229636,3.5553480614894135,3.713572066704308,1,0,At-Risk,0.6994,Medium,109.58,Bronze
13949,3,6,2427.32,15.170750000000002,2474,7.794954939211736,2.7832040547026344,7.813995675002791,0,2,High-Value,0.0295,Low,2838.73,Platinum
13950,11,4,745.06,21.28742857142857,323,6.61480602592395,3.1040227783127188,5.780743515792329,0,1,Loyal,0.2092,Low,756.78,Gold
13951,176,3,674.45,17.293589743589745,459,6.5153791354156905,2.906550711246938,6.131226489483141,1,0,At-Risk,0.3943,Low,759.64,Gold
13952,218,2,3251.071,23.730445255474457,1431,8.087047303147697,3.2080350860406504,7.266827347520591,1,0,At-Risk,0.2699,Low,2439.44,Platinum
13953,7,7,3515.68,175.784,2724,8.16527264169811,5.174928648370819,7.910223707097344,0,2,High-Value,0.1024,Low,4110.2,Platinum
13954,2,2,439.92,17.5968,150,6.088863453095115,2.922989522907306,5.017279836814924,0,1,Loyal,0.4365,Medium,316.38,Silver
13955,154,2,322.96,9.786666666666664,154,5.780620051380789,2.378310803522181,5.043425116919247,1,0,At-Risk,0.4939,Medium,316.87,Silver
13956,5,5,1019.27,6.933809523809524,486,6.927822577132249,2.0711333142175543,6.18826412308259,0,1,Loyal,0.0911,Low,935.93,Gold
13959,79,3,594.04,6.600444444444444,355,6.388628630176759,2.028206725114588,5.87493073085203,0,1,Loyal,0.1588,Low,592.33,Silver
13960,21,2,230.22,19.185,142,5.443369638247176,3.004939754304904,4.962844630259907,0,1,Loyal,0.4662,Medium,312.88,Silver
13962,22,2,169.55,15.413636363636364,87,5.139028508864655,2.7981124749250963,4.477336814478207,0,1,Loyal,0.509,Medium,190.29,Bronze
13963,308,4,664.54,18.986857142857144,460,6.500598741212994,2.9950749146838413,6.133398042996649,1,0,At-Risk,0.3574,Low,764.67,Gold
13967,146,1,80.7,40.35,42,4.403054001865957,3.7220724214697,3.7612001156935624,1,0,At-Risk,0.6899,Medium,112.84,Bronze
13969,7,18,9024.17,14.578626817447496,4528,9.107772619588772,2.7458998990388466,8.418256443556213,0,2,High-Value,0.0008,Low,7652.29,Platinum
13971,19,8,2758.26,18.511812080536913,1844,7.922717806819661,2.9710200298984484,7.520234556474628,0,2,High-Value,0.0155,Low,2874.56,Platinum
13972,71,2,190.25,12.683333333333334,187,5.253581472706645,2.6161785472303274,5.236441962829949,0,1,Loyal,0.3292,Low,254.71,Bronze
13973,287,1,264.7,24.063636363636363,109,5.582367852765768,3.2214180452313803,4.700480365792417,1,0,At-Risk,0.6169,Medium,263.32,Bronze
13974,49,1,413.59,14.77107142857143,249,6.027290080077415,2.7581773396037454,5.521460917862246,0,1,Loyal,0.4513,Medium,318.84,Silver
13975,31,6,2461.24,7.480972644376901,1697,7.808826783715542,2.1378251418557785,7.437206366871292,0,2,High-Value,0.0674,Low,2396.68,Platinum
13976,207,1,357.98,35.798,154,5.8832666766299955,3.605443495871902,5.043425116919247,1,0,At-Risk,0.6476,Medium,340.2,Silver
13978,15,2,196.79,13.119333333333335,315,5.287205861793318,2.6475450165973,5.755742213586912,0,1,Loyal,0.2698,Low,395.72,Silver
13979,73,1,869.87,16.108703703703704,639,6.769492711981713,2.8395873225385793,6.461468176353717,0,1,Loyal,0.3332,Low,991.15,Gold
13980,60,1,200.14,18.19454545454545,172,5.304001183016334,2.954626147763178,5.153291594497779,0,1,Loyal,0.3967,Low,340.78,Silver
13982,39,4,1871.81,16.863153153153153,1136,7.535195255760907,2.882740108194375,7.036148493750536,0,1,Loyal,0.1167,Low,1670.95,Platinum
13983,30,12,2603.43,24.3311214953271,1183,7.864969120264265,3.2320337384115514,7.076653815443951,0,2,High-Value,0.0366,Low,2459.33,Platinum
13984,27,5,920.51,57.531875,679,6.8260136289229445,4.069571477643946,6.522092798170152,0,1,Loyal,0.2153,Low,1686.02,Platinum
13985,4,15,7060.13,20.229598853868197,3445,8.862360374336811,3.0553963802878576,8.144969417087875,0,2,High-Value,0.0009,Low,5727.17,Platinum
13986,17,1,320.46,24.650769230769228,430,5.7728731191409945,3.244573560670776,6.066108090103747,0,1,Loyal,0.4029,Medium,462.17,Silver
13988,20,6,4147.96,17.726324786324785,3044,8.330612979409075,2.929930276504108,8.021256180143997,0,2,High-Value,0.0192,Low,4330.4,Platinum
13989,66,2,1266.08,30.88,1313,7.144470319606423,3.461978853922014,7.1808311990445555,0,1,Loyal,0.2804,Low,1801.38,Platinum
13990,213,1,311.3,19.45625,190,5.7439642642890325,3.0182884592673536,5.25227342804663,1,0,At-Risk,0.5381,Medium,387.3,Silver
13991,12,6,852.88,10.400975609756095,995,6.749790668692898,2.4336989315418736,6.903747257584598,0,1,Loyal,0.0864,Low,1224.69,Gold
13992,30,1,76.8,15.36,64,4.354141431184346,2.794839331174601,4.174387269895637,0,1,Loyal,0.6473,Medium,110.37,Bronze
13993,43,9,3466.36,28.647603305785125,900,8.151148776464021,3.38938128931942,6.803505257608338,0,2,High-Value,0.0636,Low,2861.7,Platinum
13994,4,6,2274.14,15.36581081081081,932,7.729796867953175,2.7951944521465744,6.838405200847344,0,2,High-Value,0.1109,Low,1307.32,Gold
13995,15,5,1393.69,16.205697674418605,879,7.240427447338227,2.8452405891054973,6.779921907472252,0,1,Loyal,0.107,Low,1328.58,Gold
13999,10,12,3901.81,18.758701923076924,2243,8.269452085493503,2.9835939980099204,7.716015266642587,0,2,High-Value,0.0061,Low,3861.21,Platinum
14000,211,1,635.66,42.37733333333333,710,6.456235761113554,3.769937031248589,6.566672429803241,1,0,At-Risk,0.5103,Medium,910.04,Gold
14001,46,3,2043.08,52.38666666666667,962,7.622703089500935,3.9775610268988006,6.870053411798126,0,1,Loyal,0.184,Low,1617.09,Gold
14002,134,2,529.73,11.270851063829788,877,6.274253417348632,2.5072266176727536,6.777646593635117,1,1,Loyal,0.3984,Low,651.31,Silver
14004,43,7,4582.64,26.799064327485382,2668,8.430248721279204,3.3250023628454737,7.889459149404524,0,2,High-Value,0.0169,Low,3877.91,Platinum
14005,10,5,2874.72,34.22285714285714,2478,7.964058356660503,3.561695222516492,7.8156105320351905,0,2,High-Value,0.0319,Low,3881.36,Platinum
14006,116,3,962.19,32.073,641,6.870250692440862,3.4987172395408206,6.464588303689961,1,1,Loyal,0.2703,Low,1107.84,Gold
14009,198,2,695.61,16.562142857142856,365,6.546225713269575,2.865745611350845,5.902633333401366,1,0,At-Risk,0.3702,Low,657.18,Gold
14012,278,1,328.8,29.89090909090909,160,5.7984864101254985,3.4304619364394613,5.081404364984463,1,0,At-Risk,0.629,Medium,333.46,Silver
14013,110,3,473.02,13.91235294117647,462,6.161249514897758,2.702189925928736,6.137727054086234,1,1,Loyal,0.4425,Medium,651.11,Silver
14014,77,1,505.18,12.953333333333331,1076,6.226892337255411,2.635718428349744,6.981934677156389,0,1,Loyal,0.2855,Low,729.96,Gold
14015,53,1,917.34,45.867,378,6.8225676924206855,3.847313803058696,5.937536205082426,0,1,Loyal,0.3744,Low,776.11,Gold
14016,162,4,4341.21,26.964037267080744,2125,8.376138714077541,3.3309193013294665,7.661997558901893,1,2,High-Value,0.2982,Low,3519.79,Platinum
14019,47,3,1421.61,21.539545454545458,1037,7.260248491657529,3.1152713422390557,6.945051063725834,0,1,Loyal,0.2401,Low,1627.82,Platinum
14020,17,2,642.8,16.48205128205128,441,6.467388118864708,2.8611747135741563,6.091309882077698,0,1,Loyal,0.3236,Low,683.6,Gold
14021,155,3,631.9,28.722727272727273,192,6.45031243178126,3.3919119812089145,5.262690188904886,1,1,Loyal,0.4853,Medium,472.14,Silver
14022,225,1,440.0,15.714285714285714,487,6.089044875446846,2.816263785742443,6.1903154058531475,1,0,At-Risk,0.398,Low,522.06,Silver
14023,7,2,584.07,18.840967741935486,345,6.371731498193053,2.987748877982449,5.846438775057725,0,1,Loyal,0.3656,Low,650.85,Silver
14024,122,2,327.7,20.48125,150,5.795145480670174,3.0671804616160068,5.017279836814924,1,1,Loyal,0.5622,Medium,322.29,Silver
14027,61,1,104.82,17.47,62,4.661739537475985,2.9161477942111484,4.143134726391533,0,1,Loyal,0.588,Medium,135.39,Bronze
14029,63,2,467.66,31.177333333333333,198,6.149877558850261,3.471262270925257,5.293304824724492,0,1,Loyal,0.4001,Medium,389.42,Silver
14030,18,8,2358.84,9.747272727272728,1478,7.766349099111192,2.374652022597853,7.2991214627108,0,2,High-Value,0.04,Low,2327.34,Platinum
14031,7,19,17286.86,69.14744,5788,9.757759800051202,4.25059931265378,8.663714844079005,0,2,High-Value,0.003,Low,12755.86,Platinum
14032,2,11,2975.59,20.80832167832168,2032,7.998533628991687,3.0822916253186876,7.617267813628347,0,2,High-Value,0.0218,Low,3651.17,Platinum
14034,22,3,648.89,7.545232558139535,420,6.476803117799309,2.1453735318952285,6.042632833682381,0,1,Loyal,0.1669,Low,752.57,Gold
14035,29,5,1428.02,21.636666666666667,739,7.264744173633186,3.1195710104575904,6.606650186198215,0,1,Loyal,0.1422,Low,1567.71,Gold
14036,285,1,626.65,16.49078947368421,268,6.441982686264217,2.8616744265872223,5.594711379601839,1,0,At-Risk,0.5554,Medium,432.46,Silver
14037,176,2,147.20000000000002,5.257142857142858,46,4.998562712861987,1.8337236683270872,3.8501476017100584,1,0,At-Risk,0.6966,Medium,137.02,Bronze
14038,78,3,1560.38,16.960652173913044,965,7.353325324586606,2.888183374793445,6.873163834212518,0,1,Loyal,0.1766,Low,1356.75,Gold
14039,33,1,152.2,25.366666666666664,92,5.0317442573064906,3.2721005861054984,4.532599493153256,0,1,Loyal,0.6387,Medium,177.55,Bronze
14040,41,12,3560.32,15.547248908296943,1544,8.177886541638598,2.8062198588995577,7.342779189331845,0,2,High-Value,0.0541,Low,3044.94,Platinum
14041,266,1,141.41,6.733809523809524,94,4.958710221231336,2.0456015644630883,4.553876891600541,1,0,At-Risk,0.7197,High,167.49,Bronze
14044,27,4,646.42,3.1379611650485435,304,6.472995233816948,1.4202031943224596,5.720311776607412,0,1,Loyal,0.1403,Low,624.99,Silver
14045,109,4,1659.75,276.625,535,7.415024586545351,5.626271282214591,6.284134161070802,1,1,Loyal,0.5031,Medium,1431.96,Gold
14046,284,1,154.99,11.070714285714288,460,5.049791902630777,2.490782211959474,6.133398042996649,1,0,At-Risk,0.5686,Medium,217.68,Bronze
14047,9,5,1308.61,40.8940625,381,7.177484661947137,3.7351441104428713,5.945420608606575,0,1,Loyal,0.1646,Low,1278.5,Gold
14048,305,1,409.93,4.822705882352941,288,6.018422883689063,1.7617650819370372,5.666426688112432,1,0,At-Risk,0.4352,Medium,371.87,Silver
14049,17,4,5578.72,11.670962343096235,3808,8.626893874904868,2.5393129459156016,8.245121966478605,0,2,High-Value,0.0502,Low,4812.11,Platinum
14050,32,2,746.36,13.821481481481484,689,6.616546996753798,2.6960775798840175,6.536691597591305,0,1,Loyal,0.2624,Low,751.36,Gold
14051,1,23,15610.39,74.33519047619048,3756,9.655756055028828,4.321947362639124,8.231376045573969,0,2,High-Value,0.003,Low,8492.51,Platinum
14052,20,1,225.36,4.024285714285715,89,5.422126652274323,1.614283297430578,4.499809670330265,0,1,Loyal,0.3076,Low,151.05,Bronze
14053,124,2,260.25,65.0625,215,5.565477803279021,4.190601263630456,5.375278407684165,1,1,Loyal,0.5627,Medium,347.16,Silver
14054,65,1,92.46,15.409999999999998,62,4.53753353727228,2.7978909051019993,4.143134726391533,0,1,Loyal,0.6496,Medium,117.87,Bronze
14055,106,1,725.6400000000001,72.56400000000001,216,6.588431169193958,4.298155775636735,5.37989735354046,1,1,Loyal,0.5984,Medium,438.62,Silver
14056,1,23,8152.71,7.493299632352941,4252,9.006228317380044,2.1392775740946535,8.355379895253634,0,2,High-Value,0.0009,Low,6780.99,Platinum
14057,24,17,6211.66,21.949328621908126,4873,8.734344424600405,3.133288682131291,8.491670234185152,0,2,High-Value,0.0009,Low,8550.11,Platinum
14059,267,1,183.6,22.95,128,5.218191322068752,3.175968323856924,4.859812404361672,1,0,At-Risk,0.6553,Medium,290.35,Bronze
14060,5,19,6140.42,30.39811881188119,5386,8.722811264760628,3.4467479806698615,8.591743922680534,0,2,High-Value,0.0018,Low,8213.83,Platinum
14062,10,12,10464.85,94.27792792792792,5593,9.255872854706382,4.556798177622577,8.629449873761905,0,2,High-Value,0.0173,Low,10747.74,Platinum
14064,29,5,1334.34,17.329090909090908,1772,7.196941220056424,2.908489464827425,7.480428306074208,0,1,Loyal,0.0426,Low,1812.96,Platinum
14066,267,1,152.55,21.792857142857144,45,5.034026246886832,3.1264472036689392,3.828641396489095,1,0,At-Risk,0.6247,Medium,137.86,Bronze
14067,64,2,374.7,7.2057692307692305,361,5.928790952579924,2.104837471612527,5.8916442118257715,0,1,Loyal,0.227,Low,500.22,Silver
14068,320,1,265.85,11.077083333333334,73,5.586686702779954,2.4913097174377965,4.30406509320417,1,0,At-Risk,0.6588,Medium,162.38,Bronze
14071,4,8,1437.57,4.450681114551084,994,7.271404843608142,1.6957405760133974,6.902742737158593,0,2,High-Value,0.032,Low,1472.21,Gold
14073,32,1,151.04,11.618461538461538,130,5.024143644121048,2.535160943062322,4.875197323201151,0,1,Loyal,0.601,Medium,153.78,Bronze
14075,5,3,942.26,21.91302325581395,754,6.849341960431477,3.1317054500382384,6.626717749249025,0,1,Loyal,0.2457,Low,1217.89,Gold
14076,129,1,118.67,2.6970454545454547,79,4.784737954585425,1.307533974860101,4.382026634673881,1,0,At-Risk,0.6236,Medium,138.46,Bronze
14077,41,5,499.42,11.89095238095238,268,6.2154477458196355,2.556525699477912,5.594711379601839,0,1,Loyal,0.3316,Low,606.89,Silver
14078,102,6,1049.37,16.144153846153845,310,6.956897762032364,2.8416572318917357,5.739792912179234,1,1,Loyal,0.2573,Low,796.16,Gold
14079,125,1,375.1,31.258333333333336,301,5.929855065476291,3.473776407795602,5.71042701737487,1,1,Loyal,0.6016,Medium,483.65,Silver
14080,33,1,45.599999999999994,11.4,48,3.8416005411316,2.517696472610991,3.8918202981106265,0,1,Loyal,0.6177,Medium,92.02,Bronze
14081,302,2,921.62,6.1441333333333334,592,6.827217448755657,1.9662915070805111,6.385194398997726,1,0,At-Risk,0.3507,Low,769.26,Gold
14082,365,1,182.25,6.2844827586206895,110,5.2108513407667605,1.9857464362508093,4.709530201312334,1,0,At-Risk,0.6348,Medium,190.46,Bronze
14083,4,9,1002.9,5.6661016949152545,705,6.911647693697481,1.8970352355320443,6.559615237493242,0,1,Loyal,0.0753,Low,1527.82,Gold
14085,2,18,4421.29,9.868950892857145,3177,8.394412940452025,2.3859101824787596,8.064007347096661,0,2,High-Value,0.0015,Low,4847.33,Platinum
14087,3,1,191.47,2.8157352941176472,250,5.259940297427033,1.3391333838104236,5.5254529391317835,0,1,Loyal,0.2116,Low,197.0,Bronze
14088,10,13,50491.81,85.7246349745331,12665,10.829586228889369,4.462737983847625,9.446676517076376,0,2,High-Value,0.0043,Low,38033.72,Platinum
14089,57,1,158.75,12.211538461538462,133,5.073610093257644,2.581090573640922,4.897839799950911,0,1,Loyal,0.6102,Medium,167.44,Bronze
14090,325,1,76.32000000000001,76.32000000000001,72,4.34795265434013,4.34795265434013,4.290459441148391,1,0,At-Risk,0.797,High,99.22,Bronze
14092,8,14,4076.91,19.050981308411213,2066,8.313339881248881,2.998278095617809,7.633853559681768,0,2,High-Value,0.0037,Low,3923.25,Platinum
14093,12,1,433.86,4.3386000000000005,391,6.075024140206913,1.674963446314298,5.971261839790462,0,1,Loyal,0.2824,Low,342.87,Silver
14096,4,17,65164.79,12.749909998043435,16352,11.084689916963535,2.6210322784943165,9.70216664573239,0,2,High-Value,0.0009,Low,47645.78,Platinum
14098,37,1,147.35,7.016666666666667,104,4.999574346736831,2.0815227078836607,4.653960350157523,0,1,Loyal,0.6871,Medium,170.42,Bronze
14099,16,11,3104.17,12.41668,2179,8.040823743271407,2.5964987089847886,7.687080155783135,0,2,High-Value,0.0115,Low,3310.29,Platinum
14100,138,1,191.95,7.678000000000001,63,5.262431087983628,2.160791087376159,4.1588830833596715,1,0,At-Risk,0.6707,Medium,140.24,Bronze
14101,74,6,5976.79,170.76542857142857,6942,8.695806213421232,5.146129758633659,8.845489236753274,0,2,High-Value,0.0713,Low,5968.27,Platinum
14102,5,5,1105.88,19.066896551724135,769,7.009300525748804,2.9990715196470323,6.646390514847729,0,1,Loyal,0.1254,Low,1296.84,Gold
14104,155,2,216.21,10.295714285714284,72,5.380864627515602,2.4244233870275225,4.290459441148391,1,0,At-Risk,0.5703,Medium,156.33,Bronze
14105,239,1,1266.23,17.111216216216217,800,7.144588695022355,2.8965314268030653,6.68586094706836,1,0,At-Risk,0.3862,Low,1220.55,Gold
14107,52,7,2703.23,21.977479674796747,1793,7.902572492717126,3.134514591679907,7.492203042618741,0,2,High-Value,0.019,Low,2956.7,Platinum
14108,31,2,597.91,17.585588235294118,381,6.395111336409363,2.922386454326841,5.945420608606575,0,1,Loyal,0.3474,Low,643.54,Silver
14109,73,1,144.2,16.022222222222222,88,4.978112102390695,2.834519679970271,4.48863636973214,0,1,Loyal,0.6298,Medium,186.31,Bronze
14110,4,12,5683.15,36.66548387096774,2445,8.645436878735076,3.628744127895465,7.802209316247118,0,2,High-Value,0.0057,Low,5092.9,Platinum
14111,14,4,692.85,69.285,458,6.54225579881702,4.252558404783729,6.129050210060545,0,1,Loyal,0.2599,Low,942.59,Gold
14112,23,7,2915.15,18.2196875,1651,7.978019532134758,2.955935144304867,7.409741954080923,0,2,High-Value,0.0522,Low,2823.17,Platinum
14113,4,4,1840.42,54.13,745,7.518292292095946,4.009694032601592,6.61472560020376,0,1,Loyal,0.1672,Low,1647.24,Platinum
14114,274,2,386.53,25.768666666666665,101,5.959793265151517,3.287232049293968,4.624972813284271,1,0,At-Risk,0.5338,Medium,273.5,Bronze
14116,20,5,1382.74,19.204722222222223,707,7.2325452572578,3.0059163504637585,6.56244409369372,0,1,Loyal,0.1207,Low,1324.39,Gold
14117,144,1,90.0,30.0,72,4.51085950651685,3.4339872044851463,4.290459441148391,1,0,At-Risk,0.6596,Medium,133.98,Bronze
14121,4,4,2780.15,17.485220125786164,2082,7.930619790211972,2.9169715006642516,7.641564441260972,0,2,High-Value,0.0803,Low,2898.65,Platinum
14124,84,1,419.58,83.91600000000001,1618,6.041634711020558,4.441662532569755,7.389563953677635,0,1,Loyal,0.3288,Low,644.38,Silver
14125,11,3,2720.63,16.38933734939759,1628,7.908986244508535,2.855857222372634,7.395721608602045,0,2,High-Value,0.1509,Low,1526.84,Gold
14126,8,3,706.1300000000001,47.07533333333334,508,6.56121452452395,3.872769225061484,6.2324480165505225,0,1,Loyal,0.3157,Low,946.14,Gold
14127,123,3,709.71,16.129772727272726,321,6.566264470368445,2.840818044721612,5.7745515455444085,1,1,Loyal,0.3539,Low,585.49,Silver
14128,61,2,637.5,13.858695652173912,564,6.459121675472594,2.698585259674909,6.336825731146441,0,1,Loyal,0.3332,Low,655.75,Gold
14129,2,5,1123.86,21.61269230769231,592,7.025413862450224,3.1185113551713672,6.385194398997726,0,1,Loyal,0.1514,Low,1214.75,Gold
14130,319,1,480.91,7.286515151515152,257,6.177757374624178,2.1146295130375408,5.552959584921617,1,0,At-Risk,0.4173,Medium,386.58,Silver
14132,2,11,3586.0299999999997,17.930149999999998,3368,8.185079841032296,2.9407558891201067,8.122371243406553,0,2,High-Value,0.012,Low,4797.59,Platinum
14133,130,3,605.64,21.63,348,6.4079355343926805,3.119276459645446,5.855071922202427,1,1,Loyal,0.3735,Low,737.78,Gold
14135,2,15,4690.31,35.00231343283583,3850,8.453467140135627,3.5835831984146123,8.25608813381491,0,2,High-Value,0.0021,Low,5306.78,Platinum
14138,2,2,965.88,20.99739130434783,600,6.874074392613249,3.0909238692524,6.398594934535208,0,1,Loyal,0.3306,Low,934.02,Gold
14139,46,1,415.82,15.993076923076924,510,6.032654473932845,2.8328060212925568,6.236369590203704,0,1,Loyal,0.3723,Low,643.19,Silver
14140,4,2,935.05,14.16742424242424,811,6.841668893854277,2.7191499860912827,6.699500340161678,0,1,Loyal,0.2784,Low,754.51,Gold
14141,3,4,915.13,22.87825,355,6.820158276001622,3.172968002756988,5.87493073085203,0,1,Loyal,0.1735,Low,850.92,Gold
14142,373,1,311.81,14.17318181818182,313,5.745595977469612,2.719529515479403,5.749392985908253,1,0,At-Risk,0.4969,Medium,327.18,Silver
14143,134,1,115.8,16.54285714285714,30,4.760463070394127,2.8646468666577287,3.4339872044851463,1,0,At-Risk,0.7767,High,107.72,Bronze
14145,47,4,3742.2,340.2,756,8.227696139552007,5.832468815617524,6.6293632534374485,0,2,High-Value,0.4105,Medium,2511.32,Platinum
14146,9,5,4191.0,19.957142857142856,2437,8.340933226000878,3.0424795360936225,7.798933310041217,0,2,High-Value,0.0209,Low,4172.23,Platinum
14147,78,2,483.4,96.68,108,6.182911011678937,4.581696829802449,4.6913478822291435,0,1,Loyal,0.4194,Medium,487.54,Silver
14148,234,1,157.2,52.4,16,5.063860055333554,3.977810745966149,2.833213344056216,1,0,At-Risk,0.7988,High,121.8,Bronze
14149,221,1,446.62,15.950714285714286,218,6.103944658191983,2.830309973688668,5.389071729816501,1,0,At-Risk,0.4571,Medium,374.78,Silver
14150,36,2,658.64,25.33230769230769,496,6.49169423166057,3.2707966146470246,6.208590026096629,0,1,Loyal,0.3824,Low,754.16,Gold
14152,75,2,621.29,12.67938775510204,711,6.433406222026163,2.615890156448878,6.568077911411976,0,1,Loyal,0.3098,Low,743.36,Gold
14154,239,2,1345.62,25.87730769230769,465,7.205353028221294,3.291282350382165,6.144185634125646,1,0,At-Risk,0.4586,Medium,1014.2,Gold
14155,266,1,118.75,19.791666666666668,25,4.785406236291025,3.034552265403573,3.258096538021482,1,0,At-Risk,0.6745,Medium,109.54,Bronze
14156,10,55,117210.08,84.02156272401434,57768,11.671731690905643,4.442904903425264,10.964207578602988,0,2,High-Value,0.0037,Low,99693.42,Platinum
14157,20,2,424.89,9.236739130434785,271,6.054181096963448,2.325983124603733,5.605802066295998,0,1,Loyal,0.322,Low,444.37,Silver
14158,40,1,507.66,12.381951219512196,781,6.231779816930511,2.593906875122491,6.661854740545311,0,1,Loyal,0.297,Low,547.79,Silver
14159,20,11,4630.35,3.94072340425532,4348,8.44060368125393,1.5975117585871823,8.37770121259764,0,2,High-Value,0.0073,Low,4583.48,Platinum
14161,216,3,1097.62,10.554038461538465,450,7.001810125730978,2.4470350262040146,6.111467339502679,1,0,At-Risk,0.2166,Low,830.97,Gold
14162,174,2,289.36,11.5744,142,5.67112153241664,2.5316630011297736,4.962844630259907,1,0,At-Risk,0.6077,Medium,304.5,Silver
14163,87,4,2445.91,47.036730769230765,893,7.802581283035999,3.871965942631983,6.795705775173514,0,1,Loyal,0.1662,Low,1696.65,Platinum
14164,71,2,1631.77,56.26793103448276,1033,7.398033237980444,4.047740799238132,6.9411900550683745,0,1,Loyal,0.3798,Low,1636.8,Platinum
14165,276,1,120.44,5.0183333333333335,53,4.79942031364732,1.7948103660613115,3.9889840465642745,1,0,At-Risk,0.6099,Medium,131.18,Bronze
14167,39,4,562.59,11.2518,147,6.334327036786916,2.505672864971802,4.997212273764115,0,1,Loyal,0.3623,Low,528.71,Silver
14171,98,1,363.79,6.272241379310345,167,5.899321845543751,1.984064549298773,5.123963979403259,1,1,Loyal,0.4829,Medium,208.01,Bronze
14173,11,4,450.84,15.546206896551723,150,6.1133281348648225,2.8061568850142247,5.017279836814924,0,1,Loyal,0.3421,Low,466.84,Silver
14174,33,1,134.46,5.171538461538462,94,4.908676393786758,1.819948152304028,4.553876891600541,0,1,Loyal,0.5087,Medium,166.41,Bronze
14175,60,3,3222.3,21.626174496644296,1515,8.078160958464125,3.1191073996925285,7.323830566202317,0,2,High-Value,0.1792,Low,2525.3,Platinum
14176,297,4,576.9000000000001,18.60967741935484,209,6.359400843323733,2.976023190269531,5.3471075307174685,1,0,At-Risk,0.3856,Low,522.49,Silver
14177,86,4,549.46,13.401463414634147,204,6.310754292305705,2.6673298274346413,5.3230099791384085,0,1,Loyal,0.2817,Low,508.96,Silver
14178,9,7,1600.26,5.032264150943396,1494,7.378546098312443,1.7971224213488526,7.309881485824787,0,2,High-Value,0.0461,Low,1968.51,Platinum
14179,41,2,701.57,4.46859872611465,319,6.554745040371868,1.6990224092307369,5.768320995793772,0,1,Loyal,0.2739,Low,515.26,Silver
14180,11,25,4748.52,19.785500000000003,719,8.465798839290947,3.0342556282247424,6.579251212010101,0,2,High-Value,0.1365,Low,2030.32,Platinum
14184,67,1,452.89,18.870416666666667,127,6.1178548779353035,2.989232025979833,4.852030263919617,0,1,Loyal,0.5433,Medium,297.21,Bronze
14185,331,1,197.65,65.88333333333334,6,5.291544482260608,4.202949808044816,1.9459101490553132,1,0,At-Risk,0.8466,High,159.42,Bronze
14188,31,6,2054.36,31.605538461538465,1162,7.628206294069428,3.4844821654009777,7.0587581525186645,0,2,High-Value,0.0942,Low,2204.57,Platinum
14189,2,15,4654.08,17.56256603773585,3937,8.44571437538519,2.9211469741450533,8.278428259199071,0,2,High-Value,0.0014,Low,5345.76,Platinum
14191,2,13,4684.76,18.08787644787645,3662,8.452283401366893,2.9490533925703857,8.206037762778815,0,2,High-Value,0.0016,Low,5501.5,Platinum
14193,68,2,853.39,20.318809523809524,445,6.750387764017586,3.0595897592681456,6.100318952020064,0,1,Loyal,0.2776,Low,777.74,Gold
14194,5,21,11349.52,19.601934369602763,5840,9.337018836838048,3.025384972824099,8.67265729404031,0,2,High-Value,0.0007,Low,9881.64,Platinum
14195,202,2,1012.0,144.57142857142858,760,6.920671504248683,4.9806668841674115,6.634633357861686,1,0,At-Risk,0.6289,Medium,1209.51,Gold
14196,107,1,335.52,55.919999999999995,142,5.818657582682612,4.041646773221651,4.962844630259907,1,1,Loyal,0.6533,Medium,259.16,Bronze
14198,18,4,701.4,17.984615384615385,290,6.554503042320907,2.943628934569696,5.673323267171493,0,1,Loyal,0.2088,Low,697.32,Gold
14199,218,1,185.4,92.7,28,5.2278949022514904,4.540098189244376,3.367295829986474,1,0,At-Risk,0.7331,High,141.8,Bronze
14201,60,7,747.44,20.20108108108108,590,6.617991040326031,3.054052174768414,6.3818160174060985,0,1,Loyal,0.1593,Low,1000.43,Gold
14204,2,1,150.61,3.861794871794872,72,5.021311434093491,1.581407684916466,4.290459441148391,0,1,Loyal,0.2927,Low,166.96,Bronze
14205,17,2,466.7,19.445833333333333,204,6.147827064731841,3.017779112747912,5.3230099791384085,0,1,Loyal,0.3907,Low,374.02,Silver
14206,239,1,328.15999999999997,16.407999999999998,276,5.796543954737512,2.856929870673532,5.6240175061873385,1,0,At-Risk,0.5358,Medium,405.64,Silver
14208,95,1,151.74,15.174,114,5.0287371294602385,2.7834050146736304,4.74493212836325,1,1,Loyal,0.6613,Medium,176.67,Bronze
14209,11,6,2073.43,23.83252873563218,691,7.637441696132993,3.2121544362850867,6.539585955617669,0,2,High-Value,0.1341,Low,1794.65,Platinum
14210,106,6,1905.84,18.684705882352944,760,7.553202700664662,2.979841983077727,6.634633357861686,1,1,Loyal,0.1255,Low,1567.79,Gold
14211,53,9,2241.1,20.009821428571428,1242,7.715168205670426,3.04499001546674,7.1252830915107115,0,2,High-Value,0.032,Low,2287.82,Platinum
14212,90,1,1070.48,118.94222222222224,1152,6.976796149317125,4.787010145351136,7.050122520269059,0,1,Loyal,0.3177,Low,1369.14,Gold
14214,31,5,1004.38,14.990746268656716,751,6.913120858480547,2.7720101967172024,6.62273632394984,0,1,Loyal,0.1188,Low,1259.8,Gold
14215,12,6,1789.72,16.57148148148148,1358,7.490373052597007,2.8662772174537934,7.214504414151143,0,2,High-Value,0.0714,Low,2011.89,Platinum
14216,3,4,1839.3,31.17457627118644,594,7.517683880791149,3.471176583890777,6.38856140554563,0,1,Loyal,0.1516,Low,1094.45,Gold
14217,2,17,2004.98,20.0498,689,7.603887998382448,3.0468910588956053,6.536691597591305,0,2,High-Value,0.054,Low,2076.99,Platinum
14218,43,1,169.48000000000002,14.123333333333337,160,5.1386179877903615,2.716238805007763,5.081404364984463,0,1,Loyal,0.4023,Medium,210.64,Bronze
14219,4,1,89.94,12.848571428571429,78,4.510199948396864,2.628182081361917,4.3694478524670215,0,1,Loyal,0.6702,Medium,112.26,Bronze
14220,247,2,632.4,30.11428571428571,272,6.45110213410454,3.437667061443547,5.60947179518496,1,0,At-Risk,0.4937,Medium,581.52,Silver
14221,42,9,3432.8,17.78652849740933,2191,8.141422798643111,2.9331400436906825,7.692569648067906,0,2,High-Value,0.0122,Low,3231.75,Platinum
14222,177,1,683.17,16.662682926829266,607,6.528206424753791,2.8714541047484805,6.410174881966167,1,0,At-Risk,0.4182,Medium,857.09,Gold
14223,92,3,991.13,16.518833333333333,585,6.89985414708588,2.8632764927278296,6.373319789577012,1,1,Loyal,0.2822,Low,926.42,Gold
14224,110,4,1009.73,8.93566371681416,483,6.918428121038441,2.2961306796922596,6.182084906716632,1,1,Loyal,0.2286,Low,847.8,Gold
14226,29,5,2214.79,33.55742424242424,1296,7.703364278033695,3.542622411135908,7.167809184316444,0,2,High-Value,0.073,Low,2201.49,Platinum
14227,26,10,3350.96,19.148342857142858,1820,8.117300528356548,3.003122044670465,7.507141079727608,0,2,High-Value,0.0112,Low,3262.72,Platinum
14229,52,3,1547.2,38.68,610,7.344848244770613,3.680847282416672,6.415096959171596,0,1,Loyal,0.2682,Low,1064.64,Gold
14231,184,3,925.71,18.5142,409,6.831640679513165,2.9711424056852,6.016157159698354,1,0,At-Risk,0.2756,Low,810.02,Gold
14232,43,5,2048.07,17.80930434782609,1941,7.625141310661702,2.9343516595257024,7.571473648851271,0,2,High-Value,0.0352,Low,2113.42,Platinum
14233,49,4,1462.72,41.792,680,7.288736419398735,3.756351169228949,6.523562306149512,0,1,Loyal,0.2042,Low,1357.79,Gold
14234,22,4,754.12,5.130068027210885,951,6.626876677016689,1.813205847310832,6.858565034791365,0,1,Loyal,0.1164,Low,1003.85,Gold
14235,75,5,3144.86,39.80835443037975,1959,8.053842581674434,3.708886825899017,7.580699752224563,0,2,High-Value,0.0379,Low,2706.86,Platinum
14236,81,2,490.86,32.724000000000004,310,6.198194123153937,3.5182097500604295,5.739792912179234,0,1,Loyal,0.4041,Medium,623.95,Silver
14237,373,1,161.0,17.88888888888889,38,5.087596335232384,2.9385738597140425,3.6635616461296463,1,0,At-Risk,0.7627,High,135.6,Bronze
14238,326,1,146.85,18.35625,111,4.996198246298486,2.963015364739376,4.718498871295094,1,0,At-Risk,0.6481,Medium,239.38,Bronze
14239,43,11,2380.85,21.257589285714285,993,7.775632775640216,3.102683041946547,6.901737206656574,0,2,High-Value,0.0302,Low,2332.68,Platinum
14240,30,2,890.34,21.19857142857143,418,6.792725948397371,3.1000279367433294,6.037870919922137,0,1,Loyal,0.3663,Low,798.37,Gold
14241,184,1,213.7,21.37,146,5.369241704884735,3.107720775502038,4.990432586778736,1,0,At-Risk,0.5847,Medium,295.11,Bronze
14242,235,2,280.55,17.534375,123,5.640310051700627,2.9196271160449543,4.820281565605037,1,0,At-Risk,0.4631,Medium,306.5,Silver
14243,9,10,2588.77,18.360070921985816,1221,7.859324347661553,2.963212745167435,7.108244139731541,0,2,High-Value,0.0283,Low,2115.17,Platinum
14245,220,2,1693.45,15.680092592592594,976,7.435113483382488,2.814215948029857,6.884486652042782,1,0,At-Risk,0.3939,Low,1274.83,Gold
14246,111,3,1474.06,19.654133333333338,804,7.296453945912696,3.0279154607979177,6.690842277418564,1,1,Loyal,0.3032,Low,1233.66,Gold
14247,278,1,136.76999999999998,6.838499999999999,47,4.925585628056507,2.0590474895264483,3.871201010907891,1,0,At-Risk,0.6387,Medium,131.8,Bronze
14248,318,1,302.58,37.8225,102,5.715645167198713,3.658999975461207,4.634728988229636,1,0,At-Risk,0.6517,Medium,214.45,Bronze
14250,7,3,1904.05,17.153603603603603,1200,7.552263533935522,2.8988690866563713,7.0909098220799835,0,1,Loyal,0.1191,Low,1706.97,Platinum
14251,2,5,2879.7000000000003,36.91923076923077,1674,7.965788599152331,3.6354583915595136,7.423568444259167,0,2,High-Value,0.0693,Low,2792.82,Platinum
14256,260,2,969.06,18.284150943396227,414,6.8773579252545485,2.959283563903129,6.028278520230698,1,0,At-Risk,0.3639,Low,773.45,Gold
14257,64,5,3099.7200000000003,29.24264150943397,1682,8.039389621570026,3.409252898998858,7.428333194190806,0,2,High-Value,0.0975,Low,2895.8,Platinum
14258,9,9,12669.98,114.14396396396396,7100,9.447069618390277,4.746183205995372,8.867990898182093,0,2,High-Value,0.045,Low,11358.27,Platinum
14259,142,1,120.0,24.0,68,4.795790545596741,3.218875824868201,4.23410650459726,1,0,At-Risk,0.6181,Medium,140.7,Bronze
14261,51,2,1163.45,22.37403846153846,406,7.060004151519799,3.1516259389934165,6.008813185442595,0,1,Loyal,0.3411,Low,834.01,Gold
14262,8,8,2618.23,18.3093006993007,1645,7.870635660430322,2.9605868813517646,7.406103381237015,0,2,High-Value,0.032,Low,2765.94,Platinum
14264,155,2,333.97,19.64529411764706,70,5.814040975576219,3.027487405671404,4.2626798770413155,1,0,At-Risk,0.6071,Medium,150.02,Bronze
14265,109,2,530.18,17.10258064516129,330,6.275100946851013,2.8960545051893685,5.802118375377063,1,1,Loyal,0.3897,Low,564.34,Silver
14267,163,3,1516.24,27.568,530,7.3246481738226015,3.3522872102921473,6.274762021241939,1,1,Loyal,0.3433,Low,898.08,Gold
14270,332,1,492.65,16.98793103448276,197,6.201826764057459,2.8897010349275045,5.288267030694535,1,0,At-Risk,0.5327,Medium,383.56,Silver
14271,226,1,112.32,11.232,88,4.730215674962316,2.504055468626761,4.48863636973214,1,0,At-Risk,0.6749,Medium,131.94,Bronze
14272,74,2,437.96,13.271515151515151,599,6.0844082927507195,2.658265603253526,6.396929655216146,0,1,Loyal,0.2844,Low,604.14,Silver
14273,51,4,559.97,19.309310344827587,264,6.329667428156979,3.0110794185818652,5.579729825986222,0,1,Loyal,0.2939,Low,589.75,Silver
14276,99,3,1119.74,17.4959375,744,7.021744460399267,2.917551113375261,6.61338421837956,1,1,Loyal,0.2181,Low,1203.34,Gold
14277,15,3,4188.0,18.864864864864863,1976,8.340217320947035,2.988952586568612,7.589335823170617,0,2,High-Value,0.1532,Low,2493.09,Platinum
14280,197,1,134.04,16.755,52,4.905571030847647,2.8766671663950514,3.970291913552122,1,0,At-Risk,0.6507,Medium,127.79,Bronze
14282,3,15,3701.44,24.035324675324677,2656,8.216747340743936,3.220287814554401,7.884952945759814,0,2,High-Value,0.0262,Low,4723.24,Platinum
14284,31,2,595.25,18.6015625,161,6.390660042202551,2.975609282446805,5.087596335232384,0,1,Loyal,0.3944,Low,373.64,Silver
14285,21,4,1910.01,70.74111111111111,541,7.555387177088957,4.273063960011953,6.295266001439646,0,1,Loyal,0.1728,Low,1375.29,Gold
14286,24,3,4628.75,16.53125,4338,8.440258149942116,2.86398500272297,8.37539918579835,0,2,High-Value,0.0965,Low,5225.49,Platinum
14287,8,3,176.63,19.62555555555555,261,5.179702735211794,3.0265308678849125,5.568344503761097,0,1,Loyal,0.2807,Low,336.37,Silver
14288,213,1,426.6,26.6625,188,6.05818817915089,3.320077705377168,5.241747015059643,1,0,At-Risk,0.5536,Medium,408.97,Silver
14289,9,6,911.26,19.388510638297873,292,6.815925037163848,3.0149715381862143,5.680172609017068,0,1,Loyal,0.1677,Low,776.84,Gold
14290,11,5,2314.65,22.917326732673267,915,7.747445704647496,3.17460316416946,6.82001636467413,0,2,High-Value,0.1019,Low,1902.49,Platinum
14291,2,11,3883.25,16.385021097046412,2749,8.264685193972111,2.8556089789791583,7.919356190660617,0,2,High-Value,0.0053,Low,4371.49,Platinum
14292,8,9,4871.93,48.7193,1663,8.491450677872692,3.90639318770189,7.416979621381154,0,2,High-Value,0.0853,Low,4193.02,Platinum
14293,3,4,1046.56,17.15672131147541,709,6.954218929392177,2.899040812350744,6.565264970035361,0,1,Loyal,0.1633,Low,1118.23,Gold
14295,40,1,166.20000000000002,33.24,84,5.119190700650601,3.5333945512735414,4.442651256490317,0,1,Loyal,0.6315,Medium,229.12,Bronze
14297,18,4,1305.33,21.053709677419352,865,7.174976957856922,3.093480827080951,6.763884908562435,0,1,Loyal,0.1527,Low,1389.84,Gold
14298,8,44,51527.3,31.476664630421503,58343,10.849886450287096,3.480521820070426,10.97411180466407,0,2,High-Value,0.0015,Low,101959.53,Platinum
14299,8,9,3965.62,27.73160839160839,2149,8.285669625656425,3.3579978544248488,7.673223121121708,0,2,High-Value,0.0165,Low,3828.63,Platinum
14300,19,1,43.2,14.4,32,3.788724789083653,2.7343675094195836,3.49650756146648,0,1,Loyal,0.6696,Medium,81.6,Bronze
14301,117,1,640.14,49.24153846153846,606,6.463247841809304,3.91684214393509,6.408528791059498,1,1,Loyal,0.4554,Medium,840.48,Gold
14304,223,1,383.45,22.555882352941175,139,5.9518137414781895,3.159375570713475,4.941642422609304,1,0,At-Risk,0.6265,Medium,298.24,Bronze
14305,71,3,1858.96,17.70438095238095,1089,7.528310261099659,2.928757771950708,6.993932975223189,0,1,Loyal,0.1465,Low,1582.86,Gold
14306,51,2,2093.32,63.4339393939394,1075,7.646984197329087,4.16564050351238,6.98100574072173,0,1,Loyal,0.3717,Low,1685.79,Platinum
14307,89,6,2995.72,16.642888888888887,2058,8.005273636192019,2.87033280638132,7.629975707027789,0,2,High-Value,0.0382,Low,2900.98,Platinum
14309,8,9,2352.53,20.10709401709402,1633,7.763671607732549,3.049609193317274,7.3987862754199485,0,2,High-Value,0.0405,Low,2820.3,Platinum
14311,243,1,310.26,15.513,146,5.740628575776864,2.804147949480851,4.990432586778736,1,0,At-Risk,0.6661,Medium,258.27,Bronze
14312,47,6,1611.59,18.524022988505745,1012,7.385596861065875,2.971645655472771,6.920671504248683,0,1,Loyal,0.1007,Low,1820.99,Platinum
14314,107,1,120.0,15.0,296,4.795790545596741,2.772588722239781,5.6937321388027,1,1,Loyal,0.5109,Medium,243.48,Bronze
14315,45,6,2481.13,24.565643564356435,1021,7.816872341508149,3.2412494018648843,6.92951677076365,0,2,High-Value,0.083,Low,2136.77,Platinum
14317,65,1,508.58,21.190833333333337,255,6.233586857019973,3.09967929069331,5.545177444479562,0,1,Loyal,0.4775,Medium,451.9,Silver
14320,207,2,477.79,15.412580645161292,325,6.17126208791851,2.798048153259572,5.786897381366708,1,0,At-Risk,0.3531,Low,507.4,Silver
14321,11,5,1530.75,12.445121951219512,2406,7.334166151605764,2.598616360056748,7.786136437783072,0,1,Loyal,0.0459,Low,2428.1,Platinum
14323,115,2,605.0600000000001,16.807222222222222,350,6.406978991069148,2.8796041178281526,5.860786223465865,1,1,Loyal,0.3601,Low,636.72,Silver
14326,242,1,183.85,22.98125,103,5.219544685382641,3.1772722750131255,4.6443908991413725,1,0,At-Risk,0.6498,Medium,237.89,Bronze
14327,163,1,311.65,25.97083333333333,139,5.745084354013307,3.294756035203519,4.941642422609304,1,0,At-Risk,0.6721,Medium,307.1,Silver
14329,17,7,4975.24,19.28387596899225,3087,8.512429864767167,3.009826283192733,8.035278911144667,0,2,High-Value,0.0116,Low,4666.31,Platinum
14331,124,2,462.66,16.523571428571426,252,6.139151525006747,2.8635469133966827,5.53338948872752,1,1,Loyal,0.3884,Low,501.52,Silver
14332,23,3,840.21,33.6084,463,6.734841331537249,3.5440964271651763,6.139884552226255,0,1,Loyal,0.25,Low,917.3,Gold
14333,68,1,415.2,27.68,58,6.031165913959534,3.3562000157314196,4.07753744390572,0,1,Loyal,0.5142,Medium,202.15,Bronze
14334,17,8,2552.21,15.754382716049385,1731,7.845106670027843,2.8186598787349726,7.4570320891223805,0,2,High-Value,0.0366,Low,2359.91,Platinum
14335,16,2,454.86,7.581,375,6.1221857448309915,2.149550456824984,5.929589143389895,0,1,Loyal,0.2615,Low,531.79,Silver
14336,17,4,1614.91,17.943444444444445,1759,7.387653544460817,2.9414579320703726,7.473069088032197,0,1,Loyal,0.1665,Low,1950.97,Platinum
14338,161,2,588.22,18.97483870967742,335,6.3787996283436765,2.9944734170103477,5.817111159963204,1,0,At-Risk,0.3911,Low,602.75,Silver
14339,243,1,309.52,22.108571428571427,168,5.73824831153748,3.140203606216848,5.1298987149230735,1,0,At-Risk,0.4931,Medium,336.39,Silver
14340,219,1,134.7,22.45,58,4.9104465668408235,3.1548704948922883,4.07753744390572,1,0,At-Risk,0.6404,Medium,137.98,Bronze
14341,45,8,2166.98,16.92953125,1397,7.6815511374247345,2.8864491439401063,7.242797922793756,0,2,High-Value,0.0461,Low,2311.04,Platinum
14342,21,4,668.5600000000001,31.836190476190477,347,6.506620780234419,3.491531275303355,5.8522024797744745,0,1,Loyal,0.2491,Low,752.23,Gold
14344,127,8,889.9300000000001,12.534225352112676,477,6.7922658609726465,2.605221688485115,6.169610732491456,1,1,Loyal,0.2659,Low,922.97,Gold
14345,39,1,108.98,18.16333333333333,50,4.700298531079668,2.9529987309670895,3.9318256327243257,0,1,Loyal,0.539,Medium,130.06,Bronze
14346,121,2,1021.58,17.026333333333334,605,6.9300841244652,2.8918336517713756,6.406879986069314,1,1,Loyal,0.3803,Low,921.85,Gold
14348,260,1,409.57,22.753888888888888,183,6.017546438106483,3.1677462597663375,5.214935757608986,1,0,At-Risk,0.4147,Medium,343.27,Silver
14349,10,1,133.5,4.306451612903226,86,4.901564199041894,1.6689233657202804,4.465908118654584,0,1,Loyal,0.4106,Medium,148.36,Bronze
14350,274,1,282.93,15.718333333333334,183,5.6487277289070565,2.8165059216673387,5.214935757608986,1,0,At-Risk,0.4571,Medium,292.57,Bronze
14351,165,1,51.0,51.0,12,3.951243718581427,3.951243718581427,2.5649493574615367,1,0,At-Risk,0.8373,High,57.57,Bronze
14352,157,4,1078.96,22.95659574468085,538,6.984679282395341,3.1762436823799,6.289715570908998,1,1,Loyal,0.2009,Low,973.94,Gold
14353,215,1,90.6,15.1,64,4.517431271680085,2.7788192719904172,4.174387269895637,1,0,At-Risk,0.6773,Medium,114.79,Bronze
14354,6,2,163.62,18.18,210,5.103639787544498,2.953868069455292,5.351858133476067,0,1,Loyal,0.2805,Low,387.66,Silver
14355,366,1,174.4,15.854545454545455,92,5.1670690799380825,2.8246203803333843,4.532599493153256,1,0,At-Risk,0.6685,Medium,196.14,Bronze
14356,80,2,701.23,21.24939393939394,277,6.5542609856927125,3.1023147695623456,5.627621113690637,0,1,Loyal,0.4344,Medium,622.05,Silver
14357,43,1,225.12,5.628,147,5.42106583180709,1.8913030995643163,4.997212273764115,0,1,Loyal,0.5205,Medium,191.11,Bronze
14359,19,3,912.18,16.58509090909091,371,6.816933013408364,2.8670514356078294,5.918893854273146,0,1,Loyal,0.2508,Low,732.83,Gold
14360,32,4,2118.03,18.10282051282051,1139,7.658713715789601,2.9498359949786197,7.038783541388542,0,1,Loyal,0.1238,Low,1739.72,Platinum
14362,22,1,151.5,4.094594594594595,96,5.0271645960474665,1.6281800942438411,4.574710978503383,0,1,Loyal,0.3325,Low,167.03,Bronze
14364,109,8,3717.35,53.87463768115942,1967,8.221035300483413,4.005051268752298,7.584773077612199,1,2,High-Value,0.4397,Medium,3490.89,Platinum
14367,8,16,9227.82,17.711746641074857,4426,9.13008647533716,2.9291514892733064,8.395477432732141,0,2,High-Value,0.0009,Low,5809.44,Platinum
14368,320,1,155.0,19.375,36,5.049856007249537,3.0143086591269266,3.610917912644224,1,0,At-Risk,0.7478,High,114.25,Bronze
14371,295,1,100.5,25.125,34,4.620058798481842,3.262892710284975,3.5553480614894135,1,0,At-Risk,0.6729,Medium,113.13,Bronze
14373,358,1,76.55,19.1375,17,4.350922889622548,3.002583748503093,2.8903717578961645,1,0,At-Risk,0.8345,High,94.22,Bronze
14375,185,1,235.56,3.5690909090909093,184,5.466201875544222,1.5193142593170756,5.220355825078324,1,0,At-Risk,0.3982,Low,226.7,Bronze
14377,191,2,617.05,56.095454545454544,219,6.426569360333832,4.044724508334891,5.393627546352362,1,0,At-Risk,0.4629,Medium,376.5,Silver
14379,44,2,348.1,7.567391304347827,292,5.855358414110991,2.147963287711863,5.680172609017068,0,1,Loyal,0.281,Low,462.44,Silver
14381,52,1,202.68,3.619285714285714,146,5.316550134809097,1.5302400858432428,4.990432586778736,0,1,Loyal,0.2385,Low,192.78,Bronze
14382,26,1,615.49,4.88484126984127,1231,6.424042101872682,1.7723797683589009,7.116394144093465,0,1,Loyal,0.2422,Low,831.51,Gold
14383,38,3,1247.69,21.14728813559322,817,7.129850280760371,3.0977150571940992,6.706862336602747,0,1,Loyal,0.2361,Low,1307.65,Gold
14385,9,3,202.11,14.436428571428571,159,5.3137477042033945,2.736730207699677,5.075173815233827,0,1,Loyal,0.2961,Low,266.57,Bronze
14386,297,1,142.4,20.342857142857145,54,4.96563792816552,3.060717123643404,4.007333185232471,1,0,At-Risk,0.6338,Medium,146.56,Bronze
14387,33,3,1727.6,12.428776978417266,795,7.455067111318538,2.597399940000954,6.679599185844383,0,1,Loyal,0.2009,Low,1204.79,Gold
14388,10,8,3212.84,17.273333333333333,1941,8.07522176285542,2.90544280220653,7.571473648851271,0,2,High-Value,0.0165,Low,2852.87,Platinum
14389,65,2,1043.46,23.188,729,6.9512552844279885,3.1858566424109664,6.593044534142437,0,1,Loyal,0.3156,Low,1056.23,Gold
14390,10,9,4642.57,16.347077464788732,2133,8.443238745938231,2.853424046370773,7.665753431861699,0,2,High-Value,0.0066,Low,3107.95,Platinum
14393,218,1,67.95,13.59,13,4.233381604239311,2.6803363625346943,2.6390573296152584,1,0,At-Risk,0.842,High,47.5,Bronze
14395,2,9,3479.91,9.999741379310343,1689,8.15504903283773,2.3978717615501965,7.432483807917119,0,2,High-Value,0.0347,Low,2911.4,Platinum
14396,65,2,487.99,6.684794520547945,225,6.192342039368019,2.0392436389034896,5.420534999272286,0,1,Loyal,0.2735,Low,391.95,Silver
14397,3,19,2612.96,30.034022988505747,1890,7.868621591848266,3.4350841184132817,7.544861068658458,0,2,High-Value,0.0131,Low,4398.5,Platinum
14400,149,1,574.7,22.988000000000003,454,6.355586691681764,3.1775537053062632,6.12029741895095,1,1,Loyal,0.4125,Medium,571.69,Silver
14401,4,13,4051.48,22.26087912087912,4507,8.307084318372484,3.1467729417709216,8.413608875159667,0,2,High-Value,0.0018,Low,7507.77,Platinum
14403,130,4,1475.81,73.7905,519,7.297639635123279,4.314690871566976,6.253828811575473,1,1,Loyal,0.2729,Low,1232.27,Gold
14404,34,6,1449.32,14.4932,827,7.2795395007214125,2.740401217986536,6.71901315438526,0,1,Loyal,0.0984,Low,1328.64,Gold
14406,119,1,156.75,19.59375,77,5.061011501421323,3.0249876317027806,4.356708826689592,1,1,Loyal,0.6563,Medium,170.59,Bronze
14407,107,6,2157.73,29.557945205479452,1415,7.677275364797242,3.4196247239971473,7.255591274253665,1,2,High-Value,0.1476,Low,2270.87,Platinum
14408,11,7,2599.03,24.519150943396227,1610,7.863278262404544,3.239429187680028,7.384610383176974,0,2,High-Value,0.043,Low,2627.02,Platinum
14409,71,6,2059.4500000000003,38.137962962962966,1230,7.630679684529584,3.667092915722464,7.115582126184454,0,2,High-Value,0.0702,Low,1954.15,Platinum
14410,92,9,1100.27,5.821534391534391,567,7.004219338265954,1.920084430646196,6.342121418721152,1,1,Loyal,0.2731,Low,1254.53,Gold
14411,311,1,1063.0,75.92857142857143,196,6.96979066990159,4.34287734754113,5.2832037287379885,1,0,At-Risk,0.5824,Medium,586.79,Silver
14412,43,2,770.03,17.90767441860465,786,6.647727283312172,2.93956789354245,6.668228248417403,0,1,Loyal,0.2689,Low,1229.67,Gold
14413,362,1,121.05,5.502272727272727,67,4.804430796838969,1.872151766137803,4.219507705176107,1,0,At-Risk,0.5341,Medium,138.33,Bronze
14414,92,7,1496.98,15.43278350515464,2512,7.311872812853191,2.79927833371662,7.829232537543592,1,1,Loyal,0.2673,Low,2098.58,Platinum
14415,1,13,5855.57,10.113246977547496,2996,8.675319386969873,2.408137818157716,8.005367067316664,0,2,High-Value,0.0013,Low,4744.82,Platinum
14416,22,2,490.22,35.01571428571429,326,6.1968920926164115,3.5839553511507436,5.7899601708972535,0,1,Loyal,0.4127,Medium,614.28,Silver
14418,4,3,1937.25,15.622983870967742,1711,7.569540783099068,2.8107863082687716,7.445417556701687,0,1,Loyal,0.148,Low,1845.14,Platinum
14419,11,6,1051.79,5.206881188118811,483,6.959199062045698,1.825658545653148,6.182084906716632,0,1,Loyal,0.0872,Low,978.95,Gold
14420,99,1,387.52,13.362758620689654,334,5.962344648534129,2.6646386496752212,5.814130531825066,1,1,Loyal,0.4332,Medium,309.32,Silver
14421,57,2,813.11,30.115185185185187,365,6.702095492007746,3.437695969640468,5.902633333401366,0,1,Loyal,0.3988,Low,839.73,Gold
14422,1,6,4263.64,19.205585585585588,2906,8.358113048391361,3.005959080322071,7.9748769005588755,0,2,High-Value,0.0202,Low,4370.38,Platinum
14423,218,1,265.2,88.39999999999999,120,5.5842479059610115,4.493120682179469,4.795790545596741,1,0,At-Risk,0.6617,Medium,422.66,Silver
14424,18,1,322.08,322.08,48,5.777899970574095,5.777899970574095,3.8918202981106265,0,1,Loyal,0.5482,Medium,371.59,Silver
14426,24,10,4481.67,20.007455357142856,2699,8.407974130025062,3.044877391726599,7.90100705199242,0,2,High-Value,0.0035,Low,4663.99,Platinum
14427,50,2,363.34,21.37294117647059,228,5.898087497602683,3.107852245467914,5.43372200355424,0,1,Loyal,0.3868,Low,392.53,Silver
14428,7,5,1224.06,8.934744525547444,428,7.110745101371203,2.296038161083063,6.061456918928017,0,1,Loyal,0.1494,Low,946.13,Gold
14431,303,1,470.36,27.668235294117647,130,6.1556221332742656,3.355789725650581,4.875197323201151,1,0,At-Risk,0.6102,Medium,299.03,Bronze
14432,10,6,2248.5,5.964190981432361,2013,7.718463248281227,1.9407814456299033,7.607878073278507,0,2,High-Value,0.0342,Low,2776.4,Platinum
14434,22,6,1372.8,114.4,368,7.225335901779781,4.748404354073999,5.910796644040527,0,1,Loyal,0.1695,Low,1197.28,Gold
14436,99,1,89.06,9.895555555555555,129,4.500476114873425,2.388354958886868,4.867534450455582,1,1,Loyal,0.6503,Medium,162.93,Bronze
14437,366,1,63.0,12.6,60,4.1588830833596715,2.6100697927420065,4.110873864173311,1,0,At-Risk,0.687,Medium,105.22,Bronze
14438,306,1,131.9,14.655555555555557,82,4.8895969657192,2.7508258415684153,4.418840607796598,1,0,At-Risk,0.6748,Medium,140.31,Bronze
14439,320,1,2661.24,83.16375,526,7.886923152667197,4.432764305981513,6.267200548541362,1,0,At-Risk,0.5773,Medium,1708.55,Platinum
14440,8,5,2357.6800000000003,42.8669090909091,588,7.765857419506838,3.781160256596342,6.3784261836515865,0,2,High-Value,0.1421,Low,1244.57,Gold
14441,1,4,1712.89,33.58607843137255,446,7.446520919735376,3.5434512436214085,6.102558594613569,0,1,Loyal,0.1647,Low,1352.8,Gold
14442,205,2,1589.82,25.235238095238095,482,7.372004885545176,3.267103472578267,6.180016653652572,1,0,At-Risk,0.5308,Medium,1014.07,Gold
14443,54,4,1420.2,15.270967741935484,938,7.259256864146872,2.789382399605618,6.844815479208263,0,1,Loyal,0.1333,Low,1341.83,Gold
14446,1,4,1010.35,3.6474729241877255,916,6.919041350999104,1.536323614708966,6.821107472256465,0,1,Loyal,0.152,Low,1000.76,Gold
14447,19,5,1163.23,16.617571428571427,571,7.059815203273879,2.868896780621006,6.349138991379798,0,1,Loyal,0.1474,Low,1162.78,Gold
14448,9,2,375.35,18.7675,104,5.930519561480541,2.984039174962945,4.653960350157523,0,1,Loyal,0.4818,Medium,282.74,Bronze
14449,19,4,885.8,3.5431999999999997,741,6.787619477742156,1.5136316095810856,6.60934924316738,0,1,Loyal,0.1088,Low,951.78,Gold
14450,181,3,483.25,12.08125,241,6.182601302287106,2.571179907212173,5.488937726156687,1,0,At-Risk,0.3604,Low,460.64,Silver
14451,60,2,643.9,6.132380952380952,378,6.469095266016332,1.964645113097798,5.937536205082426,0,1,Loyal,0.233,Low,508.71,Silver
14452,11,2,259.05,4.3175,116,5.560873920219081,1.671003268092255,4.762173934797756,0,1,Loyal,0.31,Low,292.8,Bronze
14453,190,1,119.93,5.451363636363637,49,4.795211865797184,1.8642915249528509,3.912023005428146,1,0,At-Risk,0.6159,Medium,127.83,Bronze
14456,5,9,3017.28,3.1861457233368533,2885,8.012442411697599,1.4317804354907089,7.967626739333816,0,2,High-Value,0.0362,Low,3346.93,Platinum
14457,311,1,113.64,28.41,88,4.741796783519916,3.3813347525659037,4.48863636973214,1,0,At-Risk,0.6539,Medium,184.4,Bronze
14459,155,1,1837.92,49.67351351351351,760,7.516933721754878,3.925403358183372,6.634633357861686,1,1,Loyal,0.4469,Medium,1404.07,Gold
14460,110,3,434.34,27.14625,881,6.076127334986691,3.337414130791733,6.782192056006791,1,1,Loyal,0.7532,High,882.46,Gold
14461,148,3,2103.06,11.683666666666666,766,7.651624090561262,2.540315076503176,6.642486801367256,1,1,Loyal,0.3214,Low,1152.57,Gold
14462,66,11,1980.57,8.500300429184549,956,7.591644738779161,2.2513234222311524,6.863803391452954,0,2,High-Value,0.0341,Low,2032.83,Platinum
14463,98,3,529.62,88.27,179,6.2740461341708045,4.4916654851912705,5.19295685089021,1,1,Loyal,0.5027,Medium,594.7,Silver
14465,247,3,1038.44,8.44260162601626,398,6.946437385574481,2.2452315381641132,5.988961416889864,1,0,At-Risk,0.3563,Low,790.22,Gold
14466,29,7,2272.4,31.561111111111114,1006,7.72903178725261,3.4831186655862187,6.914730892718563,0,2,High-Value,0.0305,Low,2130.22,Platinum
14467,18,4,596.26,6.699550561797753,276,6.392352529473033,2.04116195855843,5.6240175061873385,0,1,Loyal,0.1524,Low,616.9,Silver
14470,12,2,461.19,10.725348837209305,193,6.135976061950666,2.461753065464128,5.267858159063328,0,1,Loyal,0.2884,Low,318.3,Silver
14472,104,8,1852.67,6.991207547169812,1135,7.524922736755564,2.078341880670462,7.035268599281097,1,2,High-Value,0.1295,Low,2050.78,Platinum
14473,74,2,234.34000000000003,33.47714285714286,88,5.461031277035783,3.5402965785901417,4.48863636973214,0,1,Loyal,0.3904,Low,230.86,Bronze
14474,46,1,547.66,18.884827586206896,140,6.3074789418267985,2.989957008076774,4.948759890378168,0,1,Loyal,0.5663,Medium,296.51,Bronze
14475,72,3,925.85,22.04404761904762,447,6.831791740175098,3.1374074983081863,6.104793232414985,0,1,Loyal,0.2622,Low,861.9,Gold
14476,257,1,193.0,11.352941176470589,110,5.267858159063328,2.5138941866612527,4.709530201312334,1,0,At-Risk,0.6566,Medium,151.68,Bronze
14477,20,4,1309.6,130.95999999999998,720,7.178240326605397,4.882498846360381,6.580639137284949,0,1,Loyal,0.2392,Low,1404.12,Gold
14479,254,2,316.25,17.569444444444443,117,5.759690106594497,2.9215174580858876,4.770684624465665,1,0,At-Risk,0.52,Medium,300.3,Bronze
14480,11,1,279.05,21.465384615384615,143,5.634968158655841,3.1119756630247815,4.969813299576001,0,1,Loyal,0.6003,Medium,280.18,Bronze
14481,165,2,636.51,21.217,489,6.457569963184063,3.1008577615949906,6.194405391104672,1,0,At-Risk,0.5186,Medium,770.84,Gold
14482,18,6,2022.81,14.765036496350364,1627,7.612737152483176,2.7577946080181546,7.395107546562485,0,2,High-Value,0.0969,Low,1993.84,Platinum
14483,282,1,137.1,15.233333333333333,97,4.9279780604152466,2.787066741420434,4.584967478670572,1,0,At-Risk,0.7007,High,145.2,Bronze
14484,50,1,321.92,22.994285714285716,210,5.777404614526815,3.177815706760679,5.351858133476067,0,1,Loyal,0.4382,Medium,386.76,Silver
14485,39,1,162.8,3.539130434782609,70,5.098646171418969,1.5127354595193887,4.2626798770413155,0,1,Loyal,0.2538,Low,138.05,Bronze
14487,27,6,1165.48,8.324857142857143,712,7.06174594600803,2.2326836456116874,6.569481420414296,0,1,Loyal,0.0797,Low,1300.92,Gold
14488,68,1,1064.28,23.136521739130433,799,6.97099295438666,3.183726118259287,6.684611727667927,0,1,Loyal,0.3008,Low,1187.0,Gold
14489,207,1,463.38,15.446,299,6.14070318257422,2.8000822865487036,5.703782474656201,1,0,At-Risk,0.534,Medium,359.23,Silver
14491,175,2,340.93,20.05470588235294,139,5.834606037750557,3.0471240924996024,4.941642422609304,1,0,At-Risk,0.6095,Medium,314.9,Silver
14493,7,5,2383.24,19.860333333333337,1285,7.7766356942591806,3.037849428991136,7.1592919047975645,0,2,High-Value,0.0746,Low,2193.83,Platinum
14494,26,1,139.56,19.937142857142856,92,4.945634443878841,3.041524751870506,4.532599493153256,0,1,Loyal,0.6527,Medium,196.52,Bronze
14495,51,2,123.8,20.633333333333333,62,4.826712455935327,3.0742353350419345,4.143134726391533,0,1,Loyal,0.5473,Medium,152.54,Bronze
14496,312,2,538.8100000000001,28.35842105263158,159,6.2912172257920815,3.379579423438858,5.075173815233827,1,0,At-Risk,0.5566,Medium,384.2,Silver
14497,309,1,475.37,16.392068965517243,235,6.166194863206115,2.856014295729618,5.4638318050256105,1,0,At-Risk,0.5371,Medium,400.9,Silver
14498,43,5,1957.32,10.141554404145078,1098,7.579842241810434,2.4106817583509668,7.002155954403621,0,1,Loyal,0.1326,Low,1799.35,Platinum
14499,26,3,808.44,4.254947368421053,496,6.696342650543626,1.659169988754697,6.208590026096629,0,1,Loyal,0.0936,Low,716.58,Gold
14500,88,3,356.85,50.978571428571435,117,5.880113904184607,3.950831545737782,4.770684624465665,0,1,Loyal,0.2883,Low,404.15,Silver
14501,184,2,251.21,25.121,161,5.530262073815315,3.2627395885145885,5.087596335232384,1,0,At-Risk,0.4857,Medium,362.52,Silver
14502,20,11,2429.83,3.996430921052632,1480,7.795988041800972,1.6087238417568337,7.300472814267799,0,2,High-Value,0.0521,Low,2365.57,Platinum
14503,3,6,3543.26,21.605243902439025,2004,8.173084672465158,3.118181910444565,7.60339933974067,0,2,High-Value,0.0302,Low,3551.48,Platinum
14504,47,4,673.26,6.2921495327102805,308,6.513615793203887,1.9867983630118515,5.733341276897746,0,1,Loyal,0.1498,Low,659.74,Gold
14505,17,8,5859.43,7.464242038216561,2739,8.675978258718553,2.135850470904689,7.9157131993821155,0,2,High-Value,0.0125,Low,3634.16,Platinum
14506,17,5,1960.65,6.6462711864406785,704,7.5815412348134545,2.0342181023984174,6.558197802812269,0,2,High-Value,0.1026,Low,1402.44,Gold
14507,24,6,1367.88,14.398736842105263,594,7.221748166223715,2.734285482815576,6.38856140554563,0,1,Loyal,0.1275,Low,1186.36,Gold
14508,22,2,268.05,4.873636363636364,129,5.594897235935429,1.7704739247717036,4.867534450455582,0,1,Loyal,0.3683,Low,297.75,Bronze
14511,11,5,1314.81,19.33544117647059,784,7.182207724562218,3.0123652345490037,6.665683717782408,0,1,Loyal,0.1322,Low,1343.51,Gold
14512,188,2,275.28,11.968695652173912,122,5.621414844220772,2.5625384267464444,4.812184355372417,1,0,At-Risk,0.5581,Medium,293.99,Bronze
14513,101,3,455.59,37.965833333333336,361,6.1237858328484185,3.662685193781405,5.8916442118257715,1,1,Loyal,0.5361,Medium,781.69,Gold
14514,61,3,990.2,14.35072463768116,564,6.898916330314933,2.7311626805854843,6.336825731146441,0,1,Loyal,0.1834,Low,748.21,Gold
14515,18,6,2076.89,21.192755102040817,1110,7.63910823474312,3.099765888860625,7.01301578963963,0,2,High-Value,0.095,Low,2063.27,Platinum
14517,33,2,330.45,18.358333333333334,91,5.8034769686874,2.963122989988363,4.5217885770490405,0,1,Loyal,0.4856,Medium,289.51,Bronze
14518,64,1,174.37,10.898125,278,5.166898027681201,2.476380824677916,5.631211781821365,0,1,Loyal,0.3625,Low,259.79,Bronze
14520,2,2,270.6,67.65,146,5.604330395684541,4.229021132213981,4.990432586778736,0,1,Loyal,0.4399,Medium,341.87,Silver
14522,24,4,974.54,57.32588235294117,525,6.882991163835519,4.066045946004657,6.26530121273771,0,1,Loyal,0.1904,Low,1129.09,Gold
14523,108,1,241.09,20.090833333333332,251,5.489309557845162,3.0488385069074653,5.529429087511423,1,1,Loyal,0.499,Medium,404.04,Silver
14524,32,9,1843.83,9.359543147208122,669,7.520142411307983,2.337908138099168,6.507277712385012,0,2,High-Value,0.047,Low,1493.35,Gold
14525,20,9,4215.9,14.95,2637,8.346855539924958,2.7694588292308535,7.87777633327726,0,2,High-Value,0.0068,Low,3749.06,Platinum
14527,3,55,8507.13,8.761204943357363,2088,9.048777455940112,2.2784158501159797,7.644440761556566,0,2,High-Value,0.051,Low,4128.91,Platinum
14528,37,1,364.22,20.23444444444444,278,5.900499911733888,3.0556246011646704,5.631211781821365,0,1,Loyal,0.5009,Medium,445.68,Silver
14529,60,3,578.61,2.7164788732394367,325,6.362355463575814,1.3127766805819432,5.786897381366708,0,1,Loyal,0.1584,Low,528.95,Silver
14530,26,6,2862.11,13.437136150234744,1395,7.959663725596504,2.6698037862491013,7.241366283322318,0,2,High-Value,0.0735,Low,2208.19,Platinum
14532,236,4,932.85,14.57578125,284,6.839315825759616,2.745717223929164,5.652489180268651,1,0,At-Risk,0.2359,Low,731.3,Gold
14533,25,7,1949.72,31.44709677419355,4019,7.575953814178117,3.4796109714802497,8.299037181613066,0,2,High-Value,0.046,Low,3796.6,Platinum
14534,3,18,4397.3,8.656102362204726,2027,8.38897338161233,2.267590084630169,7.614805364711073,0,2,High-Value,0.0037,Low,3986.64,Platinum
14535,60,3,2854.84,8.70378048780488,1824,7.957121299481198,2.2725155505908496,7.509335266016592,0,2,High-Value,0.1498,Low,2576.5,Platinum
14536,260,1,170.95,9.497222222222222,39,5.147203736878275,2.3511106718993333,3.688879454113936,1,0,At-Risk,0.7781,High,107.4,Bronze
14537,58,1,355.56,35.556,120,5.876502528638301,3.5988453314099553,4.795790545596741,0,1,Loyal,0.6312,Medium,303.46,Silver
14538,65,2,388.25,20.43421052631579,155,5.964221810714108,3.064988268315714,5.049856007249537,0,1,Loyal,0.5293,Medium,368.06,Silver
14539,16,2,537.48,16.79625,428,6.288750355702458,2.8789877609458183,6.061456918928017,0,1,Loyal,0.3279,Low,673.61,Gold
14540,10,3,952.66,13.41774647887324,411,6.860307213794826,2.6684598421735575,6.021023349349527,0,1,Loyal,0.1887,Low,790.57,Gold
14541,59,8,1453.35,13.84142857142857,641,7.282314344394418,2.697422498027127,6.464588303689961,0,2,High-Value,0.0609,Low,1350.23,Gold
14542,186,1,103.25,20.65,19,4.646791860678911,3.075005454448499,2.995732273553991,1,0,At-Risk,0.8107,High,102.5,Bronze
14543,29,16,3599.73,50.70042253521127,675,8.188891881665345,3.945465954309057,6.516193076042964,0,2,High-Value,0.1575,Low,2879.39,Platinum
14544,24,2,2004.3,18.056756756756755,1536,7.603548954482988,2.9474217240807703,7.337587743538596,0,1,Loyal,0.231,Low,2059.66,Platinum
14546,5,5,2573.93,6.48345088161209,1313,7.853577628262313,2.012694033407308,7.1808311990445555,0,2,High-Value,0.0677,Low,1986.68,Platinum
14547,4,8,3974.75,11.196478873239435,2639,8.287968688536026,2.501147293133737,7.878534196140362,0,2,High-Value,0.0116,Low,3568.52,Platinum
14548,151,2,652.8,163.2,256,6.48280149429011,5.101085197018328,5.54907608489522,1,1,Loyal,0.6067,Medium,638.11,Silver
14549,311,1,289.24,5.165,136,5.670708166926771,1.8188881366163077,4.919980925828125,1,0,At-Risk,0.7099,High,234.2,Bronze
14550,11,2,757.37,16.114255319148935,389,6.631171393196389,2.8399117606147968,5.966146739123692,0,1,Loyal,0.2935,Low,669.3,Gold
14551,18,2,186.23,18.623,106,5.232337807614061,2.976702347647185,4.672828834461906,0,1,Loyal,0.4729,Medium,273.41,Bronze
14552,152,1,164.22,2.8810526315789473,90,5.10727791913436,1.356106413639558,4.51085950651685,1,0,At-Risk,0.3385,Low,158.07,Bronze
14553,19,5,859.27,7.604159292035398,493,6.757246293462842,2.152245724952772,6.202535517187923,0,1,Loyal,0.0884,Low,929.73,Gold
14554,10,4,2279.49,11.229014778325125,1443,7.7321456111388525,2.5038113886720454,7.275172319452771,0,2,High-Value,0.1245,Low,2063.35,Platinum
14555,57,2,312.54,16.449473684210528,122,5.747926943640385,2.8593094868302797,4.812184355372417,0,1,Loyal,0.4908,Medium,293.14,Bronze
14557,85,1,788.38,49.27375,510,6.671247827209794,3.9174830720975065,6.236369590203704,0,1,Loyal,0.3486,Low,801.26,Gold
14560,7,22,2237.77,30.240135135135137,1260,7.71368188689169,3.4417036506706804,7.13966033596492,0,2,High-Value,0.0382,Low,2380.01,Platinum
14561,76,3,1080.76,15.6631884057971,1014,6.986344623342368,2.8132019993278945,6.922643891475888,0,1,Loyal,0.1533,Low,1266.48,Gold
14562,4,18,5006.77,11.949331742243436,1815,8.518745985207708,2.5610441838985056,7.504391559161238,0,2,High-Value,0.0097,Low,4167.96,Platinum
14565,96,4,3099.12,24.40251968503937,1540,8.039196099401456,3.234848369302877,7.340186835320115,1,2,High-Value,0.2102,Low,2494.45,Platinum
14566,111,1,1432.0,358.0,800,7.267525427828172,5.883322388488279,6.68586094706836,1,1,Loyal,0.733,High,1685.57,Platinum
14567,57,2,1530.36,46.374545454545455,412,7.3339115084475965,3.8580850687295527,6.023447592961033,0,1,Loyal,0.4176,Medium,958.01,Gold
14569,1,1,227.39,18.949166666666667,79,5.431054693986231,2.993187371369033,4.382026634673881,0,1,Loyal,0.5999,Medium,194.34,Bronze
14570,281,2,218.06,7.519310344827586,95,5.3893456648956,2.1423353921221935,4.564348191467836,1,0,At-Risk,0.5195,Medium,227.76,Bronze
14572,3,7,2804.54,10.704351145038167,1420,7.93935131279746,2.459960665407051,7.259116128097101,0,2,High-Value,0.035,Low,2361.99,Platinum
14573,180,9,1639.82,7.223876651982379,534,7.402951395859895,2.1070417100573313,6.282266746896006,1,2,High-Value,0.1047,Low,1481.52,Gold
14576,372,1,35.400000000000006,35.400000000000006,12,3.594568774642695,3.594568774642695,2.5649493574615367,1,0,At-Risk,0.6804,Medium,42.1,Bronze
14577,13,4,859.71,6.989512195121952,353,6.757757630038034,2.078129705989777,5.869296913133774,0,1,Loyal,0.0753,Low,703.45,Gold
14578,3,1,168.63,7.02625,240,5.133619594507631,2.082717420126121,5.484796933490655,0,1,Loyal,0.3002,Low,293.47,Bronze
14581,17,1,138.6,8.152941176470588,217,4.938781190328272,2.214075267688075,5.384495062789089,0,1,Loyal,0.3727,Low,329.58,Silver
14582,41,1,114.11,19.018333333333334,73,4.74588819292697,2.996648520338344,4.30406509320417,0,1,Loyal,0.6243,Medium,144.12,Bronze
14583,6,5,986.96,3.2680794701986757,751,6.895642211098335,1.4511639532752183,6.62273632394984,0,1,Loyal,0.0933,Low,1167.17,Gold
14584,169,4,1033.06,10.54142857142857,381,6.941248080464172,2.445943046436304,5.945420608606575,1,1,Loyal,0.2592,Low,815.12,Gold
14585,50,1,157.05,5.415517241379311,91,5.062911438661627,1.8587196248061577,4.5217885770490405,0,1,Loyal,0.5195,Medium,166.0,Bronze
14586,277,1,237.36,12.49263157894737,444,5.473782135878778,2.6021437274695858,6.09807428216624,1,0,At-Risk,0.4977,Medium,280.92,Bronze
14587,19,9,1580.29,4.259541778975741,749,7.365996248598568,1.6600439086917835,6.620073206530356,0,2,High-Value,0.0415,Low,1445.89,Gold
14589,372,1,39.75,13.25,5,3.707455839686871,2.6567569067146595,1.791759469228055,1,0,At-Risk,0.775,High,30.71,Bronze
14591,15,4,1320.21,7.501193181818182,1228,7.18630326236477,2.140206527976267,7.113956109566034,0,1,Loyal,0.1074,Low,1434.87,Gold
14592,35,3,557.94,3.5312658227848104,407,6.326042132868397,1.5110013315396749,6.0112671744041615,0,1,Loyal,0.1452,Low,682.88,Gold
14593,22,3,617.15,4.087086092715231,330,6.426731146452936,1.6267051897617446,5.802118375377063,0,1,Loyal,0.165,Low,558.71,Silver
14594,7,2,363.33,6.987115384615384,183,5.898060050335743,2.0778296663834723,5.214935757608986,0,1,Loyal,0.3238,Low,316.76,Silver
14595,20,6,1740.6,17.06470588235294,978,7.462559509920338,2.8939600833905605,6.88653164253051,0,2,High-Value,0.0837,Low,1557.75,Gold
14597,11,2,866.24,18.430638297872346,566,6.76531575508289,2.9668511140011944,6.340359303727752,0,1,Loyal,0.3397,Low,909.47,Gold
14598,44,1,221.97,4.4394,189,5.40703723326228,1.6936687606673608,5.247024072160486,0,1,Loyal,0.3408,Low,273.42,Bronze
14600,306,1,393.33,15.733200000000002,125,5.977188122189173,2.8173947698703383,4.836281906951478,1,0,At-Risk,0.6354,Medium,281.43,Bronze
14601,11,1,213.96,30.56571428571429,168,5.370451964307236,3.452071540605669,5.1298987149230735,0,1,Loyal,0.4111,Medium,354.07,Silver
14603,275,1,660.0,330.0,400,6.493753839851686,5.802118375377063,5.993961427306569,1,0,At-Risk,0.6367,Medium,622.94,Silver
14606,1,93,12076.15,4.511075831154277,6187,9.3990705165013,1.7067598547691014,8.730367211692958,0,2,High-Value,0.0007,Low,10302.05,Platinum
14607,16,14,16209.5,200.1172839506173,11526,9.69341445941133,5.303888240129713,9.352447388601012,0,2,High-Value,0.0033,Low,11515.56,Platinum
14608,4,4,1785.15,89.25750000000001,437,7.48781774447192,4.502666696253244,6.082218910376446,0,1,Loyal,0.1574,Low,1502.37,Gold
14609,72,4,601.56,150.39,7026,6.401187245468788,5.019859288623787,8.857515151192198,0,1,Loyal,0.3058,Low,1372.5,Gold
14616,243,3,406.08,135.36,104,6.009009726323731,4.915298447269702,4.653960350157523,1,0,At-Risk,0.6133,Medium,493.4,Silver
14618,9,3,553.44,34.59,264,6.317958595345153,3.5720646995221013,5.579729825986222,0,1,Loyal,0.3028,Low,542.49,Silver
14619,246,1,394.44,19.722,152,5.979999068998704,3.03119593782956,5.030437921392435,1,0,At-Risk,0.5755,Medium,305.93,Silver
14620,206,2,412.78,15.876153846153848,214,6.0253344316155975,2.825901610489433,5.3706380281276624,1,0,At-Risk,0.4147,Medium,371.05,Silver
14621,1,5,1788.36,19.438695652173916,993,7.489613293002015,3.0174299498049093,6.901737206656574,0,1,Loyal,0.0867,Low,1784.72,Platinum
14622,185,1,320.58000000000004,15.265714285714289,146,5.773246346316266,2.7890594744676225,4.990432586778736,1,0,At-Risk,0.6546,Medium,252.71,Bronze
14623,32,5,886.7,6.666917293233083,418,6.788633848074274,2.0369146171484265,6.037870919922137,0,1,Loyal,0.0725,Low,875.76,Gold
14624,57,2,225.85,17.373076923076923,162,5.424289006109973,2.910886382374434,5.093750200806762,0,1,Loyal,0.3009,Low,363.6,Silver
14625,196,2,899.63,16.974150943396225,335,6.803094518438584,2.8889346670754175,5.817111159963204,1,0,At-Risk,0.3976,Low,600.79,Silver
14626,24,4,2791.27,22.87926229508197,1403,7.934610164077709,3.173010395881482,7.247080584585756,0,2,High-Value,0.1345,Low,2344.21,Platinum
14628,91,2,671.96,27.998333333333335,272,6.511685892514335,3.36723835707057,5.60947179518496,1,1,Loyal,0.4565,Medium,626.48,Silver
14629,4,2,955.26,6.3684,378,6.863029842602406,1.997200586295925,5.937536205082426,0,1,Loyal,0.2682,Low,641.6,Silver
14631,51,3,1006.98,24.56048780487805,622,6.915703607164632,3.241047714025113,6.434546518787453,0,1,Loyal,0.2413,Low,1130.23,Gold
14632,263,1,114.56,14.32,96,4.749789875598035,2.729159164312445,4.574710978503383,1,0,At-Risk,0.6789,Medium,135.04,Bronze
14633,266,1,344.90000000000003,17.245,96,5.846149715943123,2.903891069888411,4.574710978503383,1,0,At-Risk,0.6878,Medium,234.87,Bronze
14636,36,2,609.85,21.780357142857145,241,6.414851429850069,3.125898635809095,5.488937726156687,0,1,Loyal,0.3877,Low,513.28,Silver
14638,51,1,443.6,27.725,166,6.097175001530096,3.3577678237348194,5.117993812416755,0,1,Loyal,0.4947,Medium,342.35,Silver
14639,52,6,2984.49,17.351686046511627,1431,8.001519166458744,2.9097214529233133,7.266827347520591,0,2,High-Value,0.0928,Low,2383.93,Platinum
14640,24,6,2107.38,20.070285714285717,880,7.653675159070001,3.047863787965531,6.78105762593618,0,2,High-Value,0.1188,Low,1773.83,Platinum
14641,22,1,110.46,15.78,90,4.7136657821413905,2.82018770103906,4.51085950651685,0,1,Loyal,0.6333,Medium,181.6,Bronze
14642,59,1,96.12,48.06,76,4.575947327311188,3.893044038830343,4.343805421853684,0,1,Loyal,0.5964,Medium,180.83,Bronze
14643,170,2,693.8100000000001,22.38096774193549,815,6.54363842689435,3.151922347057939,6.704414354964107,1,0,At-Risk,0.4057,Medium,1087.48,Gold
14644,68,2,830.76,31.95230769230769,258,6.723543937669715,3.495061294681459,5.556828061699537,0,1,Loyal,0.3872,Low,630.04,Silver
14645,157,2,597.09,19.903,381,6.393741244298632,3.039892689339646,5.945420608606575,1,1,Loyal,0.3911,Low,701.91,Gold
14646,2,73,280206.02,134.97399807321773,196915,12.5432839661044,4.912463676818687,12.19053252084844,0,2,High-Value,0.0084,Low,221648.17,Platinum
14647,201,1,236.04,8.430000000000001,91,5.4682289032653095,2.2438960966453663,4.5217885770490405,1,0,At-Risk,0.7209,High,174.85,Bronze
14649,5,4,1402.59,7.5408064516129025,1004,7.246788519146775,2.144855435615206,6.912742820493176,0,1,Loyal,0.0899,Low,1260.91,Gold
14651,67,2,653.75,6.4727722772277225,343,6.484253483387821,2.0112660517456886,5.840641657373398,0,1,Loyal,0.2222,Low,558.92,Silver
14652,77,1,114.18,3.937241379310345,53,4.7464961220785264,1.596806749981565,3.9889840465642745,0,1,Loyal,0.415,Medium,130.04,Bronze
14653,1,7,1926.65,8.233547008547008,945,7.56405692342126,2.22284326597731,6.852242569051878,0,2,High-Value,0.0352,Low,1432.94,Gold
14655,8,4,1932.23,39.43326530612245,1089,7.566947458162128,3.699652844826789,6.993932975223189,0,1,Loyal,0.1351,Low,1787.27,Platinum
14656,169,2,291.05,3.638125,120,5.676925020486318,1.5343101897422609,4.795790545596741,1,0,At-Risk,0.5013,Medium,295.04,Bronze
14657,18,4,848.22,6.7319047619047625,466,6.744318281129723,2.0453552438756,6.1463292576688975,0,1,Loyal,0.0897,Low,816.23,Gold
14658,5,2,247.15,8.522413793103448,47,5.51403340203345,2.2536483663607223,3.871201010907891,0,1,Loyal,0.5683,Medium,180.34,Bronze
14659,9,9,2529.93,9.999723320158102,1195,7.836342103110113,2.397870119769136,7.086737934510577,0,2,High-Value,0.0324,Low,2071.31,Platinum
14660,87,2,285.74,9.524666666666668,228,5.6585758818181215,2.3537217084414253,5.43372200355424,0,1,Loyal,0.2301,Low,343.26,Silver
14661,27,1,107.95,26.9875,35,4.690889061390629,3.331757981924873,3.58351893845611,0,1,Loyal,0.7187,High,102.88,Bronze
14662,29,4,741.37,4.722101910828026,578,6.609847771172747,1.7443362048202469,6.361302477572996,0,1,Loyal,0.1341,Low,885.18,Gold
14664,20,2,636.24,6.492244897959184,465,6.4571463507046944,2.0138684719759516,6.144185634125646,0,1,Loyal,0.2644,Low,616.52,Silver
14665,61,5,1835.7,20.39666666666667,740,7.5157257621344895,3.063235146655577,6.608000625296087,0,1,Loyal,0.1227,Low,1644.71,Platinum
14666,24,1,195.25,13.946428571428571,161,5.279389356662517,2.704472379754326,5.087596335232384,0,1,Loyal,0.3533,Low,210.22,Bronze
14667,11,25,9175.04,16.18172839506173,5319,9.124351017997611,2.8438465165633797,8.57922858233569,0,2,High-Value,0.0009,Low,8317.4,Platinum
14669,242,3,1259.24,7.58578313253012,770,7.139057457997714,2.150107711217606,6.647688373563329,1,0,At-Risk,0.1129,Low,1138.2,Gold
14670,280,2,392.86,3.1939837398373987,326,5.97599551620405,1.4336510554663469,5.7899601708972535,1,0,At-Risk,0.4254,Medium,456.05,Silver
14672,235,2,765.55,12.55,454,6.641899927756463,2.6063865473257097,6.12029741895095,1,0,At-Risk,0.2901,Low,657.33,Gold
14673,3,5,1736.4,23.464864864864865,1004,7.46014502182582,3.1972380011151578,6.912742820493176,0,1,Loyal,0.085,Low,1824.39,Platinum
14675,16,1,596.36,6.148041237113402,336,6.392519946727447,1.9668383663227067,5.820082930352362,0,1,Loyal,0.398,Low,465.62,Silver
14676,31,6,2548.24,60.672380952380955,2500,7.843550554514272,4.121836196209827,7.824445930877619,0,2,High-Value,0.1043,Low,3527.79,Platinum
14680,25,16,28754.11,111.45003875968992,13476,10.266570769562204,4.722509023089035,9.50873980776916,0,2,High-Value,0.0037,Low,29138.56,Platinum
14681,71,3,498.95,71.27857142857142,76,6.214508093421858,4.280527701120455,4.343805421853684,0,1,Loyal,0.5607,Medium,405.0,Silver
14682,188,2,52.0,26.0,80,3.970291913552122,3.295836866004329,4.394449154672439,1,0,At-Risk,0.5559,Medium,106.31,Bronze
14684,26,5,1201.51,3.080794871794872,821,7.092166317953654,1.4062917909591737,6.71174039505618,0,1,Loyal,0.0838,Low,1246.34,Gold
14687,107,1,628.38,41.892,470,6.444735207830545,3.7586853283578994,6.154858094016418,1,1,Loyal,0.5511,Medium,719.5,Gold
14688,8,21,5579.1,17.219444444444445,3584,8.626961976361729,2.9024893998435797,8.184513753033722,0,2,High-Value,0.0011,Low,6215.88,Platinum
14689,209,1,112.8,8.676923076923076,76,4.73444252169223,2.2697439868048033,4.343805421853684,1,0,At-Risk,0.7188,High,149.9,Bronze
14690,44,2,355.05,7.396875,167,5.875071170428134,2.127859612821719,5.123963979403259,0,1,Loyal,0.3372,Low,311.98,Silver
14691,31,5,2114.33,29.779295774647885,707,7.656966107678013,3.4268422488328145,6.56244409369372,0,2,High-Value,0.1484,Low,1872.5,Platinum
14692,137,4,591.55,8.699264705882353,265,6.384435257634458,2.2720500791188223,5.583496308781699,1,1,Loyal,0.2856,Low,589.38,Silver
14693,265,1,172.9,21.6125,34,5.158480421360237,3.1185028507214136,3.5553480614894135,1,0,At-Risk,0.7326,High,114.6,Bronze
14696,4,7,2078.95,15.991923076923076,1630,7.640099133944896,2.8327381180320423,7.396948602621014,0,2,High-Value,0.0394,Low,2145.86,Platinum
14697,218,2,188.61,8.573181818181817,181,5.2449693310461125,2.258965628595076,5.204006687076795,1,0,At-Risk,0.4397,Medium,289.52,Bronze
14698,2,5,1217.27,6.0863499999999995,602,7.105187098580444,1.958170398393108,6.401917196727186,0,1,Loyal,0.064,Low,1236.16,Gold
14699,214,1,109.13,13.64125,77,4.701661486176853,2.6838428874019473,4.356708826689592,1,0,At-Risk,0.6816,Medium,131.74,Bronze
14700,32,3,2195.1,19.599107142857143,1314,7.694438338933248,3.025247732276468,7.181591944611865,0,1,Loyal,0.1739,Low,2110.78,Platinum
14701,11,9,2526.09,7.725045871559633,921,7.834823722108157,2.166197725560015,6.826545223556594,0,2,High-Value,0.0537,Low,1903.49,Platinum
14702,1,17,3251.79,9.508157894736842,1439,8.087268368594886,2.352151897855895,7.272398392570047,0,2,High-Value,0.0412,Low,2625.65,Platinum
14703,15,1,318.17,14.462272727272728,183,5.765723876196384,2.738403039293542,5.214935757608986,0,1,Loyal,0.3956,Low,283.77,Bronze
14704,11,9,1493.96,3.801424936386769,1043,7.309854729614,1.5689127356063588,6.950814768442584,0,2,High-Value,0.0606,Low,1739.66,Platinum
14705,199,1,179.0,179.0,100,5.19295685089021,5.19295685089021,4.61512051684126,1,0,At-Risk,0.7317,High,203.46,Bronze
14708,3,3,1126.37,40.2275,621,7.027642765394543,3.719105509420788,6.432940092739179,0,1,Loyal,0.2282,Low,1121.47,Gold
14709,15,13,4921.04,25.10734693877551,2484,8.501478357695712,3.262216766624342,7.818027938530729,0,2,High-Value,0.0021,Low,5249.65,Platinum
14710,14,4,599.48,4.4079411764705885,375,6.39772933538671,1.6878684615495887,5.929589143389895,0,1,Loyal,0.1945,Low,688.42,Gold
14711,10,11,2839.62,8.230782608695652,966,7.951777617188277,2.222543834594821,6.874198495453294,0,2,High-Value,0.029,Low,2335.72,Platinum
14712,29,3,917.07,36.6828,315,6.822273640436711,3.6292037569260818,5.755742213586912,0,1,Loyal,0.2309,Low,747.41,Gold
14713,9,11,2662.2,7.876331360946745,1613,7.887283686260815,2.1833883366117712,7.3864708488298945,0,2,High-Value,0.0666,Low,2520.38,Platinum
14714,24,1,160.19,16.019,229,5.08258379340884,2.83433036701254,5.438079308923196,0,1,Loyal,0.3357,Low,283.83,Bronze
14715,25,4,867.38,12.21661971830986,521,6.766629406877568,2.581475107197853,6.257667587882639,0,1,Loyal,0.1546,Low,861.48,Gold
14716,43,2,307.51,6.029607843137255,495,5.73175425773095,1.950130920929108,6.206575926724928,0,1,Loyal,0.2365,Low,454.9,Silver
14719,2,5,1581.84,6.731234042553191,1025,7.366975980862403,2.045268493137542,6.933423025730715,0,1,Loyal,0.0621,Low,1376.64,Gold
14720,6,3,663.81,17.94081081081081,219,6.499501285546037,2.9413188962825427,5.393627546352362,0,1,Loyal,0.3091,Low,433.5,Silver
14722,147,1,180.42,6.443571428571429,118,5.2008147851867985,2.0073507643890776,4.77912349311153,1,0,At-Risk,0.6489,Medium,183.55,Bronze
14723,10,6,1122.36,4.333436293436294,673,7.024079473268939,1.6739957384046371,6.513230110912307,0,1,Loyal,0.0778,Low,1195.75,Gold
14725,25,1,655.58,13.948510638297874,588,6.487044544658406,2.7046116720176796,6.3784261836515865,0,1,Loyal,0.3037,Low,583.41,Silver
14727,274,1,268.58,26.857999999999997,62,5.596865192310124,3.3271201782658397,4.143134726391533,1,0,At-Risk,0.6252,Medium,212.77,Bronze
14729,374,1,313.49,4.415352112676056,197,5.750952279132591,1.689237903763834,5.288267030694535,1,0,At-Risk,0.4955,Medium,264.42,Bronze
14730,1,8,1897.57,4.107294372294372,1078,7.548856250206247,1.630669786947032,6.983789965258135,0,2,High-Value,0.0365,Low,1807.37,Platinum
14731,47,3,380.02,8.444888888888888,256,5.942851867187289,2.2454737368703945,5.54907608489522,0,1,Loyal,0.2287,Low,474.07,Silver
14732,8,8,2702.49,18.384285714285717,1405,7.902298809906397,2.964462723102548,7.248504072370611,0,2,High-Value,0.0389,Low,2561.14,Platinum
14733,16,12,9585.91,47.455,3764,9.168153905320404,3.880635532186514,8.233503140233994,0,2,High-Value,0.028,Low,8171.69,Platinum
14735,4,32,6065.69,31.26644329896907,2264,8.710568430543226,3.474027783037849,7.725330037917135,0,2,High-Value,0.0051,Low,5808.13,Platinum
14737,4,3,1164.55,68.50294117647059,345,7.060948357598531,4.241369070761227,5.846438775057725,0,1,Loyal,0.2215,Low,1033.24,Gold
14738,43,7,1314.45,24.34166666666667,601,7.181934091396172,3.232449944895319,6.400257445308821,0,1,Loyal,0.0695,Low,1267.81,Gold
14739,4,7,3902.28,65.038,3820,8.269572504294867,4.190230333917383,8.2482674474469,0,2,High-Value,0.092,Low,5538.24,Platinum
14740,197,3,1448.21,16.272022471910113,735,7.278773859355933,2.8490879942717635,6.601230118728877,1,0,At-Risk,0.2816,Low,1192.04,Gold
14741,12,6,1400.34,23.73457627118644,841,7.245184200691345,3.20820211379457,6.7357800142423265,0,1,Loyal,0.0983,Low,1760.08,Platinum
14744,16,7,1099.98,42.30692307692308,627,7.00395597125342,3.7683125085310647,6.4425401664681985,0,1,Loyal,0.1088,Low,1390.77,Gold
14745,113,5,1220.26,17.684927536231886,1038,7.107638391655096,2.927717184751275,6.946013991099227,1,1,Loyal,0.0796,Low,1606.09,Gold
14747,249,1,328.2,18.233333333333334,84,5.796665468802915,2.9566448848459443,4.442651256490317,1,0,At-Risk,0.6547,Medium,239.52,Bronze
14748,29,5,1415.75,15.907303370786517,1223,7.256120795049728,2.8277456806957404,7.1098794630722715,0,1,Loyal,0.0716,Low,1722.11,Platinum
14752,44,1,389.64,77.928,260,5.967786419753405,4.368536044491383,5.564520407322694,0,1,Loyal,0.4294,Medium,444.17,Silver
14753,87,1,563.15,18.771666666666665,211,6.335320173584455,2.984249936444957,5.356586274672012,0,1,Loyal,0.5054,Medium,392.79,Silver
14754,45,2,638.05,15.562195121951218,486,6.459982698577723,2.8071226958457696,6.18826412308259,0,1,Loyal,0.3425,Low,665.51,Gold
14755,10,11,5010.28,21.320340425531914,2219,8.519446650469105,3.105498389436759,7.705262474866325,0,2,High-Value,0.0057,Low,4109.6,Platinum
14756,15,1,738.96,19.446315789473687,416,6.606596130683188,3.0178027092646382,6.0330862217988015,0,1,Loyal,0.3711,Low,645.31,Silver
14757,75,1,420.5,22.13157894736842,160,6.04381977744191,3.141198737958791,5.081404364984463,0,1,Loyal,0.526,Medium,342.38,Silver
14758,145,4,1484.06,20.90225352112676,419,7.303210454460983,3.086589532036632,6.040254711277414,1,1,Loyal,0.2659,Low,869.53,Gold
14759,5,3,1625.97,15.940882352941175,569,7.394474668204541,2.829729774817913,6.345636360828596,0,1,Loyal,0.2234,Low,996.47,Gold
14760,297,1,89.2,17.84,40,4.502029427068578,2.935982269148217,3.713572066704308,1,0,At-Risk,0.7775,High,111.17,Bronze
14761,59,2,255.9,23.263636363636365,118,5.548686904115838,3.188978783612108,4.77912349311153,0,1,Loyal,0.4324,Medium,297.21,Bronze
14762,264,1,300.52,14.310476190476187,341,5.70883634895888,2.7285373124175227,5.834810737062605,1,0,At-Risk,0.4722,Medium,322.98,Silver
14764,47,1,278.3,46.38333333333333,190,5.632286472951131,3.858270549428899,5.25227342804663,0,1,Loyal,0.5686,Medium,356.71,Silver
14765,29,3,254.11,6.515641025641026,135,5.541694824693056,2.016986319053641,4.912654885736052,0,1,Loyal,0.4768,Medium,316.29,Silver
14766,8,6,2473.37,18.321259259259257,1349,7.813741097146052,2.961206005710996,7.2078598714324755,0,2,High-Value,0.073,Low,2275.03,Platinum
14768,17,2,192.6,38.52,52,5.265794174842477,3.6768068728796672,3.970291913552122,0,1,Loyal,0.397,Low,201.7,Bronze
14769,3,8,10416.98,9.808832391713748,7239,9.251288438549023,2.380363613950047,8.887376485379763,0,2,High-Value,0.0386,Low,10149.22,Platinum
14770,232,2,876.42,16.854230769230767,490,6.7769857830927895,2.8822404980254235,6.19644412779452,1,0,At-Risk,0.3693,Low,751.99,Gold
14772,112,1,139.26,15.473333333333333,82,4.943497843108764,2.8017429118923545,4.418840607796598,1,1,Loyal,0.6968,Medium,147.2,Bronze
14775,58,3,1011.9,16.865,1174,6.9205727826927514,2.882843491475373,7.069023426578259,0,1,Loyal,0.1918,Low,1458.26,Gold
14776,51,11,2538.3,21.6948717948718,3134,7.839643731479347,3.1221389868451848,8.050384453067021,0,2,High-Value,0.0147,Low,3545.43,Platinum
14778,127,2,730.86,20.881714285714285,306,6.595589238838791,3.0856513239231194,5.726847747587197,1,1,Loyal,0.4304,Medium,629.88,Silver
14779,281,3,386.15,9.418292682926827,84,5.958812214832733,2.3435631728933197,4.442651256490317,1,0,At-Risk,0.6114,Medium,289.32,Bronze
14780,55,2,447.68,16.58074074074074,310,6.106309938777023,2.866804026792609,5.739792912179234,0,1,Loyal,0.3638,Low,527.95,Silver
14782,320,1,200.1,33.35,114,5.303802296778606,3.536602018668358,4.74493212836325,1,0,At-Risk,0.6409,Medium,263.4,Bronze
14784,26,2,289.99,19.332666666666668,237,5.673288902319859,3.012228788082454,5.472270673671475,0,1,Loyal,0.3304,Low,377.36,Silver
14785,10,2,77.4,25.8,84,4.361823927356363,3.288401887516811,4.442651256490317,0,1,Loyal,0.4778,Medium,244.95,Bronze
14788,7,2,679.4399999999999,22.648,421,6.522739647741382,3.163278544765791,6.045005314036012,0,1,Loyal,0.3491,Low,813.15,Gold
14789,29,1,197.64,32.94,116,5.2914941411999115,3.52459425980608,4.762173934797756,0,1,Loyal,0.6279,Medium,271.36,Bronze
14790,17,4,745.06,16.19695652173913,699,6.61480602592395,2.8447324217520285,6.551080335043404,0,1,Loyal,0.1989,Low,1062.01,Gold
14792,64,1,6.2,3.1,2,1.9740810260220096,1.410986973710262,1.0986122886681098,0,0,At-Risk,0.3788,Low,8.15,Bronze
14793,21,1,228.99,16.356428571428573,91,5.438035829717119,2.8539629606151378,4.5217885770490405,0,1,Loyal,0.6469,Medium,205.34,Bronze
14794,3,7,1319.91,16.498875,673,7.186076171996967,2.862136593148767,6.513230110912307,0,1,Loyal,0.0536,Low,1267.87,Gold
14795,166,1,131.45000000000002,21.908333333333335,17,4.886205215718078,3.1315007453832,2.8903717578961645,1,0,At-Risk,0.7937,High,108.41,Bronze
14796,1,17,7975.49,7.045485865724381,5995,8.984253744057574,2.0851111721228306,8.698847859222488,0,2,High-Value,0.001,Low,7968.87,Platinum
14798,53,3,173.74,14.478333333333332,150,5.163299154869948,2.739441196559862,5.017279836814924,0,1,Loyal,0.2801,Low,263.28,Bronze
14799,51,1,157.7,12.13076923076923,146,5.0670156275323635,2.574958272338858,4.990432586778736,0,1,Loyal,0.5177,Medium,169.48,Bronze
14800,48,12,4331.79,11.310156657963446,3644,8.373966955298872,2.5104246661887775,8.201111644442758,0,2,High-Value,0.0044,Low,5040.75,Platinum
14801,61,1,189.34,3.3217543859649123,173,5.248811946644198,1.463661427678788,5.159055299214529,0,1,Loyal,0.2088,Low,198.34,Bronze
14803,162,3,845.55,19.217045454545453,370,6.741169266574241,3.006526082962523,5.916202062607435,1,1,Loyal,0.2855,Low,750.46,Gold
14804,9,1,353.27,29.439166666666665,121,5.8700593342813,3.4157301563594404,4.804021044733257,0,1,Loyal,0.6138,Medium,279.32,Bronze
14805,15,4,546.4,11.878260869565215,114,6.305179796606579,2.555540685904549,4.74493212836325,0,1,Loyal,0.5439,Medium,501.8,Silver
14806,75,1,193.39,17.580909090909092,330,5.269866450374021,2.922134660655316,5.802118375377063,0,1,Loyal,0.3839,Low,379.06,Silver
14808,40,8,2718.6,11.768831168831168,2120,7.908240089652304,2.547007136398141,7.659642954564682,0,2,High-Value,0.0203,Low,2978.9,Platinum
14810,41,11,2085.33,8.209960629921259,1015,7.643161820556003,2.2202855755481177,6.923628628138427,0,2,High-Value,0.0345,Low,2186.66,Platinum
14813,370,2,152.88,5.2717241379310344,66,5.0361730778840945,1.8360512989703357,4.204692619390966,1,0,At-Risk,0.6772,Medium,145.32,Bronze
14815,37,2,778.5,14.68867924528302,744,6.658652688497831,2.752939385080861,6.61338421837956,0,1,Loyal,0.266,Low,729.94,Gold
14816,197,1,271.85,67.9625,5,5.608922193632241,4.2335628785985495,1.791759469228055,1,0,At-Risk,0.8267,High,208.0,Bronze
14817,200,2,1110.34,17.624444444444443,655,7.0133217734248765,2.9244749353345405,6.486160788944089,1,0,At-Risk,0.3136,Low,1089.29,Gold
14818,74,3,657.8,13.704166666666666,324,6.490419998303485,2.6881309003332787,5.783825182329737,0,1,Loyal,0.1918,Low,569.01,Silver
14819,64,2,272.07,20.928461538461537,109,5.609728172573878,3.0877854066840125,4.700480365792417,0,1,Loyal,0.3977,Low,279.98,Bronze
14820,21,4,507.29,17.492758620689656,253,6.231052150838124,2.9173792295484944,5.537334267018537,0,1,Loyal,0.364,Low,587.45,Silver
14821,367,1,48.8,24.4,20,3.9080149840306073,3.234749174024491,3.044522437723423,1,0,At-Risk,0.8325,High,77.02,Bronze
14823,180,3,321.43,4.591857142857143,88,5.775886058412575,1.7213114579058202,4.48863636973214,1,0,At-Risk,0.6127,Medium,255.31,Bronze
14824,10,4,1127.71,38.88655172413793,525,7.028830666672488,3.6860392175615098,6.26530121273771,0,1,Loyal,0.1747,Low,1043.56,Gold
14825,4,12,2221.01,18.50841666666667,989,7.706167470639493,2.970845996378511,6.897704943128636,0,2,High-Value,0.0516,Low,2176.35,Platinum
14828,197,3,2139.76,125.86823529411764,2172,7.668916185155464,4.843149030495727,7.683863980256429,1,0,At-Risk,0.343,Low,2342.35,Platinum
14829,29,4,697.55,16.60833333333333,452,6.549006758096496,2.8683722748340106,6.115892125483034,0,1,Loyal,0.2282,Low,842.11,Gold
14830,53,1,188.88,4.843076923076923,164,5.246392293683117,1.7652575284825485,5.10594547390058,0,1,Loyal,0.3153,Low,199.3,Bronze
14834,18,6,1720.3,25.676119402985073,734,7.4508350982774605,3.283768760805367,6.5998704992128365,0,2,High-Value,0.1194,Low,1813.8,Platinum
14836,10,3,102.45,17.075,45,4.639088404191552,2.8945297680448285,3.828641396489095,0,1,Loyal,0.3253,Low,148.9,Bronze
14837,90,4,1649.5,15.273148148148149,1436,7.408833551293248,2.7895163965606,7.270312886079025,0,1,Loyal,0.1111,Low,1879.29,Platinum
14840,268,1,62.85,15.7125,31,4.156536582478548,2.8161569424280617,3.4657359027997265,1,0,At-Risk,0.7717,High,104.96,Bronze
14841,53,6,3295.76,23.88231884057971,1778,8.10069544697357,3.2141574645159667,7.483806687665835,0,2,High-Value,0.0418,Low,2948.82,Platinum
14842,44,4,2824.69,19.480620689655172,1166,7.946507861544517,3.0194791068241247,7.062191632286556,0,2,High-Value,0.1333,Low,1957.66,Platinum
14844,64,4,3189.81,24.537,1833,8.068030082042343,3.2401283809016523,7.51425465281641,0,2,High-Value,0.1064,Low,2801.79,Platinum
14847,149,1,309.4,23.799999999999997,120,5.737861788309064,3.210843653170937,4.795790545596741,1,0,At-Risk,0.6592,Medium,288.85,Bronze
14849,22,25,7930.54,20.439536082474227,5694,8.978602495018041,3.0652366980241985,8.647343875881283,0,2,High-Value,0.0007,Low,9127.07,Platinum
14850,312,1,325.75,15.511904761904765,293,5.789195352504331,2.804081621471518,5.683579767338681,1,0,At-Risk,0.5026,Medium,401.14,Silver
14851,23,2,511.35,18.2625,325,6.239007985245727,2.958160200646234,5.786897381366708,0,1,Loyal,0.3766,Low,586.79,Silver
14852,58,6,2836.69,19.83699300699301,1747,7.950745619900337,3.036729916982738,7.466227556215481,0,2,High-Value,0.0419,Low,2927.49,Platinum
14853,24,2,475.8,52.86666666666667,82,6.16709711575114,3.986511857418886,4.418840607796598,0,1,Loyal,0.3934,Low,373.46,Silver
14854,78,7,2740.03,21.746269841269843,1820,7.916089041153508,3.124401168932448,7.507141079727608,0,2,High-Value,0.0175,Low,2921.6,Platinum
14855,119,2,645.65,32.2825,267,6.471805189861254,3.505031733323935,5.5909869805108565,1,1,Loyal,0.4789,Medium,618.29,Silver
14856,36,3,1290.53,19.854307692307692,711,7.163582841069827,3.0375605308527653,6.568077911411976,0,1,Loyal,0.2413,Low,1099.79,Gold
14857,60,2,1173.12,19.552,464,7.068274209815247,3.0229582598075826,6.142037405587356,0,1,Loyal,0.2985,Low,770.76,Gold
14859,13,4,1353.74,23.340344827586208,671,7.211364832983292,3.1921352545743207,6.51025834052315,0,1,Loyal,0.1748,Low,1243.75,Gold
14860,19,1,170.32,15.483636363636364,232,5.14353315274717,2.8023681532742777,5.4510384535657,0,1,Loyal,0.3295,Low,284.84,Bronze
14861,52,1,125.79,20.965,117,4.842532174539857,3.089450277427743,4.770684624465665,0,1,Loyal,0.5676,Medium,258.35,Bronze
14862,26,2,841.1999999999999,17.525,772,6.736017515727827,2.9191211711821503,6.650279048587422,0,1,Loyal,0.2632,Low,1194.1,Gold
14863,29,1,266.76,24.25090909090909,132,5.590091056903071,3.2288621586736146,4.890349128221754,0,1,Loyal,0.6091,Medium,291.71,Bronze
14865,7,2,52.2,13.05,108,3.9740583963475986,2.642622395779755,4.6913478822291435,0,1,Loyal,0.3799,Low,101.03,Bronze
14866,11,12,14389.9,145.35252525252525,6752,9.574351341358597,4.986018267874752,8.817742129574842,0,2,High-Value,0.022,Low,11957.88,Platinum
14867,186,3,710.28,19.73,328,6.567066163812884,3.0315819264476884,5.796057750765372,1,0,At-Risk,0.3875,Low,575.0,Silver
14868,3,8,2953.59,20.511041666666667,1405,7.99111517232888,3.068566369195261,7.248504072370611,0,2,High-Value,0.0383,Low,2649.58,Platinum
14869,9,2,721.45,10.306428571428572,549,6.5826482134396205,2.4253714640823887,6.309918278226516,0,1,Loyal,0.2275,Low,785.7,Gold
14870,262,1,327.25,25.173076923076923,119,5.793775513182905,3.264731284070039,4.787491742782046,1,0,At-Risk,0.6437,Medium,284.89,Bronze
14871,3,4,501.28,5.390107526881721,179,6.219157733120763,1.8547510956158964,5.19295685089021,0,1,Loyal,0.2333,Low,499.93,Silver
14873,210,1,519.68,18.56,168,6.25513564959826,2.9734866646066713,5.1298987149230735,1,0,At-Risk,0.5041,Medium,340.51,Silver
14875,108,2,1465.3200000000002,31.17702127659575,558,7.290511139663592,3.47125257284843,6.326149473155099,1,1,Loyal,0.4692,Medium,979.37,Gold
14878,13,9,1476.09,12.099098360655738,799,7.297829215001296,2.57254340040753,6.684611727667927,0,2,High-Value,0.0514,Low,1575.01,Gold
14880,77,3,690.59,15.012826086956522,365,6.5389932944796145,2.773390031540496,5.902633333401366,0,1,Loyal,0.1876,Low,627.98,Silver
14881,20,1,255.4,15.023529411764706,316,5.546738725046515,2.774058230219141,5.75890177387728,0,1,Loyal,0.4506,Medium,308.12,Silver
14882,27,2,589.7,53.60909090909092,158,6.38130827431319,4.000200369057746,5.0689042022202315,0,1,Loyal,0.441,Medium,410.72,Silver
14883,19,6,761.59,14.369622641509434,790,6.636720534303131,2.732393005623177,6.673297967767654,0,1,Loyal,0.135,Low,1155.13,Gold
14885,132,1,765.3199999999999,51.02133333333333,724,6.6415998370746365,3.951653890859532,6.586171654854675,1,1,Loyal,0.3452,Low,1120.69,Gold
14886,253,1,364.8,20.266666666666666,160,5.9020867359567655,3.0571409016826343,5.081404364984463,1,0,At-Risk,0.588,Medium,337.57,Silver
14887,79,1,1862.0,310.3333333333333,1100,7.529943370601589,5.740864149560733,7.00397413672268,0,1,Loyal,0.3975,Low,1562.76,Gold
14888,207,1,369.2,18.46,184,5.914043400139397,2.968361076757859,5.220355825078324,1,0,At-Risk,0.458,Medium,349.45,Silver
14889,336,1,135.9,13.59,90,4.919250732294404,2.6803363625346943,4.51085950651685,1,0,At-Risk,0.6862,Medium,143.35,Bronze
14890,254,1,125.65,17.95,51,4.841427376447684,2.941803931528435,3.951243718581427,1,0,At-Risk,0.5601,Medium,132.81,Bronze
14891,148,2,554.38,16.79939393939394,505,6.319652564141498,2.8791644083697263,6.226536669287466,1,1,Loyal,0.3727,Low,801.85,Gold
14893,10,2,1237.85,16.956849315068496,799,7.121938808924836,2.887971619593272,6.684611727667927,0,1,Loyal,0.2611,Low,1199.79,Gold
14894,85,1,655.75,28.51086956521739,265,6.4873034285656495,3.3847586553189957,5.583496308781699,0,1,Loyal,0.4597,Medium,456.14,Silver
14895,8,20,11138.71,22.366887550200804,4851,9.31827148082645,3.151319958260743,8.48714627006394,0,2,High-Value,0.0007,Low,9547.33,Platinum
14896,205,2,468.77,10.901627906976746,279,6.152243213225462,2.4766751896669756,5.634789603169249,1,0,At-Risk,0.2887,Low,472.6,Silver
14897,8,4,1366.38,24.84327272727273,468,7.220651779074644,3.252050324426746,6.150602768446279,0,1,Loyal,0.1804,Low,1137.41,Gold
14898,23,6,1269.31,11.645045871559631,1001,7.147016244154614,2.5372655077594475,6.90975328164481,0,1,Loyal,0.0719,Low,1346.62,Gold
14901,11,9,1421.29,14.805104166666666,661,7.260023527685966,2.7603329363871887,6.495265555937008,0,2,High-Value,0.0622,Low,1428.98,Gold
14902,26,1,332.66,16.633000000000003,218,5.810122510427528,2.869772146425787,5.389071729816501,0,1,Loyal,0.4907,Medium,331.96,Silver
14903,21,5,2795.33,7.986657142857142,1531,7.936063122140283,2.1957409376043455,7.334329350300536,0,2,High-Value,0.1108,Low,2000.02,Platinum
14904,2,2,1025.44,14.86144927536232,1985,6.933851783703411,2.763891591310705,7.593877844605118,0,1,Loyal,0.233,Low,1421.72,Gold
14905,158,2,616.15,36.24411764705882,287,6.425112106189937,3.6174940168404017,5.662960480135946,1,1,Loyal,0.4523,Medium,590.29,Silver
14907,3,7,3501.1,21.21878787878788,1691,8.161118067549472,3.1009382318138927,7.433666540166168,0,2,High-Value,0.0468,Low,3015.56,Platinum
14908,74,1,277.8,30.866666666666667,132,5.630494678886369,3.461560531389246,4.890349128221754,0,1,Loyal,0.5952,Medium,300.24,Bronze
14910,3,4,434.35,14.478333333333332,238,6.076150305274624,2.739441196559862,5.476463551931511,0,1,Loyal,0.3837,Low,540.12,Silver
14911,1,201,143711.17,25.345885361552032,80240,11.875567758808163,3.2713121095323987,11.292789885170324,0,2,High-Value,0.0009,Low,155830.33,Platinum
14912,17,2,867.85,32.14259259259259,971,6.767170498168263,3.500819240459088,6.879355804460439,0,1,Loyal,0.3406,Low,1168.06,Gold
14913,36,4,1227.43,14.108390804597702,1743,7.113492210280829,2.7152502719102607,7.463936604468925,0,1,Loyal,0.1295,Low,1539.7,Gold
14915,91,2,307.48,25.623333333333335,112,5.731657011422181,3.281788024261188,4.727387818712341,1,1,Loyal,0.5304,Medium,292.77,Bronze
14916,71,4,1268.98,16.48025974025974,1136,7.146756431297139,2.861072229399585,7.036148493750536,0,1,Loyal,0.1555,Low,1557.0,Gold
14918,116,2,1610.15,35.781111111111116,675,7.384703488712166,3.604984428374878,6.516193076042964,1,1,Loyal,0.5432,Medium,1120.78,Gold
14920,213,2,977.77,17.153859649122808,509,6.886296681323568,2.8988831909476804,6.234410725718371,1,0,At-Risk,0.3798,Low,838.29,Gold
14921,30,2,1316.07,16.872692307692308,953,7.1831648514317985,2.8832739785781705,6.860663671448287,0,1,Loyal,0.2783,Low,1311.82,Gold
14923,51,1,749.1,17.025000000000002,418,6.620206530975591,2.891759683171013,6.037870919922137,0,1,Loyal,0.3885,Low,635.82,Silver
14924,246,1,310.05,31.005000000000003,64,5.739953670961029,3.465892140593967,4.174387269895637,1,0,At-Risk,0.6673,Medium,240.9,Bronze
14929,32,1,223.88,20.35272727272727,136,5.415566926598276,3.06117947262778,4.919980925828125,0,1,Loyal,0.5711,Medium,284.68,Bronze
14930,109,3,2362.96,18.605984251968504,1160,7.768093457909063,2.9758348386141025,7.057036981697891,1,1,Loyal,0.2974,Low,1753.98,Platinum
14931,5,5,1257.68,30.675121951219513,417,7.137818831761513,3.455531576277755,6.035481432524756,0,1,Loyal,0.1436,Low,1227.88,Gold
14932,366,1,363.53,21.384117647058822,80,5.89860885258863,3.1083516737643357,4.394449154672439,1,0,At-Risk,0.657,Medium,229.75,Bronze
14934,82,2,1890.94,21.734942528735633,1042,7.5453580366354,3.1239030593976245,6.949856455000773,0,1,Loyal,0.2599,Low,1612.56,Gold
14935,297,1,1784.71,178.471,935,7.487571374232199,5.190013634987549,6.841615476477592,1,0,At-Risk,0.5441,Medium,1271.43,Gold
14936,34,8,8137.02,22.35445054945055,4085,9.004302186164907,3.150787567642243,8.315321775377567,0,2,High-Value,0.0618,Low,6271.81,Platinum
14937,57,3,1621.88,47.70235294117647,484,7.391957627627685,3.885727343935302,6.184148890937483,0,1,Loyal,0.2763,Low,1096.66,Gold
14944,30,12,5900.25,34.707352941176474,2815,8.682919471860496,3.5753566323166055,7.943072717277933,0,2,High-Value,0.0053,Low,5051.68,Platinum
14946,14,1,100.9,33.63333333333333,22,4.623991940228679,3.544816609437072,3.1354942159291497,0,1,Loyal,0.5944,Medium,79.33,Bronze
14947,72,2,290.82,20.77285714285714,179,5.676137173835876,3.080664108842445,5.19295685089021,0,1,Loyal,0.3913,Low,366.25,Silver
14948,23,6,1101.97,17.491587301587302,673,7.005761820334205,2.9173158882037424,6.513230110912307,0,1,Loyal,0.1162,Low,1200.75,Gold
14950,19,1,371.2,19.53684210526316,136,5.91943134420815,3.0222204490225706,4.919980925828125,0,1,Loyal,0.6047,Medium,291.11,Bronze
14951,79,1,311.69,15.5845,311,5.745212284419341,2.808468524220717,5.7430031878094825,0,1,Loyal,0.4886,Medium,386.78,Silver
14952,60,11,8099.49,58.69195652173913,3355,8.999679832658012,4.089197279692275,8.118505067587098,0,2,High-Value,0.1017,Low,6513.03,Platinum
14953,25,1,285.67,5.2901851851851855,224,5.658331728418817,1.8389905114848772,5.41610040220442,0,1,Loyal,0.365,Low,328.15,Silver
14954,12,1,294.85,3.8292207792207793,117,5.689852569122703,1.574685125295625,4.770684624465665,0,1,Loyal,0.3909,Low,196.15,Bronze
14957,253,1,58.49,4.8741666666666665,34,4.085808231199814,1.770564205997784,3.5553480614894135,1,0,At-Risk,0.7725,High,77.82,Bronze
14958,147,3,483.73,11.798292682926828,128,6.183592034891002,2.5493117778827736,4.859812404361672,1,1,Loyal,0.545,Medium,340.86,Silver
14959,64,4,695.42,11.786779661016949,494,6.545952926608586,2.548411798196791,6.20455776256869,0,1,Loyal,0.2057,Low,832.82,Gold
14960,8,2,221.27,8.195185185185185,221,5.4038928590966755,2.218679997623486,5.402677381872279,0,1,Loyal,0.2957,Low,364.28,Silver
14961,11,9,7044.68,22.57910256410257,3708,8.860169942031078,3.160360835186591,8.21851757748959,0,2,High-Value,0.0068,Low,5904.77,Platinum
14962,271,1,126.7,25.34,44,4.8496837630384935,3.271088696315135,3.80666248977032,1,0,At-Risk,0.6036,Medium,154.36,Bronze
14963,10,5,1472.34,7.6684375,1159,7.295287211280274,2.1596885554045464,7.05617528410041,0,1,Loyal,0.0694,Low,1586.6,Gold
14964,247,1,206.21,15.862307692307692,143,5.333732771768991,2.8250808170096993,4.969813299576001,1,0,At-Risk,0.6415,Medium,260.5,Bronze
14965,96,2,596.09,7.359135802469136,363,6.3920678557992385,2.123355048842872,5.8971538676367405,1,1,Loyal,0.3179,Low,536.06,Silver
14966,15,1,183.02,5.08388888888889,179,5.215044447354215,1.8056441113915032,5.19295685089021,0,1,Loyal,0.362,Low,198.61,Bronze
14967,50,1,463.8,77.3,140,6.141607205537701,4.360547602996758,4.948759890378168,0,1,Loyal,0.4996,Medium,356.97,Silver
14968,30,1,147.59,3.988918918918919,127,5.001190835268256,1.6072192367762843,4.852030263919617,0,1,Loyal,0.2357,Low,174.13,Bronze
14970,68,4,1592.06,46.825294117647054,250,7.373411973984176,3.867554665179796,5.5254529391317835,0,1,Loyal,0.1721,Low,1149.48,Gold
14971,35,3,1097.98,7.083741935483871,639,7.002137755875882,2.089854876157493,6.461468176353717,0,1,Loyal,0.1153,Low,994.67,Gold
14972,128,1,114.77,6.376111111111111,28,4.751605464217637,1.998246550011646,3.367295829986474,1,0,At-Risk,0.7961,High,107.26,Bronze
14973,107,3,1314.45,41.0765625,369,7.181934091396172,3.739490875453891,5.91350300563827,1,1,Loyal,0.2945,Low,792.74,Gold
14974,37,1,89.94,5.290588235294117,37,4.510199948396864,1.8390545854643696,3.6375861597263857,0,1,Loyal,0.6752,Medium,102.59,Bronze
14975,57,1,279.94,25.44909090909091,380,5.638141123402764,3.275221787546945,5.942799375126701,0,1,Loyal,0.4478,Medium,446.53,Silver
14976,57,7,790.86,10.984166666666669,234,6.674384608512411,2.483586334110288,5.459585514144159,0,1,Loyal,0.1501,Low,704.95,Gold
14978,72,5,1921.37,8.97836448598131,523,7.561314078807358,2.300419197733526,6.261491684321042,0,1,Loyal,0.1392,Low,1529.78,Gold
14981,246,1,102.12,12.765,97,4.635893358630932,2.62212913859457,4.584967478670572,1,0,At-Risk,0.7202,High,123.19,Bronze
14984,19,2,202.37,5.188974358974359,58,5.315026980110984,1.8227693797488616,4.07753744390572,0,1,Loyal,0.5165,Medium,161.88,Bronze
14985,198,2,292.01,3.5181927710843373,256,5.680206738127495,1.5081120844849305,5.54907608489522,1,0,At-Risk,0.3364,Low,373.26,Silver
14987,16,2,326.4,81.6,128,5.791182664937034,4.414009680526933,4.859812404361672,0,1,Loyal,0.4108,Medium,383.81,Silver
14988,212,1,334.54,8.3635,141,5.8157411743422545,2.236819152218426,4.955827057601261,1,0,At-Risk,0.7211,High,223.74,Bronze
14995,39,2,231.98,3.866333333333334,102,5.450952612971631,1.5823407445497333,4.634728988229636,0,1,Loyal,0.2065,Low,219.56,Bronze
14997,46,3,546.1999999999999,21.007692307692302,1120,6.3048143663083405,3.091392042594528,7.02197642307216,0,1,Loyal,0.5461,Medium,1351.41,Gold
14998,170,2,414.87,5.606351351351352,258,6.030372711422963,1.8880315122559237,5.556828061699537,1,0,At-Risk,0.3694,Low,445.62,Silver
15000,48,1,490.52,6.37038961038961,218,6.197502630519253,1.997470569171628,5.389071729816501,0,1,Loyal,0.3856,Low,351.74,Silver
15002,116,4,1641.76,14.27617391304348,862,7.404133033112973,2.726294354022442,6.760414691083428,1,1,Loyal,0.1599,Low,1383.42,Gold
15004,147,1,1220.77,7.927077922077922,623,7.108055905977399,2.1890891209681267,6.436150368369428,1,1,Loyal,0.5049,Medium,796.56,Gold
15005,16,28,6295.37,5.661303956834533,4230,8.74772855584191,1.8963152547025657,8.350193650720067,0,2,High-Value,0.0011,Low,6273.05,Platinum
15006,51,1,480.38,3.639242424242424,286,6.17665697899362,1.5345510822706538,5.659482215759621,0,1,Loyal,0.4122,Medium,163.04,Bronze
15007,159,1,156.91,13.075833333333334,69,5.062025250478552,2.644459378904253,4.248495242049359,1,0,At-Risk,0.6962,Medium,124.67,Bronze
15009,12,3,1259.43,6.996833333333334,639,7.139208211567486,2.079045629983809,6.461468176353717,0,1,Loyal,0.1166,Low,834.19,Gold
15010,36,1,308.94,15.447,184,5.736378730359189,2.800143089759132,5.220355825078324,0,1,Loyal,0.4394,Medium,305.8,Silver
15012,54,2,405.04,3.3200000000000003,225,6.00645167691623,1.463255402256019,5.420534999272286,0,1,Loyal,0.3367,Low,343.4,Silver
15014,43,2,257.67,7.808181818181819,149,5.555553118030016,2.1756810415985424,5.0106352940962555,0,1,Loyal,0.4714,Medium,308.78,Silver
15016,173,1,170.04,8.501999999999999,76,5.141897447276735,2.2515023027647296,4.343805421853684,1,0,At-Risk,0.6894,Medium,153.16,Bronze
15017,34,1,125.58,6.279,63,4.840874519347159,1.9849934901361208,4.1588830833596715,0,1,Loyal,0.5603,Medium,130.64,Bronze
15018,39,3,496.21,16.006774193548388,189,6.209012472065032,2.833611746656794,5.247024072160486,0,1,Loyal,0.264,Low,407.66,Silver
15019,267,1,252.81,3.8304545454545456,150,5.536585955607315,1.574940572026288,5.017279836814924,1,0,At-Risk,0.6359,Medium,229.44,Bronze
15021,9,9,1871.77,4.215698198198198,819,7.535173897253012,1.651672962175467,6.709304340258298,0,2,High-Value,0.0503,Low,1640.81,Platinum
15022,12,4,852.39,7.044545454545454,527,6.749216652850701,2.084994278480888,6.269096283706261,0,1,Loyal,0.0791,Low,903.8,Gold
15023,3,11,6720.41,12.152640144665462,2827,8.81305323293633,2.576622509929331,7.947325027016463,0,2,High-Value,0.0034,Low,4665.25,Platinum
15024,10,10,1636.43,10.765986842105264,902,7.400883218504078,2.4652128981435992,6.805722553416985,0,2,High-Value,0.0378,Low,1741.09,Platinum
15025,33,1,361.96,5.402388059701492,184,5.894292635355709,1.856671055096683,5.220355825078324,0,1,Loyal,0.3557,Low,257.01,Bronze
15026,80,3,469.0,7.688524590163935,285,6.152732694704104,2.1620031423728565,5.655991810819852,0,1,Loyal,0.2416,Low,530.99,Silver
15027,31,4,1066.15,30.461428571428566,565,6.972746822489577,3.448762305735486,6.338594078203183,0,1,Loyal,0.1884,Low,1083.32,Gold
15028,8,4,627.13,13.065208333333333,459,6.442747151414763,2.643704254013659,6.131226489483141,0,1,Loyal,0.3196,Low,814.38,Gold
15030,72,2,518.28,74.03999999999999,372,6.252443236725213,4.318021304697969,5.921578419643816,0,1,Loyal,0.4921,Medium,665.07,Gold
15031,4,4,653.19,5.93809090909091,400,6.483397829142147,1.9370266515304524,5.993961427306569,0,1,Loyal,0.1045,Low,754.6,Gold
15032,256,3,4959.1,95.3673076923077,2968,8.50918118080606,4.568167012275764,7.99598047476376,1,0,At-Risk,0.2265,Low,4003.34,Platinum
15033,5,10,2557.18,5.104151696606786,1672,7.847051347137703,1.8089691456731511,7.422373700986824,0,2,High-Value,0.0346,Low,2553.99,Platinum
15034,16,8,4274.16,10.959384615384614,2413,8.360576807571077,2.481516293635546,7.789040401657477,0,2,High-Value,0.0125,Low,3370.8,Platinum
15035,90,1,252.73,9.36037037037037,245,5.536270709515726,2.33798798622807,5.5053315359323625,0,1,Loyal,0.4005,Medium,278.79,Bronze
15036,72,3,429.56,3.609747899159664,316,6.065086686978596,1.5281731698645795,5.75890177387728,0,1,Loyal,0.2576,Low,527.78,Silver
15038,59,6,685.74,5.48592,212,6.531955763529723,1.869633673550656,5.3612921657094255,0,1,Loyal,0.2024,Low,666.5,Gold
15039,10,47,19766.59,13.38293161814489,9131,9.891799006862502,2.6660421992577343,9.119540007649686,0,2,High-Value,0.0006,Low,12838.92,Platinum
15041,170,1,179.93,2.7262121212121215,103,5.198110216131005,1.3153922005675662,4.6443908991413725,1,0,At-Risk,0.3691,Low,156.7,Bronze
15042,199,1,135.93,27.186,30,4.919469846344143,3.338825400769319,3.4339872044851463,1,0,At-Risk,0.7028,High,112.18,Bronze
15043,31,1,537.0,179.0,300,6.2878585601617845,5.19295685089021,5.707110264748875,0,1,Loyal,0.4184,Medium,446.11,Silver
15044,19,17,7634.73,17.19533783783784,2785,8.94059382539389,2.901165398511304,7.932362154339751,0,2,High-Value,0.0061,Low,5490.43,Platinum
15045,152,2,735.66,61.305,114,6.602126456028984,4.132041679394831,4.74493212836325,1,1,Loyal,0.6248,Medium,503.39,Silver
15046,9,15,5090.42,25.32547263681592,3372,8.535312049026333,3.2705370117740045,8.12355783506165,0,2,High-Value,0.0013,Low,5512.51,Platinum
15047,270,1,343.62,15.61909090909091,222,5.842442360714953,2.8105520893206233,5.407171771460119,1,0,At-Risk,0.4645,Medium,344.76,Silver
15048,65,4,381.0,4.053191489361702,192,5.945420608606575,1.6200200217646374,5.262690188904886,0,1,Loyal,0.2299,Low,449.54,Silver
15049,274,1,121.17000000000002,40.39000000000001,63,4.805413517415968,3.7230393057606417,4.1588830833596715,1,0,At-Risk,0.6285,Medium,199.93,Bronze
15050,25,3,1737.69,22.86434210526316,1216,7.460887235093727,3.172385382730845,7.104144092987527,0,1,Loyal,0.206,Low,1898.72,Platinum
15051,23,3,1383.36,9.741971830985916,1010,7.232993217960352,2.3741586691549283,6.918695219020472,0,1,Loyal,0.1363,Low,1172.48,Gold
15052,319,1,207.73,7.418928571428572,79,5.341041550757815,2.130482572108652,4.382026634673881,1,0,At-Risk,0.7138,High,162.19,Bronze
15053,5,3,693.95,10.057246376811596,984,6.5438399005307675,2.403085993740486,6.892641641172089,0,1,Loyal,0.1466,Low,907.27,Gold
15054,12,2,302.1,2.6500000000000004,198,5.714062784063757,1.2947271675944003,5.293304824724492,0,1,Loyal,0.2546,Low,299.35,Bronze
15057,275,2,1489.5,59.58,668,7.306866913118126,4.103964805599091,6.505784060128229,1,0,At-Risk,0.5703,Medium,1382.53,Gold
15058,25,11,2102.54,7.904285714285714,1054,7.651376918775613,2.186532701765446,6.961296045910167,0,2,High-Value,0.0578,Low,2171.77,Platinum
15059,41,9,1337.72,5.644388185654009,604,7.199469212547289,1.8937726165424824,6.405228458030842,0,2,High-Value,0.0589,Low,1288.48,Gold
15060,8,4,294.25,2.5586956521739133,257,5.687822455077471,1.2693940878879943,5.552959584921617,0,1,Loyal,0.2098,Low,372.31,Silver
15061,4,48,54534.14,135.32044665012407,28920,10.906600543518254,4.915008339558356,10.272323253821504,0,2,High-Value,0.0084,Low,50367.71,Platinum
15062,71,4,987.86,17.330877192982456,763,6.896552764474143,2.90858691629754,6.638567789166521,0,1,Loyal,0.154,Low,1229.86,Gold
15063,213,1,370.7999999999999,74.16,56,5.918356075287344,4.319619174545265,4.04305126783455,1,0,At-Risk,0.6189,Medium,219.52,Bronze
15065,38,4,3158.13,20.37503225806452,1383,8.058051952218728,3.0622235239709026,7.232733136177615,0,2,High-Value,0.1442,Low,2208.53,Platinum
15066,53,1,893.59,21.275952380952383,317,6.796365512756079,3.1035077280411896,5.762051382780177,0,1,Loyal,0.3853,Low,655.64,Gold
15067,78,3,1744.76,21.277560975609756,954,7.464945269906789,3.10357993759491,6.86171134048073,0,1,Loyal,0.2101,Low,1373.64,Gold
15068,46,2,553.36,5.320769230769231,364,6.317814295200602,1.8438409144815595,5.8998973535824915,0,1,Loyal,0.2772,Low,525.56,Silver
15069,179,1,1109.53,15.850428571428573,520,7.012592657827759,2.824376090981066,6.255750041753367,1,0,At-Risk,0.4728,Medium,816.39,Gold
15070,373,1,106.2,106.2,36,4.674696248636701,4.674696248636701,3.610917912644224,1,0,At-Risk,0.7574,High,143.18,Bronze
15071,94,2,982.07,37.77192307692308,269,6.890680328191671,3.657696352643123,5.598421958998375,1,1,Loyal,0.4331,Medium,553.61,Silver
15073,10,3,1043.41,19.322407407407407,491,6.951207411654662,3.0117240904666858,6.198478716492308,0,1,Loyal,0.2711,Low,905.79,Gold
15074,105,1,735.67,17.943170731707315,431,6.60214003072033,2.941443483023612,6.068425588244111,1,1,Loyal,0.3981,Low,652.07,Silver
15075,78,1,773.03,28.63074074074074,447,6.651610632528512,3.388812360960491,6.104793232414985,0,1,Loyal,0.4039,Medium,718.8,Gold
15076,173,1,880.85,17.976530612244897,571,6.782021973516374,2.9432029847054113,6.349138991379798,1,0,At-Risk,0.4197,Medium,862.44,Gold
15078,7,32,9743.11,22.14343181818182,5105,9.184418278884316,3.141711017518602,8.53817159780143,0,2,High-Value,0.0007,Low,9933.31,Platinum
15079,213,4,895.61,19.055531914893617,389,6.798620984904737,2.9985050216772544,5.966146739123692,1,0,At-Risk,0.1788,Low,848.86,Gold
15081,22,5,504.8,15.296969696969697,190,6.226141334235865,2.790979182368284,5.25227342804663,0,1,Loyal,0.2985,Low,531.2,Silver
15083,257,1,88.2,17.64,38,4.490881039585964,2.925309809257445,3.6635616461296463,1,0,At-Risk,0.7841,High,111.17,Bronze
15087,282,1,306.94,20.462666666666667,470,5.7299049588017725,3.066314991675873,6.154858094016418,1,0,At-Risk,0.4277,Medium,531.8,Silver
15088,21,2,1160.07,20.352105263157895,460,7.057097272731341,3.061150341986938,6.133398042996649,0,1,Loyal,0.2791,Low,772.13,Gold
15089,10,6,2420.84,16.69544827586207,1359,7.792282860824384,2.8733074469527797,7.215239978730097,0,2,High-Value,0.0746,Low,2099.84,Platinum
15090,308,1,381.32,16.57913043478261,208,5.946257954269902,2.8667124277107345,5.342334251964811,1,0,At-Risk,0.4629,Medium,390.7,Silver
15091,68,1,480.71,16.023666666666667,346,6.177342273229703,2.834604532767038,5.849324779946859,0,1,Loyal,0.3599,Low,483.95,Silver
15092,215,2,457.81,17.608076923076922,135,6.1286361810072245,2.923595729639052,4.912654885736052,1,0,At-Risk,0.5699,Medium,313.8,Silver
15093,18,6,4597.02,42.565000000000005,3760,8.433381055030935,3.7742540756832503,8.232440158470336,0,2,High-Value,0.0284,Low,6152.25,Platinum
15095,104,4,1370.6,29.161702127659577,1079,7.223733220588765,3.406572978140758,6.984716320118266,1,1,Loyal,0.2191,Low,1676.88,Platinum
15096,43,1,219.39,19.944545454545455,120,5.3953987041986,3.0418782523036603,4.795790545596741,0,1,Loyal,0.5883,Medium,266.16,Bronze
15097,4,1,248.08,9.9232,170,5.517774130004251,2.390888967681879,5.14166355650266,0,1,Loyal,0.5064,Medium,200.72,Bronze
15098,182,3,39916.5,13305.5,121,10.594570103213856,9.496007916628752,4.804021044733257,1,2,High-Value,0.6834,Medium,9104.1,Platinum
15099,84,1,410.48,17.84695652173913,343,6.019760416262829,2.9363514431256448,5.840641657373398,0,1,Loyal,0.4455,Medium,523.32,Silver
15100,334,3,876.0,292.0,80,6.776506992372183,5.680172609017068,4.394449154672439,1,0,At-Risk,0.6665,Medium,621.64,Silver
15101,9,2,317.53,39.69125,241,5.763716662099238,3.70601308162039,5.488937726156687,0,1,Loyal,0.4289,Medium,425.27,Silver
15103,31,2,703.36,20.096,329,6.557289589092577,3.0490834490509857,5.799092654460526,0,1,Loyal,0.3543,Low,606.04,Silver
15104,197,2,993.54,14.828955223880596,635,6.902280318701867,2.761840871959983,6.455198563340122,1,0,At-Risk,0.3555,Low,858.27,Gold
15105,18,7,2298.93,22.76168316831683,1211,7.740633966671485,3.1680743324027554,7.10002716662926,0,2,High-Value,0.0444,Low,2181.3,Platinum
15106,18,5,1422.52,14.2252,1181,7.2608879564964575,2.722951949798679,7.074963197966044,0,1,Loyal,0.0718,Low,1703.92,Platinum
15107,311,6,319.5,19.96875,169,5.7698822763607245,3.043033234171955,5.135798437050262,1,0,At-Risk,0.6081,Medium,426.83,Silver
15108,142,4,1300.25,21.670833333333334,499,7.171080619929179,3.121079223143934,6.214608098422191,1,1,Loyal,0.1998,Low,999.26,Gold
15109,246,1,484.95,17.319642857142856,131,6.18610573794948,2.907973864358518,4.882801922586371,1,0,At-Risk,0.6632,Medium,292.3,Bronze
15110,24,4,996.1,28.46,246,6.904851065834747,3.3830334110344844,5.5093883366279774,0,1,Loyal,0.1833,Low,794.05,Gold
15111,29,3,1567.48,18.660476190476192,710,7.357862276513416,2.978610335711356,6.566672429803241,0,1,Loyal,0.2526,Low,1113.59,Gold
15113,10,3,3509.43,36.179690721649486,2344,8.163493816079034,3.615762663852285,7.76004068088038,0,2,High-Value,0.2551,Low,3644.23,Platinum
15114,30,10,2760.56,14.012994923857867,3096,7.923551016427315,2.7089161543136693,8.038189179973203,0,2,High-Value,0.0174,Low,3544.69,Platinum
15115,18,1,340.11,16.195714285714285,157,5.832205005910728,2.84466018333633,5.062595033026967,0,1,Loyal,0.4893,Medium,306.35,Silver
15116,18,4,1352.75,30.06111111111111,648,7.2106337983152,3.435956590136435,6.47543271670409,0,1,Loyal,0.1965,Low,1290.84,Gold
15117,15,5,1551.78,19.64278481012658,1948,7.347802151813069,3.0273658544833255,7.575071699507561,0,1,Loyal,0.0537,Low,2759.71,Platinum
15118,134,1,244.8,244.8,1440,5.504518197131935,5.504518197131935,7.273092595999522,1,1,Loyal,0.6659,Medium,496.61,Silver
15119,246,1,266.4,19.02857142857143,88,5.588745664667843,2.997159825545177,4.48863636973214,1,0,At-Risk,0.6218,Medium,229.46,Bronze
15120,134,1,358.82,17.086666666666666,296,5.885603906408473,2.895175018562676,5.6937321388027,1,1,Loyal,0.5222,Medium,390.36,Silver
15121,50,2,457.72,16.34714285714286,199,6.12844000213506,2.8534278160104143,5.298317366548036,0,1,Loyal,0.3301,Low,366.88,Silver
15122,114,3,1633.78,19.924146341463413,800,7.399263517702882,3.0409038194364695,6.68586094706836,1,1,Loyal,0.2939,Low,1244.47,Gold
15123,7,2,2199.31,20.748207547169812,1195,7.696353538510563,3.0795313425142923,7.086737934510577,0,1,Loyal,0.2203,Low,1996.49,Platinum
15124,23,2,184.19,12.279333333333334,233,5.221382325073914,2.5862089419849723,5.455321115357702,0,1,Loyal,0.2569,Low,290.72,Bronze
15125,25,15,11528.48,90.77543307086614,6193,9.35266251250627,4.519344648204411,8.731336360533149,0,2,High-Value,0.0037,Low,10710.95,Platinum
15127,66,1,406.53,25.408125,251,6.010114549603027,3.2736717279538063,5.529429087511423,0,1,Loyal,0.5711,Medium,448.83,Silver
15128,60,4,1471.0,14.42156862745098,1343,7.294377299288821,2.735767089774007,7.203405521083095,0,1,Loyal,0.1076,Low,1667.01,Platinum
15129,50,11,3447.4,41.04047619047619,1794,8.14566563433577,3.738632873025384,7.492760300922379,0,2,High-Value,0.0161,Low,3552.35,Platinum
15130,170,1,330.11,15.005,197,5.802450646452902,2.7729011734218263,5.288267030694535,1,0,At-Risk,0.4717,Medium,290.86,Bronze
15132,18,5,977.93,18.806346153846157,679,6.886460138441978,2.986002399167741,6.522092798170152,0,1,Loyal,0.1199,Low,1203.36,Gold
15133,128,3,982.42,33.87655172413793,680,6.891036292375263,3.5518147330337975,6.523562306149512,1,1,Loyal,0.2786,Low,1119.59,Gold
15134,15,8,1387.99,19.013561643835615,887,7.236332143304382,2.996410125951916,6.78897174299217,0,2,High-Value,0.0947,Low,1700.38,Platinum
15135,239,1,139.05,15.45,43,4.941999501706118,2.800325477211381,3.784189633918261,1,0,At-Risk,0.7088,High,115.93,Bronze
15136,3,4,1286.7,18.92205882352941,776,7.160612960279738,2.991827601410584,6.655440350367647,0,1,Loyal,0.1552,Low,1229.64,Gold
15139,240,2,178.96,13.766153846153848,208,5.192734603972972,2.692337659528508,5.342334251964811,1,0,At-Risk,0.3704,Low,258.26,Bronze
15140,52,7,2354.25,29.428125,1572,7.764402157928777,3.415367345184984,7.360739903058278,0,2,High-Value,0.0422,Low,2518.02,Platinum
15142,46,1,498.74,19.182307692307692,365,6.214087963175304,3.0048063638040157,5.902633333401366,0,1,Loyal,0.3709,Low,610.21,Silver
15143,226,1,259.45,18.532142857142855,150,5.562410904191201,2.972061460177523,5.017279836814924,1,0,At-Risk,0.6388,Medium,299.59,Bronze
15144,8,17,6580.44,30.324608294930872,3050,8.792008845361094,3.44440399615266,8.02322468471667,0,2,High-Value,0.0018,Low,5831.5,Platinum
15145,4,4,1194.73,17.83179104477612,756,7.0865121565162825,2.935546454703183,6.6293632534374485,0,1,Loyal,0.1576,Low,1228.82,Gold
15146,165,2,1327.16,14.584175824175825,1473,7.1915498047067254,2.746256029188679,7.295735072749282,1,1,Loyal,0.3252,Low,1509.41,Gold
15147,240,1,623.5,22.267857142857142,366,6.436951329565632,3.147072886389696,5.905361848054571,1,0,At-Risk,0.4511,Medium,569.46,Silver
15148,11,1,301.29,15.0645,187,5.711386821516136,2.7766118685229384,5.236441962829949,0,1,Loyal,0.421,Medium,292.24,Bronze
15149,134,1,520.8000000000001,22.643478260869568,128,6.257284372702628,3.163087316269221,4.859812404361672,1,1,Loyal,0.6326,Medium,307.29,Silver
15150,17,10,5291.33,15.517096774193549,3642,8.574013881567295,2.804396012587815,8.200562797008564,0,2,High-Value,0.0034,Low,5405.32,Platinum
15152,10,13,4745.69,17.511771217712177,2704,8.465202812016113,2.9184068117811854,7.902857191280582,0,2,High-Value,0.0016,Low,4804.56,Platinum
15153,31,1,329.25,14.965909090909092,198,5.799849943402434,2.77045576728964,5.293304824724492,0,1,Loyal,0.4589,Medium,312.48,Silver
15154,75,1,254.28,3.581408450704225,89,5.542360981969988,1.522006472838721,4.499809670330265,0,1,Loyal,0.3498,Low,147.77,Bronze
15156,1,3,961.49,17.481636363636365,597,6.869523676497577,2.916777610109232,6.393590753950631,0,1,Loyal,0.2243,Low,972.63,Gold
15157,4,3,1936.07,15.48856,2392,7.568931801112307,2.8026668071064904,7.780303087908373,0,1,Loyal,0.1238,Low,2521.2,Platinum
15158,45,1,401.4,57.34285714285715,198,5.9974466187855295,4.066336937235198,5.293304824724492,0,1,Loyal,0.4485,Medium,370.34,Silver
15159,2,30,18641.01,26.254943661971833,11441,9.83317291504409,3.305234923442812,9.345046074828474,0,2,High-Value,0.0009,Low,16149.69,Platinum
15160,357,1,158.16,39.54,84,5.069909985558728,3.702289141023854,4.442651256490317,1,0,At-Risk,0.6517,Medium,202.56,Bronze
15163,18,2,304.47,10.49896551724138,186,5.721851574117079,2.44225707630052,5.231108616854587,0,1,Loyal,0.3222,Low,323.78,Silver
15164,69,3,824.58,8.164158415841584,351,6.716086169627672,2.2153000511988825,5.863631175598097,0,1,Loyal,0.1248,Low,658.69,Gold
15165,373,1,487.75,18.064814814814813,160,6.1918511112995755,2.9478444799035697,5.081404364984463,1,0,At-Risk,0.6036,Medium,342.68,Silver
15167,321,1,158.8,4.071794871794872,65,5.073923033332174,1.6236947730589657,4.189654742026425,1,0,At-Risk,0.4321,Medium,139.55,Bronze
15168,26,1,106.56,21.312,52,4.678048831400664,3.105124650325188,3.970291913552122,0,1,Loyal,0.5508,Medium,131.02,Bronze
15171,331,1,1289.5,257.9,290,7.162785019158669,5.556441886757492,5.673323267171493,1,0,At-Risk,0.5804,Medium,767.88,Gold
15172,9,5,1624.05,14.764090909090909,1611,7.393293863521244,2.7577346261957856,7.385230923066573,0,1,Loyal,0.0991,Low,1793.25,Platinum
15174,323,1,135.75,12.340909090909092,145,4.91815444130209,2.5908351859098353,4.983606621708336,1,0,At-Risk,0.5513,Medium,197.52,Bronze
15175,72,1,224.14,9.745217391304347,454,5.416722430926658,2.3744607617468945,6.12029741895095,0,1,Loyal,0.385,Low,457.27,Silver
15178,260,1,40.5,13.5,30,3.725693427236653,2.6741486494265287,3.4339872044851463,1,0,At-Risk,0.6814,Medium,98.9,Bronze
15179,18,5,2206.95,23.73064516129032,1938,7.69981976221305,3.208043169397252,7.569927655242652,0,2,High-Value,0.0375,Low,2665.86,Platinum
15180,367,1,87.5,14.583333333333334,36,4.483002552013883,2.7462019670665865,3.610917912644224,1,0,At-Risk,0.8154,High,96.6,Bronze
15181,66,3,689.4799999999999,43.092499999999994,544,6.537387007911402,3.7862896999623823,6.300785794663244,0,1,Loyal,0.3147,Low,912.57,Gold
15182,154,2,622.85,21.477586206896554,253,6.43590995485703,3.112518644122314,5.537334267018537,1,1,Loyal,0.5117,Medium,581.54,Silver
15184,29,2,402.2,6.487096774193549,199,5.999432716757159,2.013181108795245,5.298317366548036,0,1,Loyal,0.3077,Low,349.68,Silver
15185,70,1,310.62,14.791428571428572,666,5.741784496789209,2.759467297349804,6.502790045915623,0,1,Loyal,0.4107,Medium,479.77,Silver
15186,14,2,411.41,21.653157894736843,215,6.022018000151438,3.120299263611968,5.375278407684165,0,1,Loyal,0.4412,Medium,381.87,Silver
15187,2,16,4777.18,52.49648351648352,1887,8.471814999842545,3.979615923077878,7.543273346705446,0,2,High-Value,0.0621,Low,4929.6,Platinum
15189,1,41,16225.39,76.53485849056604,6149,9.694394208164743,4.350727622210507,8.724207360800564,0,2,High-Value,0.0032,Low,12745.51,Platinum
15192,120,3,1044.32,20.47686274509804,918,6.952078337618801,3.0669762042761537,6.823286122355687,1,1,Loyal,0.3161,Low,1278.84,Gold
15193,61,1,499.32,26.28,144,6.215247893709531,3.3061538329752613,4.976733742420574,0,1,Loyal,0.559,Medium,279.79,Bronze
15194,3,15,7616.53,24.569451612903222,5703,8.938207449152076,3.2413983425695267,8.648922962094131,0,2,High-Value,0.001,Low,9099.29,Platinum
15195,3,1,3861.0,3861.0,1404,8.258940462988459,8.258940462988459,7.247792581767846,0,2,High-Value,0.3666,Low,2423.33,Platinum
15197,11,3,1079.61,33.737812500000004,469,6.985280975485229,3.5478287910699,6.152732694704104,0,1,Loyal,0.2236,Low,953.44,Gold
15198,92,2,193.64,19.363999999999997,120,5.2711516984752675,3.0137686360400893,4.795790545596741,1,1,Loyal,0.5447,Medium,295.93,Bronze
15199,59,4,1268.7,97.5923076923077,396,7.1465359310757455,4.590993243274242,5.983936280687191,0,1,Loyal,0.1655,Low,1114.55,Gold
15201,87,5,1236.54,17.92086956521739,1210,7.120880817152784,2.9402655226742263,7.099201743553092,0,1,Loyal,0.0651,Low,1746.12,Platinum
15203,26,6,1827.8,12.871830985915492,1753,7.511415293040546,2.6298602361343413,7.469654172932128,0,2,High-Value,0.0465,Low,2002.18,Platinum
15204,357,1,316.58,35.175555555555555,258,5.760729755097951,3.5883836298441443,5.556828061699537,1,0,At-Risk,0.6034,Medium,392.14,Silver
15205,85,2,653.24,17.655135135135136,378,6.483474256616332,2.9261214505565674,5.937536205082426,0,1,Loyal,0.3204,Low,654.63,Silver
15206,10,4,420.2999999999999,46.7,162,6.04334516898497,3.864931397894296,5.093750200806762,0,1,Loyal,0.2767,Low,466.43,Silver
15208,1,5,870.12,20.717142857142857,316,6.769779740037806,3.078101942082581,5.75890177387728,0,1,Loyal,0.156,Low,769.54,Gold
15210,225,1,331.18,16.559,228,5.805676990670853,2.8655666389771937,5.43372200355424,1,0,At-Risk,0.5317,Medium,375.31,Silver
15211,60,2,894.4100000000001,17.20019230769231,240,6.797281713937488,2.901432160383646,5.484796933490655,0,1,Loyal,0.3049,Low,525.08,Silver
15212,241,1,101.8,20.36,36,4.632785353021065,3.061520014091994,3.610917912644224,1,0,At-Risk,0.7215,High,114.65,Bronze
15213,319,2,328.35,13.68125,272,5.797121015086702,2.686571169425086,5.60947179518496,1,0,At-Risk,0.3162,Low,438.49,Silver
15214,2,8,1661.44,15.104,1254,7.416041681653177,2.7790676883374905,7.134890851565884,0,2,High-Value,0.041,Low,1920.28,Platinum
15215,47,3,734.94,20.99828571428571,225,6.601148593666668,3.090964528244311,5.420534999272286,0,1,Loyal,0.3202,Low,516.72,Silver
15216,88,1,96.6,48.3,28,4.580877493419047,3.897924081048645,3.367295829986474,0,1,Loyal,0.5272,Medium,104.28,Bronze
15218,11,11,5756.89,34.680060240963854,3329,8.658326367134135,3.574591996078204,8.110727582974489,0,2,High-Value,0.0039,Low,5231.97,Platinum
15219,176,1,305.75,33.97222222222222,45,5.7260330835910205,3.5545540955882373,3.828641396489095,1,0,At-Risk,0.6552,Medium,219.45,Bronze
15220,52,6,1778.96,15.204786324786324,1393,7.484346171123521,2.7853066507482516,7.239932591320469,0,1,Loyal,0.0702,Low,2035.76,Platinum
15221,366,1,403.25,80.65,43,6.002033498457216,4.402441819416474,3.784189633918261,1,0,At-Risk,0.6268,Medium,171.47,Bronze
15222,319,1,585.0,117.0,440,6.373319789577012,4.770684624465665,6.089044875446846,1,0,At-Risk,0.4605,Medium,687.97,Gold
15223,226,2,755.75,37.7875,213,6.629032947901828,3.6580980297744983,5.365976015021851,1,0,At-Risk,0.5543,Medium,484.69,Silver
15224,358,2,322.08,23.005714285714284,152,5.777899970574095,3.178291897245868,5.030437921392435,1,0,At-Risk,0.5254,Medium,318.38,Silver
15225,234,1,409.4,17.8,226,6.01713229385656,2.933856869835904,5.424950017481403,1,0,At-Risk,0.511,Medium,389.29,Silver
15226,311,1,154.41,19.30125,71,5.04606678592752,3.0106824605066755,4.276666119016055,1,0,At-Risk,0.6655,Medium,155.86,Bronze
15227,37,5,1219.4,21.024137931034485,750,7.106933952842515,3.0921390305810696,6.621405651764134,0,1,Loyal,0.1116,Low,1538.19,Gold
15228,66,4,3386.71,27.09368,2255,8.127909455886419,3.3355446400113924,7.721348612617949,0,2,High-Value,0.1363,Low,3617.75,Platinum
15230,239,2,429.6,18.678260869565214,351,6.065179584930263,2.9795145172702875,5.863631175598097,1,0,At-Risk,0.3919,Low,635.33,Silver
15232,113,2,612.06,19.743870967741938,686,6.418462810428566,3.0322508279963243,6.532334292222349,1,1,Loyal,0.4238,Medium,995.13,Gold
15234,277,1,197.0,14.071428571428571,196,5.288267030694535,2.712800803860808,5.2832037287379885,1,0,At-Risk,0.4464,Medium,243.58,Bronze
15235,218,12,2247.51,15.716853146853149,1324,7.718023053610256,2.816417381022768,7.1891677384203225,1,2,High-Value,0.1062,Low,2300.28,Platinum
15236,299,1,321.05,21.403333333333332,269,5.7747068129929,3.109209757313765,5.598421958998375,1,0,At-Risk,0.4765,Medium,432.95,Silver
15237,2,4,1412.32,14.265858585858584,1071,7.253696825551129,2.7256188699938337,6.977281341630747,0,1,Loyal,0.1199,Low,1468.08,Gold
15238,29,3,1071.99,21.4398,692,6.978204422922778,3.1108361679588064,6.541029999189903,0,1,Loyal,0.2321,Low,1156.36,Gold
15239,10,2,780.59,15.930408163265309,594,6.661330306378558,2.8291113047301124,6.38856140554563,0,1,Loyal,0.27,Low,879.48,Gold
15240,45,5,1706.57,21.879102564102563,1369,7.442826586212262,3.130223942145416,7.222566018822171,0,1,Loyal,0.0704,Low,2014.33,Platinum
15241,67,8,1756.44,15.967636363636364,1818,7.471613483699497,2.83130778631824,7.506042178518122,0,2,High-Value,0.0313,Low,2265.64,Platinum
15243,74,1,316.68,14.394545454545456,185,5.7610445868229965,2.734013255415761,5.225746673713202,0,1,Loyal,0.3984,Low,282.73,Bronze
15244,65,2,631.57,18.57558823529412,405,6.449790886414747,2.9742832917596744,6.0063531596017325,0,1,Loyal,0.3669,Low,673.24,Gold
15245,134,3,2515.84,28.267865168539327,1784,7.83075942537543,3.3764901622235315,7.487173694213739,1,1,Loyal,0.461,Medium,2121.5,Platinum
15246,238,2,514.15,15.58030303030303,247,6.244458120391077,2.8082154263979717,5.5134287461649825,1,0,At-Risk,0.343,Low,500.43,Silver
15247,122,1,356.0,59.333333333333336,160,5.877735781779639,4.099884742597716,5.081404364984463,1,1,Loyal,0.641,Medium,330.8,Silver
15249,32,13,6688.46,19.109885714285713,3577,8.808288432375653,3.0012115207393575,8.182559264068665,0,2,High-Value,0.0012,Low,5827.12,Platinum
15251,9,11,10484.99,94.45936936936936,6171,9.257795359479534,4.558700705326822,8.72777821348305,0,2,High-Value,0.0205,Low,10897.34,Platinum
15252,36,2,740.78,16.83590909090909,522,6.60905270324689,2.8812137898083683,6.259581464064923,0,1,Loyal,0.3337,Low,855.84,Gold
15253,16,5,918.2,17.32452830188679,866,6.823503726534546,2.908240506753112,6.7650389767805414,0,1,Loyal,0.1053,Low,1330.44,Gold
15254,127,1,300.36,16.686666666666667,275,5.708305563383786,2.872811060041484,5.62040086571715,1,1,Loyal,0.5308,Medium,394.44,Silver
15255,67,1,890.85,18.95425531914894,489,6.793297957004312,2.993442419796292,6.194405391104672,0,1,Loyal,0.3866,Low,645.04,Silver
15256,149,1,98.45,16.408333333333335,55,4.599655005299981,2.85694901877452,4.02535169073515,1,0,At-Risk,0.6723,Medium,129.25,Bronze
15257,283,1,317.15,45.30714285714286,46,5.762522969678801,3.8352962225656912,3.8501476017100584,1,0,At-Risk,0.6711,Medium,202.25,Bronze
15258,169,2,623.16,18.328235294117647,142,6.4364067457583465,2.9615669954219745,4.962844630259907,1,0,At-Risk,0.5809,Medium,326.81,Silver
15260,100,7,1810.77,23.516493506493507,885,7.502059546979103,3.1993460953969572,6.786716950605081,1,2,High-Value,0.2011,Low,1965.92,Platinum
15261,135,1,254.82,13.41157894736842,270,5.544474072171247,2.6680319770391696,5.602118820879701,1,1,Loyal,0.472,Medium,246.62,Bronze
15262,324,1,178.95000000000002,17.895000000000003,73,5.19267903452504,2.9388973368014524,4.30406509320417,1,0,At-Risk,0.6622,Medium,159.94,Bronze
15263,107,1,156.51,13.0425,89,5.059488948313644,2.6420884454244504,4.499809670330265,1,1,Loyal,0.6904,Medium,132.42,Bronze
15264,64,1,393.74,17.11913043478261,265,5.978227320325962,2.8969683102129045,5.583496308781699,0,1,Loyal,0.4923,Medium,422.36,Silver
15265,151,2,1506.12,18.36731707317073,612,7.317955823857119,2.9635869584384347,6.418364935936212,1,1,Loyal,0.4771,Medium,1037.0,Gold
15266,338,1,119.3,19.883333333333333,18,4.789988622980633,3.0389513926739675,2.9444389791664403,1,0,At-Risk,0.795,High,101.78,Bronze
15267,22,5,1717.36,156.12363636363636,944,7.449125626576209,5.057032988200588,6.851184927493743,0,1,Loyal,0.1754,Low,1850.94,Platinum
15269,24,1,408.8,204.4,26,6.0156692358048,5.324959297494458,3.295836866004329,0,1,Loyal,0.4649,Medium,308.39,Silver
15270,16,7,2379.49,58.03634146341463,1521,7.775061627827598,4.078153211289092,7.327780538421632,0,2,High-Value,0.0873,Low,2635.3,Platinum
15271,7,15,2493.34,9.444469696969698,1251,7.82177944413352,2.3460726227258326,7.132497551660044,0,2,High-Value,0.036,Low,2282.53,Platinum
15272,57,2,721.94,11.45936507936508,310,6.58332623116324,2.522472555348697,5.739792912179234,0,1,Loyal,0.2545,Low,484.78,Silver
15274,4,2,716.57,15.24617021276596,619,6.5758705038506235,2.7878572017846337,6.429719478039138,0,1,Loyal,0.2693,Low,777.04,Gold
15275,38,1,615.14,15.003414634146342,498,6.4234742104382585,2.772802114104264,6.212606095751519,0,1,Loyal,0.3735,Low,539.37,Silver
15276,66,1,128.63,2.6251020408163264,61,4.864684238611951,1.2878824371011677,4.127134385045092,0,1,Loyal,0.2629,Low,134.56,Bronze
15277,47,1,255.9,21.325,205,5.548686904115838,3.105707126762563,5.327876168789581,0,1,Loyal,0.4405,Medium,381.11,Silver
15279,355,1,290.51,15.29,189,5.675074310519458,2.790551422613954,5.247024072160486,1,0,At-Risk,0.4873,Medium,293.66,Bronze
15280,172,1,113.12,7.07,154,4.737250526345299,2.0881534822818573,5.043425116919247,1,0,At-Risk,0.6313,Medium,177.05,Bronze
15281,59,9,2332.15,16.778057553956835,1211,7.754974564853873,2.877964975183848,7.10002716662926,0,2,High-Value,0.0334,Low,2275.52,Platinum
15286,50,1,240.55,80.18333333333334,55,5.4870764910004155,4.396709971584442,4.02535169073515,0,1,Loyal,0.5826,Medium,200.56,Bronze
15287,22,2,486.69,24.3345,433,6.189679958097341,3.2321671031894104,6.073044534100405,0,1,Loyal,0.4004,Medium,798.88,Gold
15288,43,5,2306.52,26.210454545454542,775,7.743928633728395,3.3036012577439964,6.654152520183219,0,2,High-Value,0.1474,Low,1922.41,Platinum
15289,29,3,939.78,16.20310344827586,1008,6.846709318414996,2.845089800582618,6.9167150203536085,0,1,Loyal,0.2118,Low,1300.06,Gold
15290,5,18,7943.22,38.93735294117647,4501,8.98019989919854,3.687312049906911,8.412277021466677,0,2,High-Value,0.0016,Low,7705.21,Platinum
15291,26,15,4668.3,45.32330097087379,2103,8.448764446494256,3.8356450952090055,7.651595573857601,0,2,High-Value,0.0039,Low,5030.84,Platinum
15292,201,1,178.39,7.432916666666666,55,5.189562206710999,2.132142698730169,4.02535169073515,1,0,At-Risk,0.6767,Medium,132.98,Bronze
15296,51,6,3672.86,18.932268041237116,1766,8.208998159442066,2.99233992811306,7.477038472319696,0,2,High-Value,0.0538,Low,2934.39,Platinum
15297,10,3,641.94,16.46,292,6.466051407286527,2.859912550411456,5.680172609017068,0,1,Loyal,0.2828,Low,566.41,Silver
15298,2,12,4799.9,24.999479166666664,3116,8.476558679320053,3.2580765057695555,8.044626279767337,0,2,High-Value,0.0099,Low,4790.38,Platinum
15299,67,7,4507.01,643.8585714285715,2948,8.413611093435822,6.469031023649798,7.989221408815276,0,2,High-Value,0.0828,Low,4346.94,Platinum
15300,64,1,496.44,17.73,292,6.2094749463104435,2.930126516455997,5.680172609017068,0,1,Loyal,0.5258,Medium,444.25,Silver
15301,51,12,5049.95,20.867561983471074,2751,8.527331623389161,3.085004350809791,7.920083199053234,0,2,High-Value,0.0034,Low,4157.19,Platinum
15303,290,1,574.02,18.516774193548382,248,6.354404822801145,2.971274310850536,5.517452896464707,1,0,At-Risk,0.4996,Medium,466.98,Silver
15304,61,8,694.4000000000001,30.19130434782609,104,6.544487219573761,3.4401393491690326,4.653960350157523,0,1,Loyal,0.1998,Low,515.79,Silver
15306,64,3,1174.35,20.247413793103448,810,7.069321254563527,3.0562351841099553,6.698268054115413,0,1,Loyal,0.2318,Low,1276.57,Gold
15307,96,1,205.3,17.108333333333334,37,5.329331420077207,2.8963722374743837,3.6375861597263857,1,1,Loyal,0.7784,High,104.84,Bronze
15308,274,1,310.47,16.340526315789475,175,5.741303025403381,2.853046323590117,5.170483995038151,1,0,At-Risk,0.4778,Medium,308.22,Silver
15311,1,91,60632.75,25.626690617075234,38147,11.012606947722134,3.281914119368656,10.549228610698805,0,2,High-Value,0.0009,Low,53040.84,Platinum
15312,75,4,924.85,19.677659574468084,516,6.830712234483825,3.0290538698540175,6.248042874508429,0,1,Loyal,0.1795,Low,986.08,Gold
15313,110,1,52.0,52.0,25,3.970291913552122,3.970291913552122,3.258096538021482,1,0,At-Risk,0.5958,Medium,84.34,Bronze
15314,199,1,327.97,13.665416666666667,313,5.795966561197395,2.685492114345374,5.749392985908253,1,0,At-Risk,0.503,Medium,297.34,Bronze
15315,64,2,570.5,15.41891891891892,862,6.348264483234865,2.798434262570479,6.760414691083428,0,1,Loyal,0.3192,Low,830.85,Gold
15316,327,1,165.0,165.0,100,5.111987788356544,5.111987788356544,4.61512051684126,1,0,At-Risk,0.7217,High,187.6,Bronze
15318,4,1,312.62,9.473333333333333,642,5.748182061952885,2.3488323441593653,6.466144724237619,0,1,Loyal,0.3349,Low,433.22,Silver
15319,284,1,204.5,12.78125,175,5.32544603393629,2.6233089726471195,5.170483995038151,1,0,At-Risk,0.4781,Medium,210.2,Bronze
15320,44,1,267.13,7.420277777777778,326,5.591471937527057,2.13064281794496,5.7899601708972535,0,1,Loyal,0.3926,Low,330.6,Silver
15321,71,3,2748.31,28.92957894736842,1181,7.919105250086756,3.398847253852804,7.074963197966044,0,1,Loyal,0.2327,Low,1927.12,Platinum
15322,86,1,679.68,16.18285714285714,416,6.523092298503236,2.843912209065015,6.0330862217988015,0,1,Loyal,0.358,Low,543.56,Silver
15325,104,1,161.74,3.369583333333334,231,5.092153835268511,1.474667657498368,5.44673737166631,1,1,Loyal,0.3886,Low,177.58,Bronze
15326,334,1,311.71,10.748620689655173,386,5.74527624348556,2.4637358455851905,5.958424693029782,1,0,At-Risk,0.4541,Medium,355.47,Silver
15327,53,1,208.75,20.875,116,5.345916345347316,3.0853444322436783,4.762173934797756,0,1,Loyal,0.6004,Medium,261.33,Bronze
15329,39,3,1049.7,18.41578947368421,486,6.957211887694729,2.9660866254361893,6.18826412308259,0,1,Loyal,0.2416,Low,909.2,Gold
15330,32,2,714.96,54.99692307692308,1312,6.5736242994783,4.025296744170669,7.180069874302796,0,1,Loyal,0.3454,Low,2018.9,Platinum
15332,366,4,1661.06,47.45885714285714,652,7.415813075846797,3.880715131595162,6.481577129276431,1,0,At-Risk,0.3119,Low,1337.82,Gold
15333,208,1,1028.56,64.285,344,6.936886805488385,4.178762300860002,5.84354441703136,1,0,At-Risk,0.5394,Medium,748.96,Gold
15334,157,3,350.82,3.579795918367347,273,5.863119681170759,1.5216544378248589,5.6131281063880705,1,0,At-Risk,0.3603,Low,420.82,Silver
15335,54,1,170.22,4.863428571428571,79,5.142949279314339,1.7687345129446492,4.382026634673881,0,1,Loyal,0.4967,Medium,142.66,Bronze
15339,66,2,574.07,6.675232558139536,416,6.354491772518179,2.0379985937489957,6.0330862217988015,0,1,Loyal,0.2785,Low,563.05,Silver
15341,81,1,2020.52,118.85411764705884,812,7.611604982675218,4.786275316961546,6.70073110954781,0,1,Loyal,0.4006,Medium,1586.02,Gold
15342,130,1,406.09,16.920416666666664,283,6.0090342912180414,2.885940658764568,5.648974238161206,1,1,Loyal,0.5474,Medium,404.65,Silver
15343,87,1,364.5,17.357142857142858,84,5.901266279189834,2.9100187552799612,4.442651256490317,0,1,Loyal,0.6563,Medium,224.25,Bronze
15344,1,3,563.94,21.69,116,6.3367195308171205,3.1219242987917504,4.762173934797756,0,1,Loyal,0.3358,Low,403.62,Silver
15345,46,1,393.54,19.677,81,5.9777205293157225,3.029021971418633,4.406719247264253,0,1,Loyal,0.5683,Medium,257.53,Bronze
15346,333,1,252.42,14.848235294117648,144,5.5350481913707625,2.763058156214206,4.976733742420574,1,0,At-Risk,0.6484,Medium,233.26,Bronze
15347,366,1,201.6,40.32000000000001,130,5.311233591814583,3.721346644251438,4.875197323201151,1,0,At-Risk,0.6629,Medium,247.96,Bronze
15348,72,1,158.04,17.56,84,5.069155742908264,2.9210087273580543,4.442651256490317,0,1,Loyal,0.6466,Medium,217.84,Bronze
15349,158,2,463.91,6.533943661971831,321,6.141843838467353,2.0194186314043314,5.7745515455444085,1,0,At-Risk,0.3243,Low,506.27,Silver
15350,373,1,115.65,23.130000000000003,51,4.759177998467439,3.1834558796369405,3.951243718581427,1,0,At-Risk,0.5949,Medium,142.54,Bronze
15351,12,7,1934.66,8.83406392694064,742,7.568203632578843,2.2858522695727106,6.610696044717759,0,2,High-Value,0.0517,Low,1408.65,Gold
15353,255,2,770.12,12.624918032786884,341,6.647844003475713,2.611900324588965,5.834810737062605,1,0,At-Risk,0.3275,Low,534.41,Silver
15355,29,2,277.05,19.789285714285715,45,5.627800953633573,3.034437744102486,3.828641396489095,0,1,Loyal,0.4435,Medium,161.96,Bronze
15356,31,10,2718.03,5.446953907815631,1643,7.908030478039789,1.8636077569025276,7.404887575616125,0,2,High-Value,0.0336,Low,2533.72,Platinum
15358,5,22,8347.2,15.149183303085302,7050,9.029801225744318,2.7818694789215845,8.860924729719041,0,2,High-Value,0.0009,Low,9410.73,Platinum
15360,40,1,427.93,32.917692307692306,223,6.061293735451147,3.523936775227614,5.41164605185504,0,1,Loyal,0.5591,Medium,394.11,Silver
15361,362,1,418.92,59.84571428571429,336,6.040064216944044,4.108341386151434,5.820082930352362,1,0,At-Risk,0.5022,Medium,488.93,Silver
15363,373,1,326.0,20.375,144,5.7899601708972535,3.062222014822824,4.976733742420574,1,0,At-Risk,0.6487,Medium,286.93,Bronze
15364,96,2,913.19,31.489310344827587,493,6.818038427312331,3.480911122765279,6.202535517187923,1,1,Loyal,0.3962,Low,765.69,Gold
15365,26,7,2314.32,20.301052631578948,1084,7.74730318590928,3.05875649081724,6.98933526597456,0,2,High-Value,0.0317,Low,2176.88,Platinum
15366,75,2,602.51,13.69340909090909,621,6.40276261040859,2.6873990320781234,6.432940092739179,0,1,Loyal,0.2822,Low,657.57,Gold
15367,57,4,1877.59,19.764105263157894,1057,7.538276774433291,3.033225787455017,6.964135612418245,0,1,Loyal,0.1326,Low,1802.9,Platinum
15368,21,1,446.94000000000005,111.735,230,6.104659294874325,4.7250399318384755,5.442417710521793,0,1,Loyal,0.3914,Low,371.47,Silver
15370,41,7,2386.05,25.38351063829787,830,7.77781357291459,3.2727392179761106,6.7226297948554485,0,2,High-Value,0.0485,Low,2216.86,Platinum
15372,137,1,2007.4,74.34814814814814,2924,7.605093664160551,4.3221193481035804,7.981049759665957,1,1,Loyal,0.6287,Medium,2729.61,Platinum
15373,8,12,2415.91,18.302348484848483,500,7.79024514376692,2.9602267716608166,6.2166061010848646,0,2,High-Value,0.0693,Low,2034.71,Platinum
15374,129,1,168.0,56.0,126,5.1298987149230735,4.04305126783455,4.844187086458591,1,1,Loyal,0.6585,Medium,284.56,Bronze
15376,40,3,1221.56,10.530689655172411,615,7.108702299899257,2.4450121464707095,6.423246963533519,0,1,Loyal,0.1822,Low,962.63,Gold
15379,169,7,3703.29,19.089123711340207,2305,8.217246886437776,3.000178559724235,7.743269700829004,1,2,High-Value,0.1781,Low,3431.27,Platinum
15380,9,5,1690.2600000000002,46.951666666666675,376,7.433229092253918,3.8701935591543064,5.932245187448011,0,1,Loyal,0.184,Low,1292.38,Gold
15381,214,2,596.85,74.60625,171,6.393339886365589,4.325538951726021,5.147494476813453,1,0,At-Risk,0.4425,Medium,444.86,Silver
15382,15,6,5955.71,19.7208940397351,4012,8.692273594221074,3.0311425650962707,8.297294370266917,0,2,High-Value,0.0437,Low,5473.18,Platinum
15384,170,2,642.41,15.668536585365851,596,6.46678215711498,2.8135229055885858,6.391917113392602,1,0,At-Risk,0.3905,Low,773.5,Gold
15385,40,1,316.88,26.406666666666663,161,5.761673953071979,3.3107862928016227,5.087596335232384,0,1,Loyal,0.508,Medium,330.02,Silver
15386,186,1,394.14,12.714193548387096,446,5.979240132485259,2.618431321959833,6.102558594613569,1,0,At-Risk,0.4164,Medium,402.25,Silver
15388,270,1,140.54,14.053999999999998,88,4.952582362647639,2.71164373661234,4.48863636973214,1,0,At-Risk,0.6976,Medium,134.88,Bronze
15389,172,1,500.0,500.0,400,6.2166061010848646,6.2166061010848646,5.993961427306569,1,0,At-Risk,0.5895,Medium,554.21,Silver
15392,5,4,1535.53,18.28011904761905,1277,7.337281906274171,2.959074463832374,7.15305163493748,0,1,Loyal,0.1236,Low,1953.77,Platinum
15393,16,2,231.86,19.32166666666667,150,5.45043741460887,3.0116876403441184,5.017279836814924,0,1,Loyal,0.4873,Medium,311.13,Silver
15394,10,4,2183.54,25.68870588235294,910,7.689160559050125,3.2842404752552485,6.814542897259958,0,2,High-Value,0.149,Low,1541.3,Gold
15395,326,1,107.45,15.35,17,4.6862892372728835,2.794227897343262,2.8903717578961645,1,0,At-Risk,0.832,High,97.84,Bronze
15396,113,1,288.18,20.584285714285716,122,5.66704933159998,3.071965536696436,4.812184355372417,1,1,Loyal,0.6406,Medium,280.95,Bronze
15397,290,1,94.0,15.666666666666666,20,4.553876891600541,2.8134107167600364,3.044522437723423,1,0,At-Risk,0.8287,High,96.84,Bronze
15398,16,2,1345.53,18.43191780821918,769,7.205286191988605,2.966916961978039,6.646390514847729,0,1,Loyal,0.3146,Low,1216.66,Gold
15399,1,3,815.77,16.3154,611,6.705357537478585,2.8515962789447578,6.416732282512326,0,1,Loyal,0.2537,Low,986.07,Gold
15400,92,5,716.2,59.68333333333334,390,6.575354741730978,4.105669085953333,5.968707559985366,1,1,Loyal,0.4158,Medium,899.21,Gold
15402,149,2,626.77,14.923095238095238,694,6.4421738573469876,2.767770586021713,6.543911845564792,1,1,Loyal,0.3821,Low,824.39,Gold
15405,189,1,349.1,43.6375,193,5.85821882796062,3.7985743129205662,5.267858159063328,1,0,At-Risk,0.5806,Medium,401.67,Silver
15406,31,2,510.71,9.636037735849058,254,6.237758058320892,2.364248021310645,5.541263545158426,0,1,Loyal,0.2739,Low,472.52,Silver
15407,34,4,1046.74,7.072567567567567,552,6.954390742498122,2.0884715937072516,6.315358001522335,0,1,Loyal,0.1288,Low,980.33,Gold
15408,264,1,267.18,7.858235294117647,106,5.591658396851496,2.181347568042512,4.672828834461906,1,0,At-Risk,0.7031,High,177.14,Bronze
15410,84,8,3450.84,28.285573770491805,1200,8.146662701187065,3.3770950319908164,7.0909098220799835,0,2,High-Value,0.0384,Low,2779.77,Platinum
15411,26,4,1348.93,13.764591836734697,529,7.207808018236269,2.692231870840516,6.272877006546167,0,1,Loyal,0.1665,Low,943.21,Gold
15412,171,1,190.53,19.053,108,5.25504445431457,2.9983787684948964,4.6913478822291435,1,0,At-Risk,0.6503,Medium,240.45,Bronze
15414,10,3,774.9000000000001,19.86923076923077,443,6.654023645899904,3.038275862203349,6.095824562432225,0,1,Loyal,0.2546,Low,834.88,Gold
15415,313,1,559.61,11.906595744680851,551,6.329025476602274,2.557738478736599,6.313548046277095,1,0,At-Risk,0.4333,Medium,629.42,Silver
15416,65,4,3984.32,20.75166666666667,2090,8.290372889129587,3.0796903829513815,7.645397699428633,0,2,High-Value,0.0757,Low,3632.07,Platinum
15417,85,1,508.8,18.17142857142857,284,6.234018491942015,2.953421075482268,5.652489180268651,0,1,Loyal,0.5081,Medium,464.19,Silver
15419,25,1,135.86,16.9825,230,4.918958505524352,2.889399062759374,5.442417710521793,0,1,Loyal,0.3655,Low,274.89,Bronze
15421,59,4,950.36,17.93132075471698,500,6.857892539809733,2.940817733242589,6.2166061010848646,0,1,Loyal,0.1748,Low,974.04,Gold
15422,323,2,97.7,16.283333333333335,38,4.592084946439436,2.8497426460074267,3.6635616461296463,1,0,At-Risk,0.5565,Medium,108.67,Bronze
15423,38,1,43.5,21.75,101,3.7954891891721942,3.1245651453969594,4.624972813284271,0,1,Loyal,0.5148,Medium,127.96,Bronze
15424,254,2,383.34,22.54941176470588,554,5.951527577504281,3.159100842006344,6.318968113746434,1,0,At-Risk,0.5126,Medium,621.08,Silver
15426,19,5,1404.07,5.105709090909091,656,7.247842402590825,1.8092242500249296,6.48768401848461,0,1,Loyal,0.0848,Low,1278.48,Gold
15427,33,3,1430.54,4.899109589041096,967,7.266506066865208,1.774801422410862,6.875232087276577,0,1,Loyal,0.1056,Low,1093.59,Gold
15428,15,1,93.78,15.63,102,4.551558416539442,2.811208293204837,4.634728988229636,0,1,Loyal,0.6293,Medium,141.41,Bronze
15429,27,2,397.35,4.845731707317073,380,5.987331015826375,1.7657117722587523,5.942799375126701,0,1,Loyal,0.2751,Low,511.3,Silver
15432,23,1,171.19,17.119,65,5.148598518298095,2.8969611114539706,4.189654742026425,0,1,Loyal,0.6328,Medium,142.43,Bronze
15433,214,2,533.3,13.00731707317073,534,6.2809574789637255,2.639579841165943,6.282266746896006,1,0,At-Risk,0.3413,Low,645.07,Silver
15434,8,5,1041.48,18.936,647,6.94935776883665,2.992527142605043,6.473890696352274,0,1,Loyal,0.1265,Low,1156.11,Gold
15435,22,1,149.29,5.147931034482759,54,5.012566760946003,1.816115608060205,4.007333185232471,0,1,Loyal,0.4921,Medium,141.38,Bronze
15436,12,3,1067.75,3.6692439862542954,574,6.97424502025097,1.5409971712639263,6.354370040797351,0,1,Loyal,0.1338,Low,739.11,Gold
15437,262,1,200.16,4.4479999999999995,79,5.304100611303764,1.6952485688472112,4.382026634673881,1,0,At-Risk,0.5396,Medium,140.94,Bronze
15438,131,1,156.57999999999998,6.263199999999999,59,5.059933265817542,1.9828205030754105,4.0943445622221,1,0,At-Risk,0.6371,Medium,132.03,Bronze
15440,55,3,383.68,6.188387096774194,197,5.952411819844281,1.9724668206674685,5.288267030694535,0,1,Loyal,0.3023,Low,386.78,Silver
15442,249,1,594.0,297.0,120,6.38856140554563,5.697093486505405,4.795790545596741,1,0,At-Risk,0.7144,High,530.41,Silver
15443,2,7,3213.59,8.638682795698925,1639,8.075455101323259,2.265784459836115,7.402451520818244,0,2,High-Value,0.0424,Low,2637.86,Platinum
15444,9,2,1411.21,6.594439252336449,759,7.252911132207154,2.0274163021616407,6.633318433280377,0,1,Loyal,0.2366,Low,881.95,Gold
15445,264,1,113.5,22.7,58,4.740574822994295,3.1654750481410856,4.07753744390572,1,0,At-Risk,0.6206,Medium,141.18,Bronze
15447,331,1,155.17,17.24111111111111,85,5.050945157499754,2.9036778989702072,4.454347296253507,1,0,At-Risk,0.6678,Medium,207.92,Bronze
15448,313,1,494.64,17.665714285714284,232,6.2058498567482925,2.926688380357291,5.4510384535657,1,0,At-Risk,0.535,Medium,423.4,Silver
15449,26,3,974.52,16.242,812,6.882970662159506,2.8473482677877335,6.70073110954781,0,1,Loyal,0.2048,Low,1188.17,Gold
15450,30,1,429.84,14.328,376,6.0657367914825695,2.7296812212285047,5.932245187448011,0,1,Loyal,0.3707,Low,442.41,Silver
15452,30,3,528.48,9.437142857142858,280,6.27189539284557,2.345370872311823,5.638354669333745,0,1,Loyal,0.2218,Low,521.92,Silver
15453,2,7,1371.77,4.91673835125448,837,7.224585875348061,1.777785342884903,6.731018100482083,0,1,Loyal,0.0299,Low,1393.95,Gold
15454,362,1,179.1,7.164,86,5.19351225218191,2.0997342449475984,4.465908118654584,1,0,At-Risk,0.6908,Medium,172.05,Bronze
15456,283,3,434.59,7.492931034482759,633,6.076701433954154,2.139234174487352,6.452048954437226,1,0,At-Risk,0.4975,Medium,627.04,Silver
15457,262,1,237.07,4.087413793103448,132,5.472564748074418,1.626769605780617,4.890349128221754,1,0,At-Risk,0.6418,Medium,226.75,Bronze
15458,25,1,161.64,23.09142857142857,156,5.091539169320091,3.181856116297684,5.056245805348308,0,1,Loyal,0.3775,Low,339.21,Silver
15460,354,1,214.26,3.826071428571428,107,5.371846599836152,1.5740327678747907,4.68213122712422,1,0,At-Risk,0.3197,Low,187.01,Bronze
15462,94,3,234.6,21.327272727272728,172,5.462135451777431,3.105808923474617,5.153291594497779,1,1,Loyal,0.5196,Medium,381.08,Silver
15463,29,1,126.14,18.02,106,4.845288841508263,2.9454910571172443,4.672828834461906,0,1,Loyal,0.5868,Medium,206.32,Bronze
15464,338,1,1044.65,6.739677419354839,348,6.952393980600518,2.046360009647184,5.855071922202427,1,0,At-Risk,0.5077,Medium,650.76,Silver
15465,20,18,7354.62,75.82082474226804,1257,8.903219925879805,4.341475758895901,7.1372784372603855,0,2,High-Value,0.048,Low,2893.34,Platinum
15466,85,1,334.53,5.868947368421052,246,5.815711371192059,1.927010873012996,5.5093883366279774,0,1,Loyal,0.3545,Low,321.38,Silver
15467,9,3,524.88,10.093846153846156,310,6.265073049828404,2.4063905540270767,5.739792912179234,0,1,Loyal,0.2285,Low,568.82,Silver
15468,51,2,467.51,19.479583333333338,155,6.149557446167864,3.0194284549122603,5.049856007249537,0,1,Loyal,0.5016,Medium,369.08,Silver
15469,50,2,538.55,22.43958333333333,153,6.290735458809743,3.1544261886691354,5.0369526024136295,0,1,Loyal,0.4525,Medium,371.34,Silver
15471,2,1,454.48,6.225753424657534,256,6.121351807942404,1.9776515087911073,5.54907608489522,0,1,Loyal,0.3787,Low,371.06,Silver
15472,113,1,371.56,4.888947368421053,251,5.920398098674122,1.773077266653189,5.529429087511423,1,1,Loyal,0.4207,Medium,340.46,Silver
15473,14,7,1771.2,161.01818181818183,672,7.479976991613202,5.087708562380249,6.511745329644728,0,2,High-Value,0.2236,Low,1736.55,Platinum
15475,77,1,454.11,15.658965517241375,319,6.120539147973894,2.812948541007758,5.768320995793772,0,1,Loyal,0.5238,Medium,423.17,Silver
15478,40,2,1399.92,31.816363636363636,575,7.244884442636672,3.490927282337732,6.3561076606958915,0,1,Loyal,0.4049,Medium,1021.76,Gold
15480,116,1,905.5,20.122222222222224,303,6.809591030194905,3.050325672158164,5.717027701406222,1,1,Loyal,0.4011,Medium,581.53,Silver
15482,16,12,10879.76,112.16247422680412,5004,9.294751370911507,4.728824611047676,8.518192691749322,0,2,High-Value,0.0173,Low,10076.61,Platinum
15483,161,4,225.26,2.681666666666666,291,5.421684780498321,1.3033655482039708,5.676753802268282,1,0,At-Risk,0.2976,Low,593.79,Silver
15484,1,4,3590.41,19.200053475935828,3150,8.186300162033392,3.005685251727211,8.055475141757274,0,2,High-Value,0.0597,Low,4007.68,Platinum
15485,30,3,2564.5,30.17058823529412,1281,7.849908670382019,3.4394749654425003,7.156176637480615,0,2,High-Value,0.2025,Low,2106.42,Platinum
15488,93,1,91.32,45.66,73,4.52526080275979,3.842887266593284,4.30406509320417,1,1,Loyal,0.6593,Medium,128.92,Bronze
15489,23,3,1134.28,22.6856,608,7.034634595526282,3.16486726854377,6.411818267709897,0,1,Loyal,0.2298,Low,1017.73,Gold
15491,95,6,3100.09,20.130454545454548,1646,8.039508941575132,3.0507153432496197,7.40671073017764,1,2,High-Value,0.1638,Low,2910.87,Platinum
15492,28,2,659.4599999999999,18.84171428571428,483,6.492936561946857,2.9877865036539375,6.182084906716632,0,1,Loyal,0.308,Low,719.63,Gold
15493,33,5,1953.41,6.7592041522491355,551,7.577843636590285,2.0488797712358733,6.313548046277095,0,1,Loyal,0.1042,Low,1474.55,Gold
15494,21,2,1280.58,10.49655737704918,1139,7.155848970699195,2.4420476320350364,7.038783541388542,0,1,Loyal,0.2256,Low,1409.04,Gold
15497,18,2,1262.2,84.14666666666668,624,7.141403462941432,4.444375259738417,6.437751649736401,0,1,Loyal,0.4143,Medium,1259.13,Gold
15498,3,27,13316.4,26.00859375,6105,9.496826729846124,3.2961551023987927,8.717027173294824,0,2,High-Value,0.0009,Low,11559.51,Platinum
15500,8,4,1131.56,16.640588235294118,572,7.032235836086242,2.8702023966946593,6.35088571671474,0,1,Loyal,0.1841,Low,1054.54,Gold
15502,16,12,10384.93,48.75553990610329,4236,9.248207284539456,3.907121812301654,8.351610750626559,0,2,High-Value,0.0673,Low,8769.11,Platinum
15503,363,1,141.04,2.1369696969696967,70,4.956108708074887,1.14325726928611,4.2626798770413155,1,0,At-Risk,0.5342,Medium,135.95,Bronze
15504,81,1,52.83,4.063846153846153,33,3.985830932572866,1.6221263040182483,3.5263605246161616,0,1,Loyal,0.5154,Medium,68.46,Bronze
15505,53,5,3610.96,37.22639175257732,2390,8.192005840278435,3.643526160637662,7.779466967458324,0,2,High-Value,0.0351,Low,3555.13,Platinum
15506,23,3,972.08,6.03776397515528,842,6.880466298744467,1.951290502553493,6.736966958001855,0,1,Loyal,0.0775,Low,905.6,Gold
15507,172,1,475.86,10.574666666666667,160,6.167222946760261,2.448818801861452,5.081404364984463,1,0,At-Risk,0.5975,Medium,187.74,Bronze
15508,189,6,1000.27,10.8725,440,6.909024473214282,2.47422480144114,6.089044875446846,1,0,At-Risk,0.1897,Low,911.75,Gold
15510,331,1,250.0,250.0,2,5.5254529391317835,5.5254529391317835,1.0986122886681098,1,0,At-Risk,0.8217,High,288.43,Bronze
15511,12,5,900.53,5.699556962025317,269,6.804093319959892,1.9020413991397132,5.598421958998375,0,1,Loyal,0.0794,Low,688.42,Gold
15512,156,2,121.0,17.285714285714285,68,4.804021044733257,2.906120114864304,4.23410650459726,1,0,At-Risk,0.5518,Medium,140.88,Bronze
15513,33,19,14758.22,47.91629870129871,5709,9.599623251229634,3.890110647721487,8.649974302650056,0,2,High-Value,0.0132,Low,12012.17,Platinum
15514,12,11,4023.72,24.239277108433736,2098,8.3002106222155,3.228401396551042,7.649216319820633,0,2,High-Value,0.0065,Low,3871.75,Platinum
15516,45,3,62.43,4.162,27,4.149936935645806,1.641324101296422,3.332204510175204,0,1,Loyal,0.146,Low,67.99,Bronze
15517,233,1,267.03,9.89,293,5.591098914544516,2.387844936944869,5.683579767338681,1,0,At-Risk,0.4887,Medium,289.9,Bronze
15518,64,8,1921.55,9.150238095238096,1263,7.561407708843943,2.3174971628715952,7.142036574706803,0,2,High-Value,0.0351,Low,2107.61,Platinum
15520,2,1,343.5,19.083333333333332,314,5.842094090453713,2.9998902837026544,5.752572638825633,0,1,Loyal,0.5168,Medium,421.67,Silver
15521,40,8,3000.2,16.217297297297296,1836,8.006767487671574,2.845914535304965,7.515889085215125,0,2,High-Value,0.0257,Low,2694.95,Platinum
15522,33,2,397.99,7.106964285714286,572,5.988936353919148,2.092723480631895,6.35088571671474,0,1,Loyal,0.2604,Low,641.1,Silver
15523,84,1,412.0100000000001,41.20100000000001,132,6.023471805742962,3.7424439174436688,4.890349128221754,0,1,Loyal,0.5357,Medium,292.57,Bronze
15524,25,1,440.0,440.0,4,6.089044875446846,6.089044875446846,1.6094379124341005,0,1,Loyal,0.6097,Medium,479.69,Silver
15525,2,3,734.37,4.7075000000000005,387,6.600373773909423,1.7417810994218137,5.961005339623274,0,1,Loyal,0.1117,Low,615.52,Silver
15526,33,2,148.44,37.11,24,5.006894974480533,3.640476714885769,3.218875824868201,0,1,Loyal,0.315,Low,103.1,Bronze
15527,19,8,2428.53,14.990925925925929,991,7.795453101989517,2.7720214317313143,6.899723107284872,0,2,High-Value,0.0321,Low,1786.92,Platinum
15528,254,1,229.33,8.820384615384615,123,5.4395130632148145,2.2844602881354974,4.820281565605037,1,0,At-Risk,0.7076,High,222.55,Bronze
15529,23,11,3962.6,5.985800604229607,3455,8.284907982184745,1.943879603782859,8.147867129923947,0,2,High-Value,0.0056,Low,4094.13,Platinum
15530,22,4,1497.31,13.993551401869158,938,7.3120930852576205,2.707620202123843,6.844815479208263,0,1,Loyal,0.1409,Low,1319.07,Gold
15531,8,2,1972.39,9.00634703196347,1085,7.587508155013856,2.303219594851508,6.990256500493881,0,1,Loyal,0.181,Low,1550.55,Gold
15532,25,4,1564.73,6.23398406374502,515,7.356107447892678,1.9787899305616268,6.246106765481563,0,1,Loyal,0.1078,Low,1056.41,Gold
15533,19,3,807.57,9.729759036144578,289,6.695267255355902,2.373021099367572,5.66988092298052,0,1,Loyal,0.2045,Low,559.72,Silver
15535,173,4,502.9,6.984722222222222,135,6.222377835686553,2.0775299936131897,4.912654885736052,1,0,At-Risk,0.593,Medium,478.86,Silver
15537,163,1,110.92,4.621666666666667,29,4.717784330357226,1.726628179845504,3.4011973816621555,1,0,At-Risk,0.7211,High,72.82,Bronze
15539,7,1,538.46,13.13317073170732,410,6.290568639224737,2.648524568671592,6.018593214496234,0,1,Loyal,0.3717,Low,447.92,Silver
15540,11,1,213.3,14.22,200,5.367376902479531,2.7226103524335397,5.303304908059076,0,1,Loyal,0.4036,Medium,265.99,Bronze
15541,114,1,85.13000000000001,2.9355172413793107,49,4.455857782801083,1.3700423195790348,3.912023005428146,1,1,Loyal,0.7819,High,119.36,Bronze
15543,288,1,127.86,4.566428571428571,86,4.858726543710496,1.716753658240211,4.465908118654584,1,0,At-Risk,0.4778,Medium,144.75,Bronze
15544,9,9,3546.71,13.693861003861004,3109,8.174057603899483,2.687429787772714,8.04237800517328,0,2,High-Value,0.0141,Low,3679.52,Platinum
15545,54,2,288.96999999999997,3.612125,162,5.669777469353516,1.5286887052485472,5.093750200806762,0,1,Loyal,0.2595,Low,307.93,Silver
15547,7,14,4910.6,7.065611510791367,3999,8.499355033286358,2.087609531491532,8.294049640102028,0,2,High-Value,0.0014,Low,4822.94,Platinum
15549,77,3,1681.46,14.749649122807018,694,7.428012287090657,2.756818087106471,6.543911845564792,0,1,Loyal,0.2025,Low,1165.04,Gold
15550,4,4,575.63,9.43655737704918,295,6.357200812987149,2.3453147749177568,5.69035945432406,0,1,Loyal,0.239,Low,664.52,Gold
15551,37,1,436.06,15.036551724137931,218,6.080070485442007,2.774870599535001,5.389071729816501,0,1,Loyal,0.4435,Medium,342.76,Silver
15552,217,1,90.12,5.301176470588236,60,4.512177319138927,1.840736357326701,4.110873864173311,1,0,At-Risk,0.6088,Medium,128.38,Bronze
15553,60,1,428.93,7.798727272727273,449,6.06362240473809,2.174607082925335,6.1092475827643655,0,1,Loyal,0.3232,Low,443.64,Silver
15554,278,1,217.2,15.514285714285714,74,5.38541207339897,2.804225807182964,4.31748811353631,1,0,At-Risk,0.6428,Medium,176.27,Bronze
15555,12,16,4794.86,5.4057046223224345,4427,8.475508324728846,1.8571889405894584,8.395703293828527,0,2,High-Value,0.0012,Low,5215.27,Platinum
15556,24,1,279.77,9.024838709677418,236,5.637535828837275,2.305065884252974,5.4680601411351315,0,1,Loyal,0.3851,Low,302.81,Bronze
15557,29,1,468.91,24.679473684210528,213,6.152541187005974,3.2456919834485904,5.365976015021851,0,1,Loyal,0.5008,Medium,384.18,Silver
15561,12,4,800.59,29.651481481481483,267,6.686597255202886,3.4226809966621095,5.5909869805108565,0,1,Loyal,0.1903,Low,747.61,Gold
15562,352,1,134.55,134.55,39,4.909340575944674,4.909340575944674,3.688879454113936,1,0,At-Risk,0.7904,High,148.09,Bronze
15563,22,4,1400.44,12.393274336283186,1501,7.245255558414779,2.59475266575252,7.31455283232408,0,1,Loyal,0.1379,Low,1866.81,Platinum
15565,50,2,173.16,21.645,60,5.159974416926292,3.119939077008177,4.110873864173311,0,1,Loyal,0.514,Medium,149.29,Bronze
15567,19,1,186.01,26.572857142857146,223,5.231162091360629,3.316831851978803,5.41164605185504,0,1,Loyal,0.3784,Low,306.7,Silver
15568,3,3,758.29,14.307358490566036,461,6.6323837861074395,2.728333659876224,6.135564891081739,0,1,Loyal,0.1772,Low,767.39,Gold
15569,104,5,1375.71,44.37774193548387,666,7.227451873789157,3.81502171908952,6.502790045915623,1,1,Loyal,0.2428,Low,1517.53,Gold
15570,7,12,4148.82,13.005705329153605,2063,8.33082023879011,2.6394647701110774,7.632401126601453,0,2,High-Value,0.0064,Low,3571.85,Platinum
15571,12,4,650.4300000000001,11.411052631578947,264,6.47916994643317,2.518587416858636,5.579729825986222,0,1,Loyal,0.2004,Low,597.82,Silver
15572,5,7,2533.42,11.95009433962264,1213,7.837720093003111,2.561103073031957,7.101675971619444,0,2,High-Value,0.0314,Low,1811.29,Platinum
15573,32,2,591.1899999999999,6.094742268041236,355,6.383827529337818,1.959353984094734,5.87493073085203,0,1,Loyal,0.3057,Low,567.46,Silver
15574,178,4,675.64,4.445,332,6.517139373724178,1.694697756384924,5.808142489980444,1,0,At-Risk,0.3263,Low,673.34,Gold
15576,38,1,921.37,21.427209302325583,394,6.826946444575113,3.1102749227053024,5.978885764901122,0,1,Loyal,0.3492,Low,649.47,Silver
15577,151,3,258.88,6.637948717948718,89,5.5602199860123305,2.0331290747127984,4.499809670330265,1,0,At-Risk,0.6495,Medium,235.2,Bronze
15578,162,1,127.1,9.776923076923076,52,4.852811208902689,2.3774070958814244,3.970291913552122,1,0,At-Risk,0.655,Medium,115.52,Bronze
15579,69,2,327.6,6.825,117,5.794841205603168,2.057323736426217,4.770684624465665,0,1,Loyal,0.4804,Medium,304.86,Silver
15581,121,13,3675.77,25.176506849315068,283,8.20978992835222,3.2648623233637974,5.648974238161206,1,2,High-Value,0.6164,Medium,774.37,Gold
15582,25,3,682.9100000000001,15.52068181818182,453,6.527826330017913,2.80461303952819,6.118097198041348,0,1,Loyal,0.239,Low,770.93,Gold
15584,24,4,720.86,5.908688524590164,313,6.581831214273488,1.932779825930004,5.749392985908253,0,1,Loyal,0.0929,Low,667.67,Gold
15585,177,1,455.3,14.687096774193549,320,6.123150487933357,2.752838512924594,5.771441123130016,1,0,At-Risk,0.5156,Medium,338.9,Silver
15587,50,4,913.68,101.52,312,6.818574277330894,4.630057901495871,5.746203190540153,0,1,Loyal,0.2331,Low,971.93,Gold
15589,256,3,478.53,16.501034482758623,243,6.172806457538428,2.862259992482839,5.497168225293202,1,0,At-Risk,0.4434,Medium,482.71,Silver
15592,47,1,388.58,16.190833333333334,354,5.965069235748451,2.8443762960169163,5.872117789475416,0,1,Loyal,0.3602,Low,498.78,Silver
15593,71,1,199.8,39.96,60,5.302309387817574,3.712595980731253,4.110873864173311,0,1,Loyal,0.608,Medium,204.19,Bronze
15594,16,5,1771.78,17.201747572815535,983,7.48030421490088,2.901517609957448,6.891625897052253,0,1,Loyal,0.0827,Low,1550.2,Gold
15596,101,5,1406.59,18.267402597402597,561,7.249634301131203,2.958414683377752,6.331501849893691,1,1,Loyal,0.1915,Low,1250.56,Gold
15597,35,1,324.57,14.753181818181815,279,5.785577492291319,2.757042365070329,5.634789603169249,0,1,Loyal,0.4554,Medium,308.12,Silver
15598,53,1,240.68,17.19142857142857,160,5.487614537078416,2.900950525533566,5.081404364984463,0,1,Loyal,0.5677,Medium,317.38,Silver
15599,27,2,761.74,14.648846153846154,718,6.636917213055248,2.7503971860793617,6.577861357721047,0,1,Loyal,0.257,Low,759.89,Gold
15601,11,14,6776.56,16.52819512195122,4983,8.821372434155471,2.863810734245766,8.51398806046729,0,2,High-Value,0.0011,Low,7424.98,Platinum
15602,8,9,1297.87,28.214565217391307,1137,7.16924993468027,3.374667393725244,7.037027614686276,0,2,High-Value,0.0434,Low,1862.44,Platinum
15603,79,1,48.48,24.24,96,3.9015685475242874,3.2284300376730126,4.574710978503383,0,1,Loyal,0.5203,Medium,140.6,Bronze
15604,52,1,216.39,12.728823529411764,159,5.381692975469088,2.619497529976914,5.075173815233827,0,1,Loyal,0.5014,Medium,185.37,Bronze
15605,36,5,1198.23,17.88402985074627,441,7.089434963153261,2.9383165834255505,6.091309882077698,0,1,Loyal,0.1375,Low,954.09,Gold
15606,61,9,2920.16,37.92415584415584,892,7.9797360766493295,3.661615030758013,6.794586580876499,0,2,High-Value,0.0547,Low,2764.8,Platinum
15607,337,1,104.76,8.05846153846154,202,4.6611723761033765,2.2036992975190297,5.313205979041787,1,0,At-Risk,0.5447,Medium,186.15,Bronze
15608,28,4,1093.68,18.228,714,6.998217362097996,2.956367550031714,6.5722825426940075,0,1,Loyal,0.1501,Low,1200.63,Gold
15609,184,1,298.48,18.655,148,5.702047637362485,2.9783317588738236,5.003946305945459,1,0,At-Risk,0.6762,Medium,298.38,Bronze
15610,52,1,112.46,18.743333333333336,66,4.731450351898421,2.9828158816207644,4.204692619390966,0,1,Loyal,0.6155,Medium,137.59,Bronze
15611,10,13,1591.45,37.01046511627907,504,7.373028989779162,3.637861519608191,6.22455842927536,0,2,High-Value,0.0825,Low,1758.58,Platinum
15612,36,2,195.15,32.525,52,5.278879672655561,3.512291429167742,3.970291913552122,0,1,Loyal,0.4343,Medium,205.87,Bronze
15615,10,23,10399.74,24.585673758865248,5508,9.249632236444302,3.2420325760461495,8.614138397472717,0,2,High-Value,0.0009,Low,10235.09,Platinum
15618,33,4,776.851,17.263355555555556,454,6.656534989127213,2.9048966236485243,6.12029741895095,0,1,Loyal,0.1881,Low,841.98,Gold
15619,11,1,336.40000000000003,112.13333333333334,136,5.821269170111868,4.728567064132016,4.919980925828125,0,1,Loyal,0.5939,Medium,388.21,Silver
15620,57,3,1553.18,15.5318,915,7.348703354335633,2.805285798826489,6.82001636467413,0,1,Loyal,0.184,Low,1251.03,Gold
15621,4,4,1293.03,80.814375,501,7.165516658717914,4.4044529616657115,6.218600119691729,0,1,Loyal,0.1629,Low,1259.4,Gold
15622,43,9,3709.56,20.051675675675675,1674,8.2189380876069,3.0469801615052794,7.423568444259167,0,2,High-Value,0.0597,Low,3229.15,Platinum
15623,141,1,301.03,15.843684210526314,125,5.7105263501895465,2.8239757622330752,4.836281906951478,1,1,Loyal,0.697,Medium,270.25,Bronze
15624,117,4,588.13,17.297941176470587,357,6.3786468723710446,2.9067885495003227,5.8805329864007,1,1,Loyal,0.3509,Low,688.43,Gold
15625,104,4,1534.26,23.9728125,1188,7.336455026785429,3.2177877331110127,7.080867896690782,1,1,Loyal,0.2249,Low,1724.51,Platinum
15626,75,2,675.8,13.791836734693875,766,6.517375808292013,2.694075456618143,6.642486801367256,0,1,Loyal,0.2218,Low,696.07,Gold
15628,5,9,2870.24,18.51767741935484,1894,7.962499271193586,2.971320589241511,7.546974117516527,0,2,High-Value,0.0139,Low,3070.64,Platinum
15630,45,2,1186.35,19.772499999999997,800,7.079479212140812,3.033629996556999,6.68586094706836,0,1,Loyal,0.2503,Low,1237.65,Gold
15632,16,8,3285.31,19.67251497005988,2109,8.097520633770152,3.0288050387672603,7.654443226470112,0,2,High-Value,0.0167,Low,3659.65,Platinum
15634,17,1,243.55,16.236666666666668,99,5.499419786985366,2.8470388977400205,4.605170185988092,0,1,Loyal,0.6249,Medium,205.27,Bronze
15636,90,2,724.76,28.9904,284,6.587219381659278,3.4008773304512303,5.652489180268651,0,1,Loyal,0.415,Medium,635.13,Silver
15637,53,1,223.36,14.890666666666668,128,5.413251904640136,2.7657319347765683,4.859812404361672,0,1,Loyal,0.6037,Medium,218.78,Bronze
15639,134,1,425.32,17.0128,323,6.055190237988527,2.8910826162875702,5.780743515792329,1,1,Loyal,0.5438,Medium,486.35,Silver
15640,4,15,12416.11,26.08426470588235,6572,9.426830639200183,3.2989529210907156,8.790725628263576,0,2,High-Value,0.0009,Low,10747.43,Platinum
15641,105,4,1887.2,15.858823529411763,1562,7.543379273298417,2.8248741713378553,7.354362330421477,1,1,Loyal,0.2417,Low,1948.21,Platinum
15643,192,3,664.0,20.12121212121212,246,6.499787040655854,3.050277849294043,5.5093883366279774,1,0,At-Risk,0.3741,Low,544.42,Silver
15644,166,4,803.54,3.4635344827586207,550,6.6902706855196055,1.495940937105057,6.311734809152915,1,1,Loyal,0.3097,Low,623.38,Silver
15645,19,1,612.01,11.769423076923076,256,6.418381249016855,2.547053491022566,5.54907608489522,0,1,Loyal,0.4441,Medium,350.36,Silver
15646,158,3,447.64,12.789714285714288,394,6.106220784406171,2.6239229726430926,5.978885764901122,1,0,At-Risk,0.3646,Low,606.6,Silver
15648,204,2,639.5,26.645833333333332,218,6.4622491213367885,3.3194750234243164,5.389071729816501,1,0,At-Risk,0.5894,Medium,456.37,Silver
15649,336,2,816.0,408.0,192,6.705639094860003,6.013715156042802,5.262690188904886,1,0,At-Risk,0.7137,High,789.41,Gold
15651,37,3,646.3,20.196875,479,6.472809865551464,3.053853765152307,6.173786103901937,0,1,Loyal,0.3425,Low,827.16,Gold
15652,91,1,337.74,16.082857142857144,208,5.825232851462975,2.838075454397445,5.342334251964811,1,1,Loyal,0.4579,Medium,362.72,Silver
15653,93,2,877.4399999999999,146.23999999999998,1200,6.7781476070590925,4.99206390851082,7.0909098220799835,1,1,Loyal,0.7099,High,1543.2,Gold
15654,9,2,922.53,43.93,475,6.828203284222655,3.8051057230820686,6.16541785423142,0,1,Loyal,0.3234,Low,874.24,Gold
15655,243,1,560.67,16.490294117647057,324,6.330914488818843,2.8616461052211393,5.783825182329737,1,0,At-Risk,0.5456,Medium,491.26,Silver
15656,45,4,748.5,15.925531914893616,343,6.619406317542652,2.828823246067783,5.840641657373398,0,1,Loyal,0.169,Low,698.34,Gold
15657,23,1,30.0,30.0,24,3.4339872044851463,3.4339872044851463,3.218875824868201,0,1,Loyal,0.484,Medium,60.8,Bronze
15658,190,5,1024.1,21.33541666666667,242,6.932545447789356,3.106173609954303,5.493061443340548,1,0,At-Risk,0.2372,Low,752.98,Gold
15659,44,1,306.45,27.85909090909091,111,5.7283124723994785,3.362425052818089,4.718498871295094,0,1,Loyal,0.6366,Medium,271.97,Bronze
15660,25,9,1600.86,17.787333333333333,1050,7.378920733047961,2.9331828838931484,6.957497370876951,0,2,High-Value,0.0456,Low,2119.61,Platinum
15661,317,2,309.8,61.96,236,5.739149618493492,4.1424996041091475,5.4680601411351315,1,0,At-Risk,0.4387,Medium,390.39,Silver
15663,106,1,138.14,15.348888888888888,106,4.935480620495495,2.794159937167899,4.672828834461906,1,1,Loyal,0.6892,Medium,149.05,Bronze
15664,51,1,386.43,22.731176470588235,157,5.959535187313809,3.166789646571821,5.062595033026967,0,1,Loyal,0.494,Medium,341.0,Silver
15665,168,2,2222.21,19.323565217391305,1654,7.706707376439049,3.011781060931874,7.411556287811163,1,1,Loyal,0.3494,Low,2266.53,Platinum
15667,40,1,301.32,23.178461538461537,240,5.711486059041233,3.1854622177886673,5.484796933490655,0,1,Loyal,0.4632,Medium,430.97,Silver
15668,218,1,76.32000000000001,76.32000000000001,72,4.34795265434013,4.34795265434013,4.290459441148391,1,0,At-Risk,0.797,High,128.58,Bronze
15669,40,4,684.34,20.73757575757576,342,6.529915065486092,3.0790423647841965,5.8377304471659395,0,1,Loyal,0.2389,Low,730.59,Gold
15670,297,1,173.05,14.420833333333334,91,5.159342614257448,2.7357194090441648,4.5217885770490405,1,0,At-Risk,0.6666,Medium,145.37,Bronze
15671,19,7,2657.13,34.065769230769234,1699,7.885378147031288,3.557225419029568,7.438383530044307,0,2,High-Value,0.0391,Low,3088.98,Platinum
15673,88,4,2726.23,19.755289855072466,1451,7.911041721056532,3.0328011469614458,7.280697195384741,0,2,High-Value,0.1264,Low,2185.94,Platinum
15674,73,5,2446.6,21.46140350877193,1275,7.802863231588385,3.1117984366175833,7.151485463904735,0,2,High-Value,0.0702,Low,2041.07,Platinum
15675,81,3,323.69,15.413809523809524,527,5.782870880975165,2.798123024644606,6.269096283706261,0,1,Loyal,0.3101,Low,539.73,Silver
15676,19,3,3435.76,17.00871287128713,2252,8.142284446073054,2.890855689187367,7.720017940432244,0,2,High-Value,0.1045,Low,3004.34,Platinum
15677,49,1,657.23,19.916060606060608,319,6.489554414321968,3.040517313914945,5.768320995793772,0,1,Loyal,0.4079,Medium,621.01,Silver
15678,53,1,352.7,29.391666666666666,184,5.868449096211435,3.414168448026634,5.220355825078324,0,1,Loyal,0.4996,Medium,355.68,Silver
15679,24,4,781.28,7.102545454545455,1170,6.6622127327244485,2.092178265958645,7.065613363597717,0,1,Loyal,0.0736,Low,1144.36,Gold
15680,9,3,1333.68,17.09846153846154,952,7.1964468417270915,2.8958269367842027,6.859614903654202,0,1,Loyal,0.1795,Low,1305.03,Gold
15681,25,5,1426.16,26.90867924528302,816,7.263441734527154,3.3289377245110296,6.705639094860003,0,1,Loyal,0.137,Low,1803.88,Platinum
15683,117,1,193.75,19.375,131,5.271716684750857,3.0143086591269266,4.882801922586371,1,1,Loyal,0.6478,Medium,294.42,Bronze
15687,9,9,2993.1,18.030722891566263,1310,8.004398964555403,2.9460546675317256,7.1785454837637,0,2,High-Value,0.0472,Low,2321.43,Platinum
15689,120,2,254.1,28.233333333333334,84,5.541655625147766,3.3753096107100276,4.442651256490317,1,1,Loyal,0.5482,Medium,207.44,Bronze
15690,4,2,239.76,12.618947368421052,408,5.48380058667957,2.611462012009344,6.013715156042802,0,1,Loyal,0.2688,Low,658.64,Gold
15691,252,1,136.8,68.4,72,4.925803358579558,4.239886867512759,4.290459441148391,1,0,At-Risk,0.7143,High,137.4,Bronze
15692,28,1,191.04,15.92,138,5.25770368366274,2.8284963541780774,4.9344739331306915,0,1,Loyal,0.5826,Medium,261.33,Bronze
15694,1,14,6479.4,83.06923076923077,1677,8.776537515836264,4.4316406352210915,7.425357887027151,0,2,High-Value,0.0536,Low,5622.27,Platinum
15695,267,2,409.98,18.635454545454547,212,6.018544551511725,2.977336837517792,5.3612921657094255,1,0,At-Risk,0.4606,Medium,415.89,Silver
15696,33,8,2711.11,16.137559523809525,1015,7.905482208709709,2.841272518190032,6.923628628138427,0,2,High-Value,0.0305,Low,2182.43,Platinum
15699,18,1,309.65,17.202777777777776,113,5.738666876509702,2.901574207589341,4.736198448394496,0,1,Loyal,0.6873,Medium,260.98,Bronze
15700,172,2,696.68,8.10093023255814,357,6.54776054491873,2.20837663165639,5.8805329864007,1,0,At-Risk,0.2718,Low,617.67,Silver
15701,2,4,1529.0,6.647826086956521,912,7.333023014386481,2.034421435814363,6.816735880594968,0,1,Loyal,0.1,Low,1181.7,Gold
15703,265,1,211.5,42.3,66,5.358941988364472,3.768152635008444,4.204692619390966,1,0,At-Risk,0.6055,Medium,211.26,Bronze
15704,140,4,2293.62,19.603589743589744,1028,7.738322531443156,3.0254653200116906,6.9363427358340495,1,1,Loyal,0.2272,Low,1875.67,Platinum
15705,201,1,143.1,23.85,62,4.970507503005476,3.2128577525426376,4.143134726391533,1,0,At-Risk,0.6461,Medium,140.9,Bronze
15706,64,4,1060.56,19.28290909090909,321,6.967494803332995,3.0097786147328387,5.7745515455444085,0,1,Loyal,0.1889,Low,672.48,Gold
15707,35,4,916.98,4.473073170731707,594,6.822175603890787,1.6998402814734177,6.38856140554563,0,1,Loyal,0.1289,Low,904.3,Gold
15708,41,7,3235.25,11.8507326007326,1217,8.082170531065747,2.5534008214462856,7.1049654482698426,0,2,High-Value,0.0395,Low,2314.38,Platinum
15709,284,1,133.25,22.208333333333332,121,4.899703733388974,3.1445114095793385,4.804021044733257,1,0,At-Risk,0.6375,Medium,265.43,Bronze
15712,9,5,1072.36,20.233207547169815,486,6.978549194282216,3.055566349897319,6.18826412308259,0,1,Loyal,0.1442,Low,1067.09,Gold
15713,143,2,356.7,18.773684210526316,150,5.879694646264972,2.984351973413483,5.017279836814924,1,1,Loyal,0.5396,Medium,323.24,Silver
15714,12,2,330.03000000000003,9.706764705882351,186,5.802209005711098,2.3708757572068544,5.231108616854587,0,1,Loyal,0.3083,Low,323.52,Silver
15716,146,4,1101.11,9.411196581196585,738,7.004981803243121,2.3428818213810683,6.6052979209482015,1,1,Loyal,0.2344,Low,1059.86,Gold
15717,234,1,150.3,21.47142857142857,70,5.01926462079431,3.1122446610089187,4.2626798770413155,1,0,At-Risk,0.6245,Medium,148.67,Bronze
15719,33,13,5030.07,5.402867883995703,2718,8.523387964129368,1.8567459968700528,7.908019444632471,0,2,High-Value,0.0016,Low,4628.27,Platinum
15720,24,1,598.73,4.677578125,281,6.3964795539357615,1.7365247553608505,5.641907070938114,0,1,Loyal,0.4222,Medium,363.21,Silver
15721,12,1,471.4,5.611904761904762,388,6.157826084323207,1.8888717760293856,5.963579343618446,0,1,Loyal,0.3042,Low,409.5,Silver
15722,36,5,2211.21,33.00313432835821,1023,7.701747294844882,3.526452706495464,6.931471805599453,0,2,High-Value,0.0894,Low,2049.59,Platinum
15723,365,1,190.7,5.018421052631578,73,5.255931650051599,1.7948249413023496,4.30406509320417,1,0,At-Risk,0.5869,Medium,156.47,Bronze
15724,201,2,218.25,19.84090909090909,73,5.390212631252292,3.0369178383382036,4.30406509320417,1,0,At-Risk,0.5405,Medium,154.1,Bronze
15725,15,1,415.25,12.9765625,221,6.031286041294654,2.637381819589102,5.402677381872279,0,1,Loyal,0.4381,Medium,318.38,Silver
15727,17,7,5159.06,17.139734219269105,3063,8.548703486314981,2.8981047929406856,8.027476530860483,0,2,High-Value,0.016,Low,4397.09,Platinum
15729,213,1,85.0,17.0,28,4.454347296253507,2.8903717578961645,3.367295829986474,1,0,At-Risk,0.73,High,106.47,Bronze
15730,66,3,1120.88,16.01257142857143,689,7.022761128491225,2.8339525665622416,6.536691597591305,0,1,Loyal,0.1849,Low,1059.53,Gold
15732,212,2,294.12,21.00857142857143,215,5.68738205328842,3.0914319878695062,5.375278407684165,1,0,At-Risk,0.4994,Medium,399.36,Silver
15733,283,1,162.3,16.23,62,5.095588999976419,2.8466520505398383,4.143134726391533,1,0,At-Risk,0.6594,Medium,141.57,Bronze
15734,115,2,1339.45,51.517307692307696,346,7.200760657465263,3.9611427855979255,5.849324779946859,1,1,Loyal,0.4744,Medium,943.29,Gold
15737,15,8,1188.12,16.734084507042255,597,7.080968816745364,2.87548846620203,6.393590753950631,0,1,Loyal,0.0819,Low,1267.81,Gold
15738,19,16,4812.42,27.81745664739885,2982,8.479163129156776,3.3609813371073702,8.000684784514748,0,2,High-Value,0.0016,Low,5381.89,Platinum
15739,66,1,449.12,56.14,472,6.109514213881797,4.045504396802627,6.159095388491933,0,1,Loyal,0.3772,Low,607.29,Silver
15740,49,1,154.88,17.20888888888889,152,5.049086480470509,2.901909875342451,5.030437921392435,0,1,Loyal,0.5027,Medium,271.71,Bronze
15743,16,4,775.96,9.022790697674418,214,6.655388868991024,2.304861569621203,5.3706380281276624,0,1,Loyal,0.1798,Low,556.27,Silver
15744,78,1,34.8,11.6,120,3.5779478934066544,2.533696813957432,4.795790545596741,0,1,Loyal,0.439,Medium,81.9,Bronze
15745,19,4,1094.59,17.654677419354837,421,6.999048309928502,2.9260969146101776,6.045005314036012,0,1,Loyal,0.1808,Low,898.75,Gold
15746,134,1,196.88,7.031428571428571,178,5.287660786359508,2.0833624164230726,5.187385805840755,1,0,At-Risk,0.4226,Medium,195.98,Bronze
15747,13,3,946.64,10.518222222222224,466,6.85397468329749,2.443930322371382,6.1463292576688975,0,1,Loyal,0.1756,Low,811.32,Gold
15748,40,1,144.36,7.218000000000001,50,4.979213424087916,2.106326870461218,3.9318256327243257,0,1,Loyal,0.602,Medium,129.8,Bronze
15749,235,3,44534.3,4453.43,18028,10.70403741211812,8.40165438559116,9.7997368515422,1,2,High-Value,0.283,Low,26826.5,Platinum
15750,3,8,2463.05,8.464089347079039,1783,7.809561616655318,2.2475045673626126,7.486613313139955,0,2,High-Value,0.0255,Low,2729.87,Platinum
15752,40,7,2626.6,6.485432098765432,1960,7.873826161018318,2.012958744831334,7.581209826196346,0,2,High-Value,0.0361,Low,2795.12,Platinum
15753,305,1,79.2,79.2,144,4.384523514872469,4.384523514872469,4.976733742420574,1,0,At-Risk,0.7266,High,177.98,Bronze
15754,51,3,458.57,16.3775,199,6.130291269692714,2.855176265992504,5.298317366548036,0,1,Loyal,0.3023,Low,429.84,Silver
15755,10,6,2364.25,16.7677304964539,1427,7.768639003584553,2.87738391856027,7.2640301428995295,0,2,High-Value,0.0845,Low,2247.77,Platinum
15756,61,4,528.01,2.764450261780105,241,6.271007335271311,1.32560183778354,5.488937726156687,0,1,Loyal,0.188,Low,503.39,Silver
15757,66,2,714.42,15.876,491,6.572869782822179,2.825892494262092,6.198478716492308,0,1,Loyal,0.2905,Low,680.65,Gold
15758,25,1,205.25,22.805555555555557,47,5.32908902521479,3.16991898014167,3.871201010907891,0,1,Loyal,0.6143,Medium,126.39,Bronze
15759,218,3,253.04,36.14857142857143,60,5.537491734934774,3.6149253162809543,4.110873864173311,1,0,At-Risk,0.4646,Medium,239.07,Bronze
15762,65,2,583.75,15.777027027027026,251,6.371184405464288,2.8200105117440515,5.529429087511423,0,1,Loyal,0.3345,Low,517.93,Silver
15763,32,2,1086.92,17.818360655737706,271,6.992022895300703,2.93483302386684,5.605802066295998,0,1,Loyal,0.3349,Low,585.87,Silver
15764,88,6,3279.97,18.222055555555553,2050,8.095894389365505,2.956058346603739,7.62608275807238,0,2,High-Value,0.0309,Low,3104.84,Platinum
15766,64,1,315.06,28.64181818181818,170,5.755932068980957,3.3891861407131376,5.14166355650266,0,1,Loyal,0.4584,Medium,344.48,Silver
15768,116,3,621.8299999999999,23.03074074074074,244,6.434273608356567,3.1793338749387257,5.501258210544727,1,1,Loyal,0.4343,Medium,587.96,Silver
15769,7,26,56252.72,432.7132307692308,29672,10.937627451213288,6.072383557106991,10.29799282040795,0,2,High-Value,0.0194,Low,52213.44,Platinum
15773,6,1,635.6800000000001,63.568000000000005,311,6.4562671745616536,4.167718932022071,5.7430031878094825,0,1,Loyal,0.4365,Medium,523.05,Silver
15774,69,1,270.8,10.832,87,5.605066501717044,2.470807725408499,4.477336814478207,0,1,Loyal,0.6381,Medium,140.72,Bronze
15775,245,1,104.9,14.985714285714286,68,4.662495252607361,2.771695466262566,4.23410650459726,1,0,At-Risk,0.6812,Medium,119.62,Bronze
15776,133,1,241.62,13.423333333333334,138,5.491496433342773,2.668847265568684,4.9344739331306915,1,1,Loyal,0.6424,Medium,216.71,Bronze
15777,241,4,1047.11,49.862380952380946,378,6.954743821204941,3.929123572747649,5.937536205082426,1,0,At-Risk,0.2674,Low,944.89,Gold
15780,184,3,475.28,16.38896551724138,220,6.166005916582974,2.855835839376595,5.3981627015177525,1,0,At-Risk,0.4332,Medium,459.48,Silver
15781,25,3,345.46,17.273,180,5.847767371850795,2.9054245605224573,5.198497031265826,0,1,Loyal,0.2743,Low,368.6,Silver
15782,10,3,2614.74,60.80790697674419,864,7.869302319258532,4.124031300886943,6.762729506931879,0,2,High-Value,0.2219,Low,1832.75,Platinum
15783,11,1,246.3,17.592857142857145,212,5.510602174527371,2.922777482385261,5.3612921657094255,0,1,Loyal,0.487,Medium,317.33,Silver
15785,33,5,2328.9700000000003,28.059879518072293,1612,7.753610670940375,3.369358512162183,7.385851078125209,0,2,High-Value,0.0967,Low,2493.17,Platinum
15786,46,3,4919.0,18.49248120300752,3340,8.501063809486354,2.9700288118819285,8.114025442356757,0,2,High-Value,0.1511,Low,4747.98,Platinum
15787,26,3,933.26,4.6663,534,6.839754772081388,1.7345363474122375,6.282266746896006,0,1,Loyal,0.0953,Low,806.6,Gold
15789,358,1,351.3,14.052,438,5.864483085347192,2.711510872731191,6.0844994130751715,1,0,At-Risk,0.4281,Medium,386.55,Silver
15790,10,1,218.75,6.4338235294117645,113,5.392490536565286,2.006040333284419,4.736198448394496,0,1,Loyal,0.6314,Medium,184.61,Bronze
15791,44,2,1612.69,21.502533333333336,731,7.386278760989393,3.113627895464897,6.595780513961311,0,1,Loyal,0.4964,Medium,1208.88,Gold
15793,15,3,965.61,80.4675,553,6.873795104898541,4.400204167709583,6.317164686747284,0,1,Loyal,0.2891,Low,1054.87,Gold
15795,150,1,610.01,14.524047619047618,581,6.415113325649775,2.7423902809489804,6.366470447731438,1,1,Loyal,0.3731,Low,678.35,Gold
15796,1,8,2708.61,20.519772727272727,860,7.904559992078387,3.068972174237478,6.7580945044277305,0,2,High-Value,0.0359,Low,2188.11,Platinum
15797,113,4,2207.4,275.925,873,7.70002355040989,5.623746711402997,6.773080375655535,1,1,Loyal,0.2592,Low,1642.51,Platinum
15799,76,3,884.14,9.021836734693878,955,6.785745824587275,2.304766385713746,6.862757913051401,0,1,Loyal,0.1425,Low,1119.69,Gold
15800,107,2,696.89,5.956324786324786,332,6.548061497220062,1.939651286938074,5.808142489980444,1,1,Loyal,0.2732,Low,507.61,Silver
15801,46,3,1063.95,16.62421875,570,6.97068312868461,2.869274021474761,6.3473892096560105,0,1,Loyal,0.2457,Low,955.01,Gold
15802,143,1,451.42,451.42,1,6.11461095192969,6.11461095192969,0.6931471805599453,1,1,Loyal,0.6537,Medium,469.94,Silver
15803,51,1,415.8200000000001,51.977500000000006,290,6.032654473932845,3.969867295112584,5.673323267171493,0,1,Loyal,0.452,Medium,503.24,Silver
15804,1,13,4206.39,16.05492366412214,2565,8.344597781932357,2.8364389399955754,7.850103545175582,0,2,High-Value,0.0025,Low,4534.19,Platinum
15805,23,17,5488.18,18.355117056856187,3367,8.61053416087066,2.962956831898494,8.122074375362217,0,2,High-Value,0.0062,Low,5647.96,Platinum
15806,46,3,784.58,25.309032258064516,602,6.666422298467717,3.269912312090065,6.401917196727186,0,1,Loyal,0.2843,Low,970.78,Gold
15807,50,3,903.9,18.83125,430,6.807824440357088,2.9872589763493687,6.066108090103747,0,1,Loyal,0.2534,Low,803.46,Gold
15808,306,4,3651.27,18.72446153846154,1305,8.20310417107402,2.9818595679289888,7.174724309836376,1,0,At-Risk,0.2756,Low,2493.7,Platinum
15809,36,5,515.77,14.736285714285714,301,6.247597901247849,2.75596923765081,5.71042701737487,0,1,Loyal,0.2255,Low,642.48,Silver
15810,79,4,1391.98,15.640224719101123,861,7.239200616174941,2.811822940055547,6.759255270663693,0,1,Loyal,0.1433,Low,1329.76,Gold
15811,22,6,2218.62,16.681353383458646,1071,7.705091289043697,2.8725106031179433,6.977281341630747,0,2,High-Value,0.09,Low,1930.13,Platinum
15812,107,5,1801.14,43.930243902439024,922,7.496730126604398,3.8051111515658658,6.827629234502852,1,1,Loyal,0.1277,Low,1994.63,Platinum
15813,208,2,1303.91,32.59775,603,7.173889351861321,3.514459100441236,6.403574197934815,1,0,At-Risk,0.4249,Medium,936.92,Gold
15814,17,4,1945.33,27.018472222222226,1271,7.573700826991937,3.3328640148763844,7.148345743900068,0,1,Loyal,0.1298,Low,2018.29,Platinum
15815,64,5,2100.6,42.86938775510204,1856,7.65045423837133,3.781216759190655,7.526717561352706,0,1,Loyal,0.0512,Low,2626.22,Platinum
15819,49,4,1905.45,15.491463414634149,1357,7.552998152884997,2.802842878215061,7.213768308118642,0,1,Loyal,0.0946,Low,1774.68,Platinum
15820,320,1,206.98,12.175294117647056,128,5.337441921232086,2.5783434180983313,4.859812404361672,1,0,At-Risk,0.6571,Medium,198.99,Bronze
15821,44,2,570.96,9.209032258064516,202,6.349069058864647,2.323272843949201,5.313205979041787,0,1,Loyal,0.3144,Low,375.33,Silver
15822,3,2,885.47,26.83242424242424,375,6.787247283994098,3.3262016807064576,5.929589143389895,0,1,Loyal,0.4242,Medium,818.75,Gold
15823,372,1,15.0,15.0,1,2.772588722239781,2.772588722239781,0.6931471805599453,1,0,At-Risk,0.8008,High,16.46,Bronze
15825,172,1,532.94,26.647,220,6.2802834730968256,3.3195172229860503,5.3981627015177525,1,0,At-Risk,0.6116,Medium,406.71,Silver
15826,56,3,1654.31,24.32808823529412,963,7.411743581448863,3.231913986838136,6.871091294610546,0,1,Loyal,0.2347,Low,1356.06,Gold
15827,73,14,1836.09,15.966,882,7.515938076938256,2.831211341385543,6.78332520060396,0,2,High-Value,0.056,Low,1848.93,Platinum
15829,99,2,636.14,12.473333333333333,996,6.456989411643809,2.6007124233073653,6.904750769961838,1,1,Loyal,0.4487,Medium,680.95,Gold
15830,38,1,576.0,14.76923076923077,415,6.3578422665081,2.7580606216768717,6.030685260261263,0,1,Loyal,0.3799,Low,496.38,Silver
15831,58,3,794.64,12.04,1092,6.67914682223686,2.5680215564985067,6.996681488176539,0,1,Loyal,0.1266,Low,1211.14,Gold
15832,254,1,836.79,15.49611111111111,465,6.7307674724187825,2.8031246628915363,6.144185634125646,1,0,At-Risk,0.364,Low,598.54,Silver
15834,70,4,2225.15,8.271933085501859,961,7.708028915009937,2.2269918891759755,6.8690144506657065,0,1,Loyal,0.1454,Low,1498.34,Gold
15835,44,4,954.09,19.0818,439,6.861805576878038,2.999813932240238,6.0867747269123065,0,1,Loyal,0.1851,Low,907.33,Gold
15836,50,1,137.37,13.737,26,4.929931256681293,2.690361338231126,3.295836866004329,0,1,Loyal,0.6599,Medium,100.46,Bronze
15837,65,1,391.98,16.3325,189,5.97375871998905,2.8525833518345083,5.247024072160486,0,1,Loyal,0.4754,Medium,362.6,Silver
15838,11,19,33643.08,201.45556886227547,18368,10.423592390918046,5.310520449446234,9.818419740146064,0,2,High-Value,0.0187,Low,27555.46,Platinum
15839,33,3,1048.49,16.911129032258064,675,6.9560596108684605,2.8854222532961216,6.516193076042964,0,1,Loyal,0.2083,Low,1113.3,Gold
15840,59,2,355.56,13.168888888888889,396,5.876502528638301,2.6510486377056854,5.983936280687191,0,1,Loyal,0.2675,Low,509.65,Silver
15841,73,4,1224.06,26.04382978723404,942,7.110745101371203,3.2974588752888656,6.849066282633458,0,1,Loyal,0.1598,Low,1447.26,Gold
15843,304,1,118.95000000000002,14.868750000000002,27,4.787074989285704,2.7643517664708517,3.332204510175204,1,0,At-Risk,0.7582,High,105.84,Bronze
15844,46,1,130.73999999999998,11.885454545454545,134,4.880830283212546,2.556099120583739,4.90527477843843,0,1,Loyal,0.5712,Medium,159.87,Bronze
15845,18,8,3711.77,26.896884057971015,1926,8.219533507739182,3.3285150000803645,7.563719668414366,0,2,High-Value,0.0441,Low,3198.82,Platinum
15847,38,2,389.27,17.694090909090907,449,5.966838807281578,2.9282074797576025,6.1092475827643655,0,1,Loyal,0.3271,Low,642.19,Silver
15850,19,2,234.88,2.525591397849462,298,5.463323201132304,1.2600481946315738,5.700443573390687,0,1,Loyal,0.2172,Low,324.65,Silver
15852,187,2,160.71,7.305000000000001,48,5.085804607589853,2.116857743065258,3.8918202981106265,1,0,At-Risk,0.6974,Medium,136.13,Bronze
15853,52,1,110.8,3.693333333333334,135,4.716711560720999,1.5461430620617866,4.912654885736052,0,1,Loyal,0.2504,Low,191.39,Bronze
15854,4,12,2969.12,21.51536231884058,926,7.996357635020928,3.1141978459554154,6.831953565565855,0,2,High-Value,0.0356,Low,2552.78,Platinum
15855,137,5,712.24,8.903,470,6.569817969665846,2.2928377415391656,6.154858094016418,1,1,Loyal,0.3617,Low,830.48,Gold
15856,4,27,16143.64,25.706433121019103,10866,9.689343385018718,3.2849044772467546,9.293485953062852,0,2,High-Value,0.0009,Low,14192.72,Platinum
15857,19,1,297.0,21.214285714285715,308,5.697093486505405,3.1007355825639755,5.733341276897746,0,1,Loyal,0.4561,Medium,508.19,Silver
15858,16,5,1427.57,7.59345744680851,1163,7.264429222920369,2.1510011517341923,7.059617628291383,0,1,Loyal,0.0588,Low,1628.37,Platinum
15860,41,8,965.16,6.943597122302158,437,6.87332945196712,2.0723662107416,6.082218910376446,0,1,Loyal,0.099,Low,984.16,Gold
15861,12,8,3146.92,5.82762962962963,2528,8.054497196253768,1.920977560583086,7.835579246669965,0,2,High-Value,0.0191,Low,3328.42,Platinum
15862,8,4,832.88,5.665850340136054,585,6.726089507114236,1.8969975284088012,6.373319789577012,0,1,Loyal,0.0798,Low,863.96,Gold
15863,26,2,68.84,3.824444444444445,19,4.246206911531347,1.5736955871139264,2.995732273553991,0,1,Loyal,0.2769,Low,56.51,Bronze
15864,22,6,1936.32,96.816,1192,7.569060853685924,4.583088162841889,7.084226422097916,0,2,High-Value,0.1132,Low,2050.13,Platinum
15865,41,3,895.13,22.37825,368,6.798085491736212,3.1518061029430977,5.910796644040527,0,1,Loyal,0.2517,Low,814.26,Gold
15866,101,1,211.89,4.927674418604651,124,5.3607756003876466,1.7796319638479403,4.8283137373023015,1,1,Loyal,0.647,Medium,195.53,Bronze
15867,5,15,3810.14,8.300958605664487,2052,8.24568363596401,2.2301174707251588,7.627057417018934,0,2,High-Value,0.0105,Low,3769.45,Platinum
15869,277,2,149.64,9.976,175,5.014892884348897,2.395711070983529,5.170483995038151,1,0,At-Risk,0.4691,Medium,298.9,Bronze
15870,33,1,351.44,4.749189189189189,333,5.864880394998529,1.74905883429054,5.811140992976701,0,1,Loyal,0.3118,Low,380.15,Silver
15872,15,2,316.25,2.928240740740741,187,5.759690106594497,1.368191676990116,5.236441962829949,0,1,Loyal,0.2274,Low,309.81,Silver
15874,64,7,4405.88,36.71566666666667,2534,8.390922235063499,3.630075569582264,7.837948916025283,0,2,High-Value,0.0136,Low,3789.91,Platinum
15877,2,2,490.33,3.891507936507936,368,6.197115999797643,1.5875006274240857,5.910796644040527,0,1,Loyal,0.2399,Low,557.73,Silver
15880,369,1,329.03000000000003,3.4273958333333336,202,5.799183559419454,1.4878115632006426,5.313205979041787,1,0,At-Risk,0.5116,Medium,250.84,Bronze
15881,312,5,501.39,17.289310344827587,260,6.219376710497294,2.906316755012121,5.564520407322694,1,0,At-Risk,0.4217,Medium,565.62,Silver
15882,199,4,516.36,22.450434782608696,276,6.248738957138337,3.154889035556601,5.6240175061873385,1,0,At-Risk,0.5512,Medium,617.11,Silver
15883,2,2,396.48,8.091428571428573,223,5.9851446183631625,2.2073320544142727,5.41164605185504,0,1,Loyal,0.2901,Low,363.75,Silver
15885,93,3,379.35,21.075000000000003,111,5.9410918814433105,3.094445746490024,4.718498871295094,1,1,Loyal,0.5265,Medium,344.76,Silver
15886,60,1,181.09,15.090833333333334,147,5.204501070343752,2.778249751666447,4.997212273764115,0,1,Loyal,0.5246,Medium,225.27,Bronze
15888,81,1,168.31,14.025833333333331,76,5.131731354140141,2.7097709420002767,4.343805421853684,0,1,Loyal,0.6386,Medium,135.65,Bronze
15889,157,2,420.07,4.942,206,6.042799090644775,1.782045777040416,5.332718793265369,1,0,At-Risk,0.4505,Medium,353.0,Silver
15891,227,1,511.68,8.528,418,6.239651868861623,2.2542348320529992,6.037870919922137,1,0,At-Risk,0.3835,Low,435.6,Silver
15894,253,2,258.25,6.97972972972973,164,5.557792847109637,2.076904542433247,5.10594547390058,1,0,At-Risk,0.3381,Low,301.02,Bronze
15895,150,1,179.17,16.288181818181815,94,5.1939008496276085,2.850023136165814,4.553876891600541,1,0,At-Risk,0.6662,Medium,209.94,Bronze
15897,194,2,208.59,9.481363636363636,223,5.345153241385068,2.3495987884019165,5.41164605185504,1,0,At-Risk,0.3706,Low,317.32,Silver
15898,1,5,1383.83,16.474166666666665,567,7.233332667405506,2.8607235998106537,6.342121418721152,0,1,Loyal,0.1581,Low,1208.0,Gold
15899,369,1,56.25,14.0625,39,4.047427642434349,2.7122082112508736,3.688879454113936,1,0,At-Risk,0.8338,High,89.71,Bronze
15900,24,1,337.28,7.176170212765957,216,5.8238739549140215,2.101223851831479,5.37989735354046,0,1,Loyal,0.3791,Low,342.9,Silver
15901,17,3,351.73,3.168738738738739,379,5.86570289174782,1.4276135293261214,5.940171252720432,0,1,Loyal,0.3447,Low,467.22,Silver
15903,10,7,5126.76,69.28054054054054,2410,8.54242419563319,4.25249495453207,7.787796878181171,0,2,High-Value,0.0354,Low,4079.97,Platinum
15904,8,1,164.68,5.489333333333334,84,5.110058217087329,1.8701598033030984,4.442651256490317,0,1,Loyal,0.4659,Medium,152.41,Bronze
15906,20,7,1567.69,10.451266666666667,544,7.357996155136706,2.4381003497914064,6.300785794663244,0,2,High-Value,0.0653,Low,1395.62,Gold
15907,4,3,882.72,3.905840707964602,478,6.784140270382827,1.5904264764882612,6.171700597410915,0,1,Loyal,0.0871,Low,751.51,Gold
15909,174,1,191.94,27.42,98,5.262379259742407,3.347093122668954,4.59511985013459,1,0,At-Risk,0.6629,Medium,200.67,Bronze
15910,1,8,1228.88,4.6198496240601505,1013,7.114671882631472,1.7263049062629463,6.921658184151129,0,1,Loyal,0.0325,Low,1436.01,Gold
15912,178,2,264.62,13.927368421052632,185,5.582066715972105,2.7031963348667594,5.225746673713202,1,0,At-Risk,0.3816,Low,259.3,Bronze
15916,16,8,1502.86,9.95271523178808,752,7.315790415070715,2.3935873918972708,6.6240652277998935,0,2,High-Value,0.0438,Low,1459.31,Gold
15917,248,1,123.1,10.258333333333333,42,4.821087692210561,2.421108595178153,3.7612001156935624,1,0,At-Risk,0.7523,High,102.24,Bronze
15918,191,2,334.23,8.35575,153,5.814816863409831,2.235991127544062,5.0369526024136295,1,0,At-Risk,0.5516,Medium,311.64,Silver
15919,20,2,525.69,4.308934426229508,385,6.266612140168987,1.6693911420898635,5.955837369464831,0,1,Loyal,0.2555,Low,534.47,Silver
15920,154,4,167.5,2.7916666666666665,99,5.126935749792416,1.3328056761689044,4.605170185988092,1,0,At-Risk,0.6747,Medium,204.79,Bronze
15921,173,1,323.03000000000003,13.459583333333336,162,5.780836104098492,2.671357401193279,5.093750200806762,1,0,At-Risk,0.4891,Medium,236.43,Bronze
15922,373,1,369.5,33.59090909090909,138,5.914853444736141,3.54359090450337,4.9344739331306915,1,0,At-Risk,0.6378,Medium,279.95,Bronze
15923,373,1,127.08,6.051428571428572,122,4.852655068688459,1.953230230541819,4.812184355372417,1,0,At-Risk,0.5436,Medium,184.9,Bronze
15925,194,1,207.15,17.2625,93,5.3382589736409845,2.904849777076818,4.543294782270004,1,0,At-Risk,0.6772,Medium,224.12,Bronze
15930,67,1,426.63,20.31571428571429,139,6.058258335716989,3.059444560597017,4.941642422609304,0,1,Loyal,0.4929,Medium,300.01,Bronze
15932,4,8,2495.87,21.703217391304342,2325,7.822793226449505,3.122506649743609,7.75190533307861,0,2,High-Value,0.0321,Low,3679.22,Platinum
15933,21,3,1107.46,14.965675675675676,885,7.010726943606016,2.7704411475809643,6.786716950605081,0,1,Loyal,0.1934,Low,1151.11,Gold
15935,239,2,416.86,34.73833333333334,115,6.035146448194105,3.5762238755530844,4.7535901911063645,1,0,At-Risk,0.4798,Medium,306.23,Silver
15937,64,1,145.35,20.764285714285712,73,4.986001013137895,3.0802703563764045,4.30406509320417,0,1,Loyal,0.6221,Medium,146.07,Bronze
15938,112,5,404.58,22.476666666666667,240,6.0053181413965175,3.156007020089209,5.484796933490655,1,1,Loyal,0.5717,Medium,708.48,Gold
15939,90,15,6115.01,80.46065789473684,4728,8.718665202103209,4.400120178479537,8.461469042643875,0,2,High-Value,0.009,Low,7177.29,Platinum
15940,311,1,35.8,35.8,4,3.605497845174886,3.605497845174886,1.6094379124341005,1,0,At-Risk,0.7873,High,43.43,Bronze
15942,134,1,337.44,24.102857142857143,232,5.8243468240563,3.2229816700522655,5.4510384535657,1,1,Loyal,0.4619,Medium,390.04,Silver
15944,277,1,325.1,54.18333333333334,50,5.787204082795274,4.010660975325146,3.9318256327243257,1,0,At-Risk,0.6495,Medium,185.72,Bronze
15945,365,1,181.0,90.5,52,5.204006687076795,4.516338972281476,3.970291913552122,1,0,At-Risk,0.6805,Medium,171.35,Bronze
15947,83,1,1708.24,58.9048275862069,898,7.443804106257556,4.092757095967478,6.80128303447162,0,1,Loyal,0.4778,Medium,1572.03,Gold
15948,8,2,955.24,15.920666666666667,567,6.863008927569726,2.828535754505105,6.342121418721152,0,1,Loyal,0.3067,Low,864.66,Gold
15949,17,2,364.72,19.19578947368421,284,5.901868013296226,3.0054741407833063,5.652489180268651,0,1,Loyal,0.3624,Low,558.66,Silver
15950,32,4,1744.71,17.986701030927836,719,7.464916628675443,2.9437387883494135,6.579251212010101,0,1,Loyal,0.1547,Low,1220.62,Gold
15951,9,2,708.22,17.273658536585366,313,6.56416577459204,2.905460598650801,5.749392985908253,0,1,Loyal,0.3741,Low,585.85,Silver
15952,34,4,781.91,9.30845238095238,391,6.663017746855669,2.3329641782214328,5.971261839790462,0,1,Loyal,0.1614,Low,819.12,Gold
15953,15,8,1657.28,17.085360824742267,891,7.413536199603394,2.895102816808142,6.79346613258001,0,2,High-Value,0.0643,Low,1623.39,Platinum
15955,24,14,4416.26,24.13256830601093,2135,8.393274873346142,3.224164547129652,7.666690200080086,0,2,High-Value,0.0028,Low,4418.46,Platinum
15957,32,1,428.89,10.211666666666666,211,6.063529362008149,2.4169549028094592,5.356586274672012,0,1,Loyal,0.4335,Medium,335.32,Silver
15958,74,1,104.35,14.907142857142857,33,4.6572881402501976,2.7667682446480635,3.5263605246161616,0,1,Loyal,0.7171,High,103.85,Bronze
15963,20,2,470.76,16.812857142857144,298,6.156470381692249,2.8799205079531816,5.700443573390687,0,1,Loyal,0.3688,Low,525.86,Silver
15965,17,4,808.87,7.287117117117117,434,6.696873740958812,2.114702154398526,6.075346031088684,0,1,Loyal,0.0898,Low,816.66,Gold
15967,23,2,397.68,4.971,205,5.988159090099256,1.7869144175648557,5.327876168789581,0,1,Loyal,0.3894,Low,362.33,Silver
15969,3,3,666.1,33.305,124,6.502939959715469,3.535291116142854,4.8283137373023015,0,1,Loyal,0.2679,Low,440.72,Silver
15970,304,1,314.1,28.55454545454546,116,5.752890048763229,3.386237554511489,4.762173934797756,1,0,At-Risk,0.6386,Medium,272.65,Bronze
15971,18,12,4199.85,119.9957142857143,1717,8.343042164747578,4.795755125843141,7.4489161025442,0,2,High-Value,0.0576,Low,4470.2,Platinum
15973,367,1,307.82000000000005,76.95500000000001,106,5.732758582892719,4.356131737128515,4.672828834461906,1,0,At-Risk,0.6798,Medium,259.8,Bronze
15974,39,7,3442.15,19.557670454545455,2262,8.14414202904651,3.0232341294274905,7.724446645633537,0,2,High-Value,0.0201,Low,3768.43,Platinum
15975,84,1,371.01,15.45875,243,5.91892073563227,2.8008572506884164,5.497168225293202,0,1,Loyal,0.4502,Medium,354.37,Silver
15976,165,2,427.64,4.454583333333333,275,6.0606174057962985,1.696456233844062,5.62040086571715,1,0,At-Risk,0.3942,Low,443.65,Silver
15977,17,2,1054.73,16.226615384615386,1016,6.961987749755856,2.846455593902544,6.92461239604856,0,1,Loyal,0.2134,Low,1505.22,Gold
15978,77,1,1098.78,22.42408163265306,888,7.002865438783795,3.153764622773386,6.790097235513905,0,1,Loyal,0.3109,Low,1171.07,Gold
15980,89,3,2398.86,55.78744186046512,1560,7.783165681301249,4.039315207276327,7.353081920515432,0,1,Loyal,0.2734,Low,2322.75,Platinum
15981,25,8,3408.48,35.13896907216495,1866,8.134315065980752,3.587371758807153,7.532088143541722,0,2,High-Value,0.0235,Low,3231.13,Platinum
15983,22,4,1465.12,13.081428571428573,886,7.29037473448544,2.6448568066220344,6.787844982309579,0,1,Loyal,0.1936,Low,1277.1,Gold
15984,3,10,2780.63,10.777635658914727,1815,7.930792365795113,2.4662024500071253,7.504391559161238,0,2,High-Value,0.0116,Low,2807.31,Platinum
15985,123,2,1142.42,30.876216216216218,1086,7.04177905036834,3.461860158553538,6.99117688712121,1,1,Loyal,0.3146,Low,1572.15,Gold
15986,30,1,168.12,12.008571428571427,268,5.1306085221219275,2.565608480851323,5.594711379601839,0,1,Loyal,0.3515,Low,276.07,Bronze
15987,12,7,1432.77,11.193515625,1533,7.268062617779592,2.5009043042922077,7.335633981927201,0,1,Loyal,0.0499,Low,2030.09,Platinum
15988,19,1,156.78,6.03,180,5.061201657666944,1.9501867058225737,5.198497031265826,0,1,Loyal,0.3264,Low,192.94,Bronze
15990,44,2,792.11,15.232884615384616,443,6.675961925760257,2.7870390992756393,6.095824562432225,0,1,Loyal,0.2684,Low,681.8,Gold
15992,4,1,41.989999999999995,13.996666666666664,17,3.76096753050819,2.707827954184971,2.8903717578961645,0,1,Loyal,0.6398,Medium,60.51,Bronze
15993,9,7,2777.67,5.115414364640884,2037,7.929727674940442,1.8108125288451749,7.61972421378267,0,2,High-Value,0.0216,Low,2926.62,Platinum
15994,55,1,414.27,12.9459375,173,6.028928911090341,2.6351882472169996,5.159055299214529,0,1,Loyal,0.4391,Medium,229.68,Bronze
15996,88,6,1032.58,8.130551181102362,380,6.940783782995926,2.211626063113508,5.942799375126701,0,1,Loyal,0.1372,Low,977.36,Gold
15998,37,5,3080.22,6.111547619047618,2032,8.033080901435286,1.9617198880681077,7.617267813628347,0,2,High-Value,0.031,Low,3002.23,Platinum
16000,3,3,12393.7,1377.0777777777778,5110,9.4250242408686,7.228444892490058,8.53915035876828,0,2,High-Value,0.1406,Low,9158.81,Platinum
16003,30,5,2735.37,26.556990291262135,1185,7.914387503517288,3.316256234494932,7.078341579557671,0,2,High-Value,0.086,Low,2166.22,Platinum
16005,12,4,578.71,2.8791542288557217,280,6.3625279784987825,1.3556171476199177,5.638354669333745,0,1,Loyal,0.1643,Low,576.11,Silver
16006,211,1,101.4,12.675,84,4.628886712605407,2.615569348308045,4.442651256490317,1,0,At-Risk,0.7124,High,122.31,Bronze
16007,48,4,1693.81,4.445695538057743,1388,7.435325919136224,1.6948254870805912,7.236339342754344,0,1,Loyal,0.2118,Low,1728.06,Platinum
16008,24,3,478.78,14.508484848484848,323,6.173327665501776,2.741387283730901,5.780743515792329,0,1,Loyal,0.2316,Low,551.09,Silver
16009,22,4,972.11,11.855,366,6.880497128211273,2.553732840717853,5.905361848054571,0,1,Loyal,0.1771,Low,789.18,Gold
16010,246,3,392.4,4.9670886075949365,202,5.974826905954958,1.7862591380350092,5.313205979041787,1,0,At-Risk,0.4468,Medium,370.81,Silver
16011,8,16,3352.96,15.966476190476191,2035,8.1178970162536,2.831239408330823,7.618742377670413,0,2,High-Value,0.009,Low,3846.18,Platinum
16012,35,3,1415.29,15.05627659574468,799,7.255796055544432,2.7760998382854085,6.684611727667927,0,1,Loyal,0.1894,Low,1169.28,Gold
16013,4,47,37130.6,267.126618705036,15536,10.52222363808218,5.591459326792397,9.650979555092,0,2,High-Value,0.0542,Low,30594.01,Platinum
16014,38,3,646.83,4.687173913043479,258,6.473628316254615,1.7382134486630365,5.556828061699537,0,1,Loyal,0.1048,Low,468.22,Silver
16015,4,3,704.55,3.892541436464088,907,6.55897764050377,1.5877118896368154,6.811244378601294,0,1,Loyal,0.1098,Low,878.46,Gold
16016,3,8,1465.51,6.542455357142857,602,7.290640707350956,2.0205477731927086,6.401917196727186,0,2,High-Value,0.0386,Low,1347.9,Gold
16017,47,1,211.88,6.62125,102,5.360728626669434,2.030940398239889,4.634728988229636,0,1,Loyal,0.6053,Medium,169.51,Bronze
16018,39,2,408.9,14.60357142857143,190,6.015913227510292,2.7474998257821865,5.25227342804663,0,1,Loyal,0.3343,Low,313.07,Silver
16019,47,9,3786.24,23.664,1733,8.239392800596635,3.2053446905838494,7.458186157340487,0,2,High-Value,0.0909,Low,3386.54,Platinum
16020,17,3,851.01,18.500217391304343,487,6.747598263849638,2.9704256137795775,6.1903154058531475,0,1,Loyal,0.2453,Low,902.97,Gold
16022,260,1,602.63,8.48774647887324,255,6.402961427447865,2.250001121712169,5.545177444479562,1,0,At-Risk,0.4796,Medium,292.96,Bronze
16023,46,3,719.81,7.126831683168317,358,6.58037557967181,2.0951711407368983,5.883322388488279,0,1,Loyal,0.1103,Low,623.02,Silver
16024,12,1,251.03,3.9846031746031745,397,5.5295481280448655,1.6063537963542056,5.986452005284438,0,1,Loyal,0.352,Low,329.33,Silver
16025,30,1,439.66,15.702142857142857,338,6.0882736030360425,2.8155370259900434,5.82600010738045,0,1,Loyal,0.405,Medium,420.37,Silver
16026,43,1,236.09,7.3778125,243,5.468439815884993,2.1255868422314363,5.497168225293202,0,1,Loyal,0.3554,Low,292.25,Bronze
16027,92,6,934.62,58.41375,1147,6.841209411138237,4.0845256810623765,7.045776576879511,1,1,Loyal,0.3638,Low,1431.43,Gold
16029,39,63,80850.84,335.4806639004149,40108,11.300373622940477,5.818540685027856,10.59935602701476,0,2,High-Value,0.0344,Low,52279.41,Platinum
16030,310,1,331.24,11.422068965517242,283,5.805857599322498,2.5194746460068425,5.648974238161206,1,0,At-Risk,0.5132,Medium,303.3,Silver
16031,92,2,547.9,5.590816326530612,421,6.3079162755558436,1.885677214367855,6.045005314036012,1,1,Loyal,0.2796,Low,571.65,Silver
16033,6,20,8778.82,7.782641843971631,3529,9.080211185280058,2.172777255778534,8.169053149927343,0,2,High-Value,0.0009,Low,6328.78,Platinum
16034,196,3,437.7,19.895454545454545,242,6.083815808172168,3.0395316494538664,5.493061443340548,1,0,At-Risk,0.5116,Medium,481.64,Silver
16036,87,2,758.92,13.798545454545454,716,6.633213164581927,2.694528895841984,6.57507584059962,0,1,Loyal,0.2444,Low,752.53,Gold
16037,270,3,855.02,21.923589743589744,428,6.752293740354778,3.1321665001582857,6.061456918928017,1,0,At-Risk,0.2614,Low,886.51,Gold
16038,8,3,471.78,18.145384615384614,244,6.158630164012735,2.952061674327079,5.501258210544727,0,1,Loyal,0.4314,Medium,466.44,Silver
16040,65,3,1313.55,20.20846153846154,684,7.181249680723068,3.0544002312198204,6.529418838262226,0,1,Loyal,0.2664,Low,1129.77,Gold
16041,31,3,3166.4,527.7333333333333,1584,8.060666341057626,6.2704842089811095,7.368339686311381,0,2,High-Value,0.1973,Low,2249.18,Platinum
16042,22,5,1177.47,16.821,743,7.071972265963926,2.880377537190962,6.612041034833092,0,1,Loyal,0.1153,Low,1239.23,Gold
16043,38,4,773.99,19.84589743589743,503,6.652850126044293,3.037157163219516,6.222576268071369,0,1,Loyal,0.1902,Low,988.79,Gold
16045,120,4,1340.7,16.15301204819277,897,7.201692745596426,2.842173787823102,6.8001700683022,1,1,Loyal,0.2275,Low,1403.23,Gold
16048,373,2,256.44,32.055,144,5.550786683244073,3.4981728407855415,4.976733742420574,1,0,At-Risk,0.5661,Medium,303.5,Silver
16049,40,3,1074.81,3.5946822742474915,763,6.980829145204009,1.5248996074425267,6.638567789166521,0,1,Loyal,0.0875,Low,1029.07,Gold
16050,174,1,137.9,13.79,278,4.933754249760298,2.6939512767227085,5.631211781821365,1,0,At-Risk,0.4976,Medium,231.15,Bronze
16052,54,1,362.06,10.648823529411764,282,5.894568109862285,2.455205190312573,5.645446897643238,0,1,Loyal,0.4349,Medium,298.6,Bronze
16053,33,2,1511.95,17.999404761904763,1793,7.321816666315659,2.9444076503548966,7.492203042618741,0,1,Loyal,0.2534,Low,1802.1,Platinum
16054,145,1,783.9,11.198571428571428,380,6.665556321132768,2.5013188488642015,5.942799375126701,1,1,Loyal,0.4258,Medium,478.11,Silver
16055,221,1,134.8,16.85,22,4.911183215124596,2.8820035082256483,3.1354942159291497,1,0,At-Risk,0.7154,High,107.34,Bronze
16056,45,1,650.75,9.859848484848484,345,6.479661052813611,2.385072362737054,5.846438775057725,0,1,Loyal,0.3607,Low,444.17,Silver
16057,16,7,2263.12,18.703471074380165,863,7.724941441452005,2.980794816892177,6.761572768804055,0,2,High-Value,0.0389,Low,1712.17,Platinum
16059,66,6,1453.16,8.163820224719101,641,7.282183693304844,2.2152631468430717,6.464588303689961,0,1,Loyal,0.0803,Low,1313.09,Gold
16062,10,4,1153.62,18.0253125,800,7.051526564493091,2.945770329368433,6.68586094706836,0,1,Loyal,0.1532,Low,1232.92,Gold
16063,260,1,335.32,14.57913043478261,262,5.818063087688587,2.745932225969895,5.572154032177765,1,0,At-Risk,0.4722,Medium,294.88,Bronze
16065,365,1,367.14,5.02931506849315,228,5.908463300604576,1.7966334169729978,5.43372200355424,1,0,At-Risk,0.4418,Medium,321.78,Silver
16066,17,5,1521.04,15.05980198019802,935,7.327806819285222,2.7763193784424773,6.841615476477592,0,1,Loyal,0.1056,Low,1356.5,Gold
16070,22,2,852.15,25.82272727272727,457,6.748935381973274,3.2892495607048073,6.126869184114185,0,1,Loyal,0.3416,Low,854.9,Gold
16071,45,1,326.24,15.535238095238096,180,5.790693846645498,2.805493745800184,5.198497031265826,0,1,Loyal,0.4378,Medium,273.66,Bronze
16072,288,1,584.3199999999999,25.405217391304344,140,6.3721587062242255,3.273561619084837,4.948759890378168,1,0,At-Risk,0.6101,Medium,306.17,Silver
16073,297,1,122.4,122.4,48,4.815431111471288,4.815431111471288,3.8918202981106265,1,0,At-Risk,0.6799,Medium,164.67,Bronze
16076,3,10,2234.73,17.323488372093024,1435,7.712323075642278,2.9081837544435234,7.269616749608169,0,2,High-Value,0.0358,Low,2431.15,Platinum
16078,284,1,79.2,79.2,16,4.384523514872469,4.384523514872469,2.833213344056216,1,0,At-Risk,0.9237,High,111.92,Bronze
16079,17,3,1352.0,64.38095238095238,864,7.210079628170788,4.180230968044548,6.762729506931879,0,1,Loyal,0.2808,Low,1633.91,Platinum
16080,82,2,217.16,21.716,128,5.385228738537333,3.1230695220151863,4.859812404361672,0,1,Loyal,0.415,Medium,306.48,Silver
16081,56,5,2799.42,12.553452914798209,1473,7.93752468491442,2.606641342523041,7.295735072749282,0,2,High-Value,0.0793,Low,2147.31,Platinum
16083,101,2,1317.62,42.50387096774193,908,7.184341014166175,3.772849921899645,6.812345094177479,1,1,Loyal,0.3912,Low,1239.3,Gold
16084,299,1,436.18,11.47842105263158,216,6.0803450096018565,2.524000836718553,5.37989735354046,1,0,At-Risk,0.4637,Medium,305.49,Silver
16085,23,5,981.51,5.877305389221557,636,6.890110521808668,1.9282269166836343,6.456769655572163,0,1,Loyal,0.0913,Low,1236.1,Gold
16086,59,5,1121.39,28.753589743589743,511,7.023215619268875,3.3929497883624418,6.238324625039508,0,1,Loyal,0.1488,Low,1181.17,Gold
16091,155,2,315.06,17.503333333333334,154,5.755932068980957,2.91795089603396,5.043425116919247,1,0,At-Risk,0.5384,Medium,364.34,Silver
16092,115,3,817.86,16.036470588235293,628,6.707913129070193,2.8353563748442405,6.444131256700441,1,1,Loyal,0.2697,Low,1032.45,Gold
16093,107,1,17.0,17.0,20,2.8903717578961645,2.8903717578961645,3.044522437723423,1,0,At-Risk,0.6885,Medium,46.82,Bronze
16094,12,4,1078.23,17.114761904761906,647,6.984003102876341,2.8967271807200565,6.473890696352274,0,1,Loyal,0.1723,Low,1130.23,Gold
16096,264,1,320.62,26.718333333333337,155,5.773370724425878,3.3220940474539935,5.049856007249537,1,0,At-Risk,0.6323,Medium,334.99,Silver
16097,240,1,185.05,18.505,87,5.226015454792631,2.97067084295862,4.477336814478207,1,0,At-Risk,0.6535,Medium,224.87,Bronze
16098,88,7,2005.63,29.934776119402983,613,7.604211977042565,3.4318809918273954,6.419994928147142,0,2,High-Value,0.0708,Low,1418.44,Gold
16099,50,3,731.9,18.766666666666666,434,6.597009266931805,2.98399701733557,6.075346031088684,0,1,Loyal,0.2823,Low,802.92,Gold
16101,71,1,1290.7,16.982894736842105,757,7.16371445923797,2.889421013684424,6.630683385642372,0,1,Loyal,0.3483,Low,1197.62,Gold
16102,42,3,1842.14,32.31824561403509,942,7.519225917888408,3.50610516327244,6.849066282633458,0,1,Loyal,0.2012,Low,1269.9,Gold
16103,7,6,1429.64,29.784166666666668,558,7.265877175579781,3.427000488536554,6.326149473155099,0,1,Loyal,0.1337,Low,1268.66,Gold
16104,62,1,298.21,10.650357142857144,122,5.701145668001697,2.4553368355810625,4.812184355372417,0,1,Loyal,0.6359,Medium,162.82,Bronze
16105,249,1,336.96,25.92,330,5.822927545284644,3.292869504776527,5.802118375377063,1,0,At-Risk,0.5964,Medium,410.58,Silver
16106,66,1,108.38,18.063333333333333,74,4.694828057918627,2.947766769259115,4.31748811353631,0,1,Loyal,0.589,Medium,170.25,Bronze
16107,18,7,3204.1600000000003,103.36,1176,8.072517290105589,4.647846460268528,7.0707241072602764,0,2,High-Value,0.0628,Low,2788.08,Platinum
16108,85,1,842.5,17.552083333333332,615,6.737559901986023,2.9205820918218253,6.423246963533519,0,1,Loyal,0.3516,Low,949.35,Gold
16109,219,2,611.88,33.99333333333333,612,6.418169158208565,3.555157567156044,6.418364935936212,1,0,At-Risk,0.4899,Medium,825.62,Gold
16110,45,3,1320.95,3.8624269005847953,720,7.186863198213779,1.5815376755328068,6.580639137284949,0,1,Loyal,0.086,Low,984.45,Gold
16112,143,4,195.74,12.23375,574,5.281883060084612,2.5827703846754524,6.354370040797351,1,0,At-Risk,0.6163,Medium,374.48,Silver
16113,183,1,161.38,5.379333333333333,176,5.089939267434301,1.8530635986889616,5.176149732573829,1,0,At-Risk,0.3179,Low,201.45,Bronze
16114,171,1,135.75000000000003,16.968750000000004,43,4.918154441302091,2.888634137997624,3.784189633918261,1,0,At-Risk,0.6617,Medium,128.59,Bronze
16115,10,8,1660.88,5.952974910394265,994,7.415704770642627,1.939169612652764,6.902742737158593,0,2,High-Value,0.0339,Low,1591.77,Gold
16116,212,1,612.78,18.02294117647059,248,6.419636557751217,2.9456456811492195,5.517452896464707,1,0,At-Risk,0.4891,Medium,430.8,Silver
16117,190,1,232.21,7.740333333333334,130,5.451939335203601,2.167948327765502,4.875197323201151,1,0,At-Risk,0.7026,High,215.6,Bronze
16119,8,2,423.36,26.46,240,6.050582151591071,3.312730400339825,5.484796933490655,0,1,Loyal,0.4272,Medium,456.97,Silver
16120,59,4,1309.14,43.638000000000005,878,7.1778892807139885,3.7985855142019935,6.778784897685177,0,1,Loyal,0.1642,Low,1396.67,Gold
16121,57,2,854.66,4.189509803921569,576,6.751873100976731,1.6466392426056535,6.3578422665081,0,1,Loyal,0.1916,Low,675.87,Gold
16122,73,4,684.4200000000001,18.01105263157895,1128,6.530031789055632,2.9450205274859553,7.029087564149662,0,1,Loyal,0.1822,Low,1223.09,Gold
16123,52,1,307.78,19.23625,170,5.732629049213781,3.007475550573578,5.14166355650266,0,1,Loyal,0.4957,Medium,331.85,Silver
16124,317,1,249.0,22.636363636363637,48,5.521460917862246,3.162786358217158,3.8918202981106265,1,0,At-Risk,0.5963,Medium,153.05,Bronze
16125,367,1,289.35,22.25769230769231,124,5.671087091818059,3.1466359292576853,4.8283137373023015,1,0,At-Risk,0.6641,Medium,287.03,Bronze
16126,29,4,6287.77,53.741623931623934,2125,8.74652078208272,4.002624369442573,7.661997558901893,0,2,High-Value,0.1458,Low,4110.35,Platinum
16127,39,1,656.25,16.40625,323,6.488064463609991,2.8568293371275573,5.780743515792329,0,1,Loyal,0.4612,Medium,521.58,Silver
16128,18,5,1880.22,21.126067415730336,988,7.53967578152618,3.0967564345090235,6.8966943316227125,0,1,Loyal,0.0804,Low,1838.45,Platinum
16131,52,6,3506.54,44.95564102564102,1802,8.162670216045587,3.827676605698555,7.497207223203318,0,2,High-Value,0.0575,Low,2998.8,Platinum
16133,4,33,14589.04,43.16284023668639,8887,9.588094383116912,3.7878837168545423,9.092457331319466,0,2,High-Value,0.0015,Low,14830.22,Platinum
16134,22,2,618.09,17.659714285714287,371,6.428250657915328,2.9263668837111,5.918893854273146,0,1,Loyal,0.3378,Low,648.61,Silver
16135,263,1,517.55,24.645238095238092,209,6.251036455035743,3.244357905073356,5.3471075307174685,1,0,At-Risk,0.4993,Medium,399.62,Silver
16136,60,3,709.38,19.172432432432434,440,6.5658000381285,3.0043169412458797,6.089044875446846,0,1,Loyal,0.2734,Low,814.2,Gold
16139,19,3,635.41,20.497096774193547,330,6.455843009727984,3.0679178922572987,5.802118375377063,0,1,Loyal,0.3535,Low,666.74,Gold
16140,66,2,725.18,20.71942857142857,730,6.587797917978567,3.0782071858535622,6.594413459749778,0,1,Loyal,0.2953,Low,1067.51,Gold
16141,88,1,620.4,20.68,238,6.431974996958947,3.0763901765714454,5.476463551931511,0,1,Loyal,0.4593,Medium,458.81,Silver
16142,250,1,535.34,14.46864864864865,422,6.284768288327816,2.738815307740947,6.0473721790462776,1,0,At-Risk,0.4093,Medium,469.49,Silver
16143,3,6,2424.94,20.725982905982907,919,7.793974357128903,3.078508913211236,6.824373670043086,0,2,High-Value,0.0958,Low,1947.21,Platinum
16144,247,1,175.2,175.2,16,5.171619713502079,5.171619713502079,2.833213344056216,1,0,At-Risk,0.8567,High,176.68,Bronze
16145,9,11,3799.49,16.96200892857143,3123,8.242885284769901,2.888258912329774,8.046869510959576,0,2,High-Value,0.0152,Low,4210.66,Platinum
16146,157,3,734.13,25.314827586206896,427,6.600047354321349,3.2701325668635826,6.059123195581797,1,1,Loyal,0.3471,Low,877.18,Gold
16147,134,1,375.0,17.045454545454547,246,5.929589143389895,2.8928938273288747,5.5093883366279774,1,1,Loyal,0.5098,Medium,396.38,Silver
16148,296,1,76.32000000000001,76.32000000000001,72,4.34795265434013,4.34795265434013,4.290459441148391,1,0,At-Risk,0.797,High,103.5,Bronze
16149,5,2,280.52,15.584444444444443,308,5.640203493013329,2.808465174367022,5.733341276897746,0,1,Loyal,0.2806,Low,442.79,Silver
16150,43,5,2053.02,17.547179487179488,1047,7.627554127539443,2.9203177282841386,6.954638864880987,0,2,High-Value,0.088,Low,1783.34,Platinum
16152,269,1,1829.04,63.07034482758621,642,7.512093103520083,4.15998161768087,6.466144724237619,1,0,At-Risk,0.5897,Medium,1396.5,Gold
16153,50,5,1824.23,20.496966292134832,1073,7.509461285473067,3.0679118224862925,6.97914527506881,0,1,Loyal,0.0833,Low,1973.98,Platinum
16156,9,9,3092.04,24.1565625,1273,8.03690970502951,3.2251187969019286,7.149916836132109,0,2,High-Value,0.034,Low,2597.14,Platinum
16157,16,3,656.69,36.482777777777784,347,6.488733695691184,3.623881568225273,5.8522024797744745,0,1,Loyal,0.2995,Low,798.71,Gold
16159,282,1,348.2,24.87142857142857,236,5.855644823965447,3.253139215834054,5.4680601411351315,1,0,At-Risk,0.5509,Medium,421.55,Silver
16160,65,2,1025.44,51.272000000000006,1162,6.933851783703411,3.9564608548587143,7.0587581525186645,0,1,Loyal,0.2661,Low,1745.21,Platinum
16161,2,19,5533.67,11.748768577494692,2583,8.618787222769154,2.545434684782799,7.857093864902493,0,2,High-Value,0.001,Low,4836.64,Platinum
16162,252,1,37.4,18.7,4,3.648057459593681,2.9806186357439426,1.6094379124341005,1,0,At-Risk,0.7863,High,36.49,Bronze
16163,232,2,856.6,142.76666666666668,192,6.754137790316538,4.968191614985688,5.262690188904886,1,0,At-Risk,0.6332,Medium,700.32,Gold
16164,17,3,822.48,24.19058823529412,433,6.713539262741108,3.22647044202891,6.073044534100405,0,1,Loyal,0.2502,Low,872.94,Gold
16168,11,27,3787.6,38.648979591836735,1892,8.239751836694179,3.680065212360963,7.545918151209323,0,2,High-Value,0.0205,Low,4716.82,Platinum
16169,8,4,1822.97,21.44670588235294,1325,7.5087707231305965,3.111143872123863,7.189922170745808,0,1,Loyal,0.1113,Low,2101.71,Platinum
16170,51,6,1885.05,15.0804,1770,7.542239973976665,2.7776011390633175,7.479299637782834,0,2,High-Value,0.0517,Low,1976.04,Platinum
16171,59,1,73.2,24.4,24,4.3067641501733345,3.234749174024491,3.218875824868201,0,1,Loyal,0.6116,Medium,93.85,Bronze
16172,95,5,1140.21,16.524782608695652,787,7.039844382006876,2.8636160282043805,6.669498089857879,1,1,Loyal,0.1869,Low,1337.09,Gold
16173,16,6,1418.32,16.884761904761906,575,7.257933162659462,2.8839490600566373,6.3561076606958915,0,1,Loyal,0.1367,Low,1200.35,Gold
16174,126,3,1009.55,43.89347826086957,651,6.918250016074778,3.8042925338836513,6.480044561926653,1,1,Loyal,0.3089,Low,1128.49,Gold
16175,94,4,1037.59,17.889482758620687,533,6.945619303018016,2.9386052993820826,6.280395838960195,1,1,Loyal,0.226,Low,1002.89,Gold
16177,50,1,331.95,22.13,95,5.807992328556631,3.141130476243348,4.564348191467836,0,1,Loyal,0.635,Medium,213.5,Bronze
16178,138,1,197.9,24.7375,94,5.292802185859927,3.247949072353908,4.553876891600541,1,0,At-Risk,0.6494,Medium,186.56,Bronze
16179,61,1,215.83,19.62090909090909,99,5.379113636376126,3.026305565439918,4.605170185988092,0,1,Loyal,0.5859,Medium,209.05,Bronze
16180,100,8,10254.18,63.29740740740741,5867,9.235538222765896,4.16351931017264,8.677269139262872,1,2,High-Value,0.2778,Low,10160.94,Platinum
16181,73,1,305.54,27.776363636363637,152,5.725348252570762,3.3595543431067667,5.030437921392435,0,1,Loyal,0.6242,Medium,313.77,Silver
16182,72,4,6617.65,236.34464285714284,3791,8.797646700642568,5.469513274096483,8.240648863374913,0,2,High-Value,0.0901,Low,5884.02,Platinum
16183,67,1,338.71000000000004,22.58066666666667,113,5.828092312472438,3.1604271672569206,4.736198448394496,0,1,Loyal,0.625,Medium,285.96,Bronze
16184,64,6,1158.79,25.750888888888888,561,7.055994233228931,3.2865677022811015,6.331501849893691,0,1,Loyal,0.1472,Low,1210.6,Gold
16185,17,2,529.41,17.07774193548387,260,6.273650292389248,2.894681454215356,5.564520407322694,0,1,Loyal,0.3561,Low,482.75,Silver
16186,23,12,4006.94,18.38045871559633,3020,8.296032672592768,2.9642652757179153,8.013343181386672,0,2,High-Value,0.0051,Low,4671.41,Platinum
16187,32,15,6911.4400000000005,23.428610169491527,5048,8.841077965865253,3.195754993331707,8.526945482858915,0,2,High-Value,0.0009,Low,7955.68,Platinum
16188,45,4,981.86,14.65462686567164,782,6.890466688844595,2.7507665196601816,6.663132695990803,0,1,Loyal,0.1388,Low,1159.59,Gold
16189,16,2,215.48,19.58909090909091,134,5.3774981644224775,3.0247613680052736,4.90527477843843,0,1,Loyal,0.4615,Medium,305.14,Silver
16190,40,1,215.08,35.84666666666667,88,5.37564870948436,3.6067651577370072,4.48863636973214,0,1,Loyal,0.5843,Medium,209.84,Bronze
16191,3,13,5180.52,38.66059701492538,3351,8.552853728502956,3.680358176304759,8.117312461601975,0,2,High-Value,0.0023,Low,5539.49,Platinum
16193,237,1,314.45,16.55,219,5.754000190816819,2.865053949911875,5.393627546352362,1,0,At-Risk,0.5107,Medium,380.89,Silver
16198,75,1,400.681,26.71206666666667,129,5.995658241267267,3.321867938073821,4.867534450455582,0,1,Loyal,0.5472,Medium,310.99,Silver
16200,4,2,1068.87,6.21436046511628,516,6.975292424747694,1.9760735486735872,6.248042874508429,0,1,Loyal,0.2586,Low,700.76,Gold
16201,3,4,1863.47,16.78801801801802,1286,7.530732109384843,2.878525085579015,7.160069207596127,0,1,Loyal,0.0931,Low,1868.91,Platinum
16202,361,1,365.27,20.292777777777776,191,5.903370766348874,3.0583679437518203,5.2574953720277815,1,0,At-Risk,0.4894,Medium,329.69,Silver
16203,59,4,592.9,16.939999999999998,262,6.386710955021814,2.88703285663065,5.572154032177765,0,1,Loyal,0.2981,Low,580.89,Silver
16204,23,1,384.18,7.6836,218,5.953710757496066,2.161436189232463,5.389071729816501,0,1,Loyal,0.3611,Low,333.13,Silver
16205,31,4,757.63,7.810618556701031,516,6.631514175005942,2.1759576482326946,6.248042874508429,0,1,Loyal,0.1281,Low,968.61,Gold
16206,55,4,537.0600000000001,8.524761904761906,272,6.287970078106996,2.253894923824947,5.60947179518496,0,1,Loyal,0.3365,Low,617.07,Silver
16207,25,1,394.38,20.756842105263157,140,5.979847327767791,3.0799282876172493,4.948759890378168,0,1,Loyal,0.5342,Medium,293.56,Bronze
16208,45,2,664.26,10.064545454545454,333,6.500177941687698,2.403745893088095,5.811140992976701,0,1,Loyal,0.2458,Low,481.65,Silver
16209,89,5,2262.62,49.18739130434783,1179,7.724720580712637,3.915763825913309,7.07326971745971,0,2,High-Value,0.0989,Low,1894.97,Platinum
16210,2,18,21086.3,171.43333333333334,7559,9.956426242517606,5.15001068834136,8.930626469173578,0,2,High-Value,0.0033,Low,16968.95,Platinum
16211,89,1,547.02,23.783478260869565,154,6.306311782632405,3.210177232003185,5.043425116919247,0,1,Loyal,0.5207,Medium,348.54,Silver
16212,19,2,690.34,16.837560975609758,244,6.538631743276411,2.8813064011914924,5.501258210544727,0,1,Loyal,0.3141,Low,514.68,Silver
16213,79,1,159.0,26.5,48,5.075173815233827,3.3141860046725258,3.8918202981106265,0,1,Loyal,0.5993,Medium,177.24,Bronze
16214,171,3,1062.75,24.15340909090909,420,6.969555679887584,3.224993437693989,6.042632833682381,1,1,Loyal,0.2463,Low,877.63,Gold
16215,81,1,242.35,17.310714285714287,104,5.494500736279464,2.907486368614451,4.653960350157523,0,1,Loyal,0.6402,Medium,216.52,Bronze
16216,267,1,914.93,24.72783783783784,254,6.81993994254006,3.2475735900319567,5.541263545158426,1,0,At-Risk,0.4569,Medium,470.02,Silver
16217,235,2,304.25,20.283333333333335,91,5.721131112990814,3.0579242938104385,4.5217885770490405,1,0,At-Risk,0.528,Medium,290.79,Bronze
16218,30,7,3084.68,36.72238095238095,2088,8.034527333444103,3.6302535775223927,7.644440761556566,0,2,High-Value,0.0197,Low,3625.17,Platinum
16221,37,3,860.86,9.061684210526316,714,6.759092844480235,2.308734567212318,6.5722825426940075,0,1,Loyal,0.1268,Low,1013.63,Gold
16222,318,1,773.5500000000001,6.340573770491804,325,6.652282215552372,1.993417009938011,5.786897381366708,1,0,At-Risk,0.4558,Medium,397.86,Silver
16224,57,4,1295.3,13.492708333333333,1116,7.167269331605997,2.6736456493799947,7.018401799069201,0,1,Loyal,0.1213,Low,1469.91,Gold
16225,45,5,1096.32,8.181492537313432,493,7.000626122386744,2.2171897771807565,6.202535517187923,0,1,Loyal,0.1198,Low,946.52,Gold
16226,203,3,255.12,31.89,192,5.545646084650602,3.4931686602009657,5.262690188904886,1,0,At-Risk,0.5106,Medium,366.75,Silver
16227,225,1,314.22,52.370000000000005,90,5.753270807747395,3.9772487903458535,4.51085950651685,1,0,At-Risk,0.6766,Medium,235.9,Bronze
16229,87,2,1010.6,21.50212765957447,318,6.91928851479581,3.113609867387363,5.765191102784844,0,1,Loyal,0.3548,Low,668.9,Gold
16230,190,2,542.03,15.486571428571429,365,6.297164567026571,2.802546196734684,5.902633333401366,1,0,At-Risk,0.3086,Low,629.73,Silver
16232,44,4,990.88,26.78054054054054,550,6.89960213222575,3.3243357950397225,6.311734809152915,0,1,Loyal,0.1997,Low,1061.11,Gold
16233,71,3,536.6800000000001,24.394545454545455,174,6.287263587661711,3.234534405079255,5.1647859739235145,0,1,Loyal,0.417,Medium,374.56,Silver
16235,41,5,867.31,18.854565217391304,330,6.766548793757163,2.9884339664533144,5.802118375377063,0,1,Loyal,0.15,Low,705.69,Gold
16236,78,1,432.2,21.61,184,6.071199515126835,3.1183922862898785,5.220355825078324,0,1,Loyal,0.4046,Medium,347.24,Silver
16239,57,2,414.2,21.8,228,6.028760331851679,3.126760535960395,5.43372200355424,0,1,Loyal,0.3726,Low,403.33,Silver
16240,24,2,3718.8,27.546666666666667,1641,8.221425182381026,3.351540175053372,7.403670290012373,0,2,High-Value,0.2877,Low,3072.65,Platinum
16241,10,13,2590.31,3.9546717557251903,1443,7.859918818329966,1.600330920527144,7.275172319452771,0,2,High-Value,0.0471,Low,2460.04,Platinum
16242,8,7,3579.86,12.259794520547944,1969,8.183358274009397,2.5847364884497117,7.585788821732034,0,2,High-Value,0.0203,Low,2914.7,Platinum
16243,34,2,409.1,8.02156862745098,110,6.016401032398013,2.199618224437097,4.709530201312334,0,1,Loyal,0.5503,Medium,318.36,Silver
16244,212,2,1522.75,16.733516483516482,855,7.328929680795481,2.875456435644002,6.752270376141742,1,0,At-Risk,0.4154,Medium,1293.72,Gold
16245,24,3,1413.66,15.707333333333334,1014,7.254644498519316,2.815847744793454,6.922643891475888,0,1,Loyal,0.1436,Low,1341.6,Gold
16247,170,1,114.56,7.16,182,4.749789875598035,2.0992441689760155,5.209486152841421,1,0,At-Risk,0.5508,Medium,175.96,Bronze
16248,62,1,152.94,21.84857142857143,78,5.036562916106171,3.1288885958484305,4.3694478524670215,0,1,Loyal,0.6271,Medium,172.44,Bronze
16249,53,5,1800.07,26.08797101449275,950,7.496136211716589,3.299089755340471,6.85751406254539,0,1,Loyal,0.0875,Low,1995.4,Platinum
16250,261,2,389.44,16.226666666666667,208,5.967274308306765,2.8464585708062367,5.342334251964811,1,0,At-Risk,0.3737,Low,377.07,Silver
16253,67,2,3683.86,29.95008130081301,3233,8.21198781204284,3.432375625970871,8.081475040137052,0,2,High-Value,0.3416,Low,4271.52,Platinum
16255,17,8,2619.91,9.70337037037037,1767,7.871276864694926,2.370558679754673,7.477604243197589,0,2,High-Value,0.0201,Low,2588.94,Platinum
16256,267,1,752.4300000000001,57.87923076923077,581,6.624636113950167,4.07548840995401,6.366470447731438,1,0,At-Risk,0.4572,Medium,778.25,Gold
16257,177,1,46.95,23.475,2,3.8701588013294472,3.197652188416574,1.0986122886681098,1,0,At-Risk,0.8201,High,36.86,Bronze
16258,45,5,5203.51,38.54451851851852,2994,8.557280836367838,3.677427088363525,8.00469951054955,0,2,High-Value,0.0204,Low,4295.99,Platinum
16260,51,1,1035.45,57.525000000000006,311,6.9435566914455205,4.0694540133769745,5.7430031878094825,0,1,Loyal,0.4,Low,698.49,Gold
16261,17,4,728.54,6.122184873949579,301,6.592414198536382,1.9632145426694203,5.71042701737487,0,1,Loyal,0.0926,Low,676.41,Gold
16265,9,9,5447.0,21.112403100775193,2646,8.60300384782935,3.0961386773745585,7.881182202227102,0,2,High-Value,0.0064,Low,4566.23,Platinum
16266,74,7,861.89,14.12934426229508,398,6.760287220618741,2.716636186629396,5.988961416889864,0,1,Loyal,0.1267,Low,937.93,Gold
16268,71,2,667.65,14.836666666666666,533,6.5052607543188055,2.76232792653072,6.280395838960195,0,1,Loyal,0.2684,Low,654.73,Gold
16270,353,1,1141.24,21.134074074074075,688,7.040746525754151,3.097118234456406,6.535241271013659,1,0,At-Risk,0.456,Medium,987.35,Gold
16271,3,5,1404.64,10.804923076923078,1024,7.248247994066157,2.4685166543725,6.932447891572509,0,1,Loyal,0.0795,Low,1412.52,Gold
16272,117,1,411.7,16.468,224,6.022720936758536,2.8603706356233145,5.41610040220442,1,1,Loyal,0.5188,Medium,376.03,Silver
16274,373,1,351.75,5.411538461538462,153,5.865759590732924,1.8580992517352664,5.0369526024136295,1,0,At-Risk,0.6335,Medium,243.38,Bronze
16275,197,1,559.87,16.965757575757575,336,6.329489149614112,2.8884675892147844,5.820082930352362,1,0,At-Risk,0.4665,Medium,466.9,Silver
16276,177,1,810.6000000000001,135.10000000000002,420,6.69900760795166,4.913389909657421,6.042632833682381,1,0,At-Risk,0.4806,Medium,652.76,Silver
16278,100,1,566.38,24.625217391304343,114,6.34102927325157,3.2435769209856833,4.74493212836325,1,1,Loyal,0.621,Medium,293.61,Bronze
16279,21,3,1502.78,14.177169811320754,1046,7.315737217214576,2.719792312643045,6.953684210870537,0,1,Loyal,0.1585,Low,1485.14,Gold
16281,72,1,2062.06,121.29764705882351,934,7.631945596506784,4.806457803414214,6.840546529288687,0,1,Loyal,0.3679,Low,1608.51,Gold
16282,340,1,168.3,15.3,114,5.13167228913909,2.791165107812717,4.74493212836325,1,0,At-Risk,0.6607,Medium,178.7,Bronze
16283,6,5,1570.81,9.462710843373491,1236,7.359983100544423,2.347817587906302,7.1204443723924875,0,1,Loyal,0.093,Low,1661.87,Platinum
16284,31,2,812.68,7.89009708737864,535,6.70156716831734,2.1849379704311565,6.284134161070802,0,1,Loyal,0.2154,Low,737.75,Gold
16287,170,1,142.5,17.8125,298,4.966335035199676,2.9345215425090947,5.700443573390687,1,0,At-Risk,0.5069,Medium,280.94,Bronze
16292,122,1,302.25,17.779411764705884,191,5.7145575478241595,2.932761150856433,5.2574953720277815,1,1,Loyal,0.5246,Medium,362.65,Silver
16293,22,10,2248.99,19.059237288135595,982,7.718681050744145,2.9986897602823186,6.890609120147166,0,2,High-Value,0.0341,Low,1945.37,Platinum
16295,10,4,1328.55,16.817088607594936,841,7.192595818099261,2.880158030894548,6.7357800142423265,0,1,Loyal,0.1474,Low,1242.41,Gold
16297,269,1,301.9,15.095,206,5.713402718033191,2.7785086647507713,5.332718793265369,1,0,At-Risk,0.495,Medium,308.86,Silver
16298,23,3,598.2,22.15555555555556,198,6.3955954322030095,3.1422347325429927,5.293304824724492,0,1,Loyal,0.3379,Low,470.83,Silver
16302,127,1,233.22,21.201818181818183,158,5.4562608446139915,3.1001741856065053,5.0689042022202315,1,1,Loyal,0.591,Medium,336.75,Silver
16303,26,3,5360.63,33.09030864197531,2659,8.587023312312065,3.5290131398482023,7.886081401775745,0,2,High-Value,0.1732,Low,4415.74,Platinum
16305,139,1,361.22,16.419090909090908,256,5.8922517620363895,2.857566783443237,5.54907608489522,1,1,Loyal,0.5142,Medium,389.82,Silver
16306,214,6,632.27,15.42121951219512,487,6.450896871486089,2.798574371193029,6.1903154058531475,1,0,At-Risk,0.5264,Medium,759.92,Gold
16308,38,4,2560.0,640.0,8000,7.848153086199526,6.46302945692067,8.987321812850125,0,2,High-Value,0.1524,Low,3531.5,Platinum
16309,106,2,706.57,16.823095238095238,467,6.56183656455249,2.8804951015776386,6.148468295917647,1,1,Loyal,0.3793,Low,686.45,Gold
16311,18,2,616.26,16.655675675675674,394,6.425290328985104,2.8710572997143395,5.978885764901122,0,1,Loyal,0.3235,Low,648.22,Silver
16313,3,2,274.15000000000003,17.134375000000002,165,5.617316403505768,2.897809308396836,5.111987788356544,0,1,Loyal,0.3275,Low,341.83,Silver
16315,331,1,226.37,16.169285714285714,75,5.426578646492048,2.8431220732453117,4.330733340286331,1,0,At-Risk,0.6455,Medium,198.82,Bronze
16316,64,8,2938.91,19.46298013245033,1484,7.986134247619265,3.0186174064390983,7.3031700512368,0,2,High-Value,0.0365,Low,2602.05,Platinum
16317,120,3,1341.65,19.444202898550724,890,7.202400551985058,3.01769936545817,6.792344427470809,1,1,Loyal,0.2953,Low,1279.73,Gold
16318,35,1,328.15,17.271052631578947,199,5.796513573913885,2.905317984032842,5.298317366548036,0,1,Loyal,0.51,Medium,365.66,Silver
16319,218,1,404.4,134.8,72,6.004874234017899,4.911183215124596,4.290459441148391,1,0,At-Risk,0.6508,Medium,257.15,Bronze
16320,172,2,1038.46,18.543928571428573,732,6.946456626519212,2.972664679191729,6.597145701886651,1,0,At-Risk,0.2996,Low,1119.28,Gold
16321,72,5,373.65,31.137500000000003,135,5.92599225681032,3.470023572592008,4.912654885736052,0,1,Loyal,0.2564,Low,383.83,Silver
16322,1,2,326.75,8.83108108108108,231,5.792251122643809,2.2855489058414777,5.44673737166631,0,1,Loyal,0.2553,Low,345.69,Silver
16323,196,1,207.50000000000003,207.50000000000003,50,5.339939041238856,5.339939041238856,3.9318256327243257,1,0,At-Risk,0.6365,Medium,218.5,Bronze
16324,128,3,408.59,3.680990990990991,270,6.01515665936477,1.543509837725394,5.602118820879701,1,1,Loyal,0.2729,Low,426.03,Silver
16325,47,3,594.24,33.013333333333335,194,6.38896468556185,3.526752604605501,5.272999558563747,0,1,Loyal,0.2755,Low,478.72,Silver
16326,6,14,3039.2200000000003,10.130733333333334,682,8.019685160202853,2.4097100511073513,6.52649485957079,0,2,High-Value,0.0397,Low,2439.53,Platinum
16327,14,6,3820.27,12.051324921135649,2560,8.248338107080782,2.568889655139038,7.848153086199526,0,2,High-Value,0.0242,Low,3246.08,Platinum
16330,18,3,251.91,6.4592307692307696,147,5.533033694214862,2.0094522948549183,4.997212273764115,0,1,Loyal,0.3478,Low,318.27,Silver
16332,28,7,1582.8,10.482119205298012,797,7.367582301776312,2.440790973619616,6.682108597449809,0,2,High-Value,0.0528,Low,1383.31,Gold
16333,8,22,26626.8,591.7066666666667,32184,10.189711061801596,6.384699616691842,10.379255784486716,0,2,High-Value,0.0044,Low,52049.7,Platinum
16337,37,1,151.05,15.105,87,5.024209414123374,2.779129782783162,4.477336814478207,0,1,Loyal,0.6532,Medium,140.4,Bronze
16338,157,1,214.8,19.527272727272727,94,5.374352052824034,3.021754378917191,4.553876891600541,1,0,At-Risk,0.6007,Medium,216.74,Bronze
16339,284,1,94.05,5.225,21,4.554403068934438,1.8285734423507711,3.091042453358316,1,0,At-Risk,0.7913,High,106.7,Bronze
16340,107,1,534.31,3.789432624113475,486,6.28284601833824,1.5664119543263648,6.18826412308259,1,1,Loyal,0.4065,Medium,352.33,Silver
16341,25,4,1971.87,25.6087012987013,1398,7.587244614343444,3.281238278789248,7.243512974665482,0,1,Loyal,0.1154,Low,2282.26,Platinum
16342,75,4,322.41,21.494000000000003,157,5.778920868124441,3.11324860698183,5.062595033026967,0,1,Loyal,0.3781,Low,434.04,Silver
16343,16,2,328.58,7.641395348837209,175,5.797819116582584,2.156564068484462,5.170483995038151,0,1,Loyal,0.3367,Low,316.44,Silver
16344,158,1,101.1,50.55,18,4.62595272517062,3.942552210462969,2.9444389791664403,1,0,At-Risk,0.7721,High,109.54,Bronze
16345,44,1,565.46,15.282702702702704,288,6.33940646897248,2.7901033604751757,5.666426688112432,0,1,Loyal,0.4921,Medium,391.47,Silver
16347,11,2,847.45,9.97,341,6.743411155418835,2.395164274287139,5.834810737062605,0,1,Loyal,0.2237,Low,583.69,Silver
16348,32,7,1415.65,6.376801801801802,805,7.256050208475266,1.9983401844952593,6.692083742506628,0,1,Loyal,0.0324,Low,1412.8,Gold
16349,291,1,53.5,5.944444444444445,9,3.9982007016691985,1.9379419794061368,2.302585092994046,1,0,At-Risk,0.7659,High,39.37,Bronze
16350,21,4,1116.47,19.58719298245614,545,7.018822480489789,3.0246691825792595,6.302618975744905,0,1,Loyal,0.1854,Low,1035.65,Gold
16351,333,1,153.9,19.2375,90,5.042779747422823,3.0075373190037538,4.51085950651685,1,0,At-Risk,0.6648,Medium,206.56,Bronze
16352,18,2,494.44,17.658571428571427,300,6.205446256629806,2.9263056345341165,5.707110264748875,0,1,Loyal,0.355,Low,563.76,Silver
16353,4,23,6675.71,71.0181914893617,2006,8.806380630235296,4.2769187466774685,7.604396348796338,0,2,High-Value,0.0078,Low,6494.13,Platinum
16354,63,2,395.8,10.148717948717948,150,5.983432375410718,2.411324509117408,5.017279836814924,0,1,Loyal,0.4307,Medium,314.85,Silver
16356,198,3,211.77,6.831290322580646,93,5.360211770085627,2.0581272885818693,4.543294782270004,1,0,At-Risk,0.6316,Medium,234.88,Bronze
16357,33,3,658.88,19.378823529411765,246,6.492058000307724,3.014496299406628,5.5093883366279774,0,1,Loyal,0.3002,Low,531.71,Silver
16358,1,4,2027.5,18.60091743119266,1302,7.615051882646502,2.975576372854936,7.172424577124845,0,1,Loyal,0.1338,Low,1978.19,Platinum
16359,7,9,1750.92,26.52909090909091,1183,7.468467608353334,3.3152432967818557,7.076653815443951,0,2,High-Value,0.0355,Low,2034.64,Platinum
16360,5,6,3450.41,5.425172955974842,2110,8.146538122184259,1.8602235496368424,7.65491704784832,0,2,High-Value,0.0349,Low,2950.32,Platinum
16361,10,4,891.21,8.569326923076924,418,6.793701530880624,2.2585628710245707,6.037870919922137,0,1,Loyal,0.199,Low,834.33,Gold
16362,32,5,709.99,9.220649350649351,340,6.566658365006723,2.3244101200026863,5.831882477283517,0,1,Loyal,0.2074,Low,704.88,Gold
16363,53,1,109.36,21.872000000000003,52,4.703747749349086,3.1299134550200107,3.970291913552122,0,1,Loyal,0.5388,Medium,133.35,Bronze
16364,12,2,705.79,13.572884615384616,279,6.560733592071543,2.6791625838220474,5.634789603169249,0,1,Loyal,0.2798,Low,481.2,Silver
16365,18,9,1540.42,30.2043137254902,504,7.340459348477051,3.440556345690722,6.22455842927536,0,2,High-Value,0.0889,Low,1676.43,Platinum
16366,19,1,327.3,18.183333333333337,256,5.793927824507547,2.954041846499782,5.54907608489522,0,1,Loyal,0.5046,Medium,376.95,Silver
16367,37,2,800.67,6.304488188976378,643,6.686697051867266,1.988488979637434,6.467698726104354,0,1,Loyal,0.182,Low,773.33,Gold
16368,2,2,479.91,6.955217391304348,251,6.175680142411356,2.073827989047325,5.529429087511423,0,1,Loyal,0.2852,Low,456.02,Silver
16369,18,3,1545.41,13.20863247863248,1030,7.343691394505391,2.653849700928537,6.93828448401696,0,1,Loyal,0.1501,Low,1442.49,Gold
16370,82,4,1301.91,5.890995475113122,640,7.172355503365555,1.930215555737665,6.46302945692067,0,1,Loyal,0.071,Low,1072.12,Gold
16372,33,2,355.73,3.866630434782609,158,5.876979193117597,1.5824017951107845,5.0689042022202315,0,1,Loyal,0.2493,Low,310.34,Silver
16374,66,2,466.73,4.281926605504587,237,6.14789120635657,1.664290918569122,5.472270673671475,0,1,Loyal,0.2623,Low,412.3,Silver
16376,9,2,974.96,7.991475409836066,691,6.883421601966684,2.196276951796049,6.539585955617669,0,1,Loyal,0.2569,Low,881.29,Gold
16377,267,1,676.2,135.24,1500,6.51796665025898,4.914418036354433,7.313886831633462,1,0,At-Risk,0.464,Medium,1047.25,Gold
16378,247,3,362.95,15.780434782608696,267,5.897016495564267,2.820213611466713,5.5909869805108565,1,0,At-Risk,0.3263,Low,461.46,Silver
16379,4,4,2157.4,19.975925925925928,1410,7.677122485453491,3.0433753956423937,7.252053951852814,0,2,High-Value,0.1135,Low,2402.21,Platinum
16380,61,1,1743.15,56.23064516129032,1428,7.46402260994466,4.047089509488526,7.264730177929867,0,1,Loyal,0.399,Low,1686.07,Platinum
16383,75,2,643.76,6.568979591836735,467,6.46887815452873,2.0240582620407603,6.148468295917647,0,1,Loyal,0.2188,Low,577.15,Silver
16384,90,2,584.5,17.71212121212121,260,6.372466183037772,2.929171507035652,5.564520407322694,0,1,Loyal,0.3578,Low,554.94,Silver
16385,60,3,554.86,9.73438596491228,258,6.320516463982851,2.3734522303387,5.556828061699537,0,1,Loyal,0.197,Low,480.93,Silver
16386,29,2,302.57,3.735432098765432,205,5.715612226409778,1.5550729788134916,5.327876168789581,0,1,Loyal,0.2563,Low,321.91,Silver
16387,323,1,94.36,23.59,44,4.55765920331704,3.202339856228101,3.80666248977032,1,0,At-Risk,0.5674,Medium,134.88,Bronze
16389,53,4,1382.07,40.64911764705882,1242,7.2320609449898114,3.7292801834438816,7.1252830915107115,0,1,Loyal,0.1584,Low,1762.45,Platinum
16392,270,1,217.89,5.067209302325581,201,5.388569320525063,1.8028987468529176,5.308267697401205,1,0,At-Risk,0.4551,Medium,250.83,Bronze
16393,2,13,3040.96,9.299571865443426,1573,8.020257323488867,2.332102327909878,7.3613754289773485,0,2,High-Value,0.038,Low,2888.27,Platinum
16394,57,5,1555.34,18.73903614457831,2604,7.350092189866152,2.982598205284272,7.865187954187467,0,1,Loyal,0.0698,Low,2547.48,Platinum
16395,61,5,1482.06,7.194466019417476,1472,7.301862799849515,2.1034590507583086,7.29505641646263,0,1,Loyal,0.0541,Low,1895.97,Platinum
16398,154,2,1705.8,20.80243902439024,758,7.4423755513138445,3.082021845389499,6.63200177739563,1,1,Loyal,0.5026,Medium,1283.36,Gold
16399,19,2,408.02,5.666944444444444,263,6.013764054602749,1.8971616506845164,5.575949103146316,0,1,Loyal,0.3235,Low,436.87,Silver
16400,95,1,303.93,10.480344827586206,172,5.720082242069654,2.4406364276864965,5.153291594497779,1,1,Loyal,0.4933,Medium,206.53,Bronze
16401,1,12,4098.32,22.033978494623653,3882,8.318576385278623,3.136970451610075,8.264363329731667,0,2,High-Value,0.0089,Low,5306.84,Platinum
16402,265,2,293.45,5.148245614035088,146,5.685109209390579,1.8161667751117836,4.990432586778736,1,0,At-Risk,0.5893,Medium,302.07,Bronze
16403,312,1,177.5,17.75,114,5.184588601219693,2.93119375241642,4.74493212836325,1,0,At-Risk,0.6538,Medium,252.21,Bronze
16404,70,1,443.05,19.26304347826087,157,6.095937168704513,3.0087987085780163,5.062595033026967,0,1,Loyal,0.4669,Medium,342.67,Silver
16405,302,2,167.25,33.45,187,5.125450968524837,3.539508997459668,5.236441962829949,1,0,At-Risk,0.3636,Low,320.62,Silver
16406,19,1,154.35,2.661206896551724,116,5.045680635839056,1.2977928462128607,4.762173934797756,0,1,Loyal,0.3407,Low,172.44,Bronze
16407,13,10,2079.68,12.379047619047618,1093,7.640450042344582,2.5936898727233286,6.9975959829819265,0,2,High-Value,0.0416,Low,1996.47,Platinum
16409,36,5,2022.98,8.757489177489177,1304,7.61282114893561,2.2780351109240984,7.173958319756794,0,2,High-Value,0.0825,Low,2018.01,Platinum
16411,19,2,211.7,4.8113636363636365,131,5.359882722206192,1.7598152483788798,4.882801922586371,0,1,Loyal,0.3411,Low,294.2,Bronze
16412,54,1,135.99,4.533,63,4.919907930463299,1.7107301639159729,4.1588830833596715,0,1,Loyal,0.4136,Medium,137.14,Bronze
16413,57,1,262.2,8.458064516129031,148,5.572914199451162,2.24686776552735,5.003946305945459,0,1,Loyal,0.6741,Medium,192.04,Bronze
16414,22,2,126.25,18.035714285714285,27,4.846153655430632,2.9463169139906404,3.332204510175204,0,1,Loyal,0.4418,Medium,73.43,Bronze
16415,44,1,200.27,4.2610638297872345,178,5.304647290242906,1.6603332553090249,5.187385805840755,0,1,Loyal,0.2733,Low,198.76,Bronze
16416,27,3,1051.4,14.808450704225354,672,6.958828549166138,2.760544651746936,6.511745329644728,0,1,Loyal,0.1819,Low,1019.92,Gold
16418,45,3,631.12,6.643368421052632,280,6.449079249540903,2.0338383988216897,5.638354669333745,0,1,Loyal,0.136,Low,524.42,Silver
16419,113,6,958.71,19.1742,428,6.866631155492188,3.0044045603338745,6.061456918928017,1,1,Loyal,0.2118,Low,938.56,Gold
16422,17,51,34684.4,93.99566395663958,33704,10.454074128115597,4.5538312479971985,10.42540147328754,0,2,High-Value,0.0037,Low,48586.29,Platinum
16423,25,1,346.12,19.22888888888889,230,5.849670541490095,3.007111725740923,5.442417710521793,0,1,Loyal,0.5132,Medium,338.77,Silver
16424,191,1,133.56,26.712,88,4.902010196224638,3.321865532380025,4.48863636973214,1,0,At-Risk,0.6594,Medium,194.11,Bronze
16425,302,1,302.7,14.414285714285716,199,5.716040372051703,2.7352947232087756,5.298317366548036,1,0,At-Risk,0.4732,Medium,280.19,Bronze
16426,2,10,1863.76,5.279773371104816,1215,7.530887637470042,1.8373338924252496,7.103322062526113,0,2,High-Value,0.037,Low,1986.96,Platinum
16427,263,2,241.06,26.784444444444446,156,5.489185629310458,3.3244763117306344,5.056245805348308,1,0,At-Risk,0.6157,Medium,353.77,Silver
16429,106,1,284.55,142.275,9,5.654417145110872,4.964765860437801,2.302585092994046,1,1,Loyal,0.8316,High,205.28,Bronze
16430,57,1,300.85,50.14166666666667,103,5.709930205242435,3.9345995596070513,4.6443908991413725,0,1,Loyal,0.627,Medium,239.85,Bronze
16431,213,3,623.28,8.201052631578946,442,6.436598985674353,2.2193178939859015,6.093569770045136,1,0,At-Risk,0.3524,Low,735.83,Gold
16432,64,1,287.4,35.925,276,5.664348405410794,3.6088888284174434,5.6240175061873385,0,1,Loyal,0.5418,Medium,431.09,Silver
16433,28,1,184.26,10.838823529411764,106,5.221760243825881,2.471384260448971,4.672828834461906,0,1,Loyal,0.6488,Medium,145.7,Bronze
16434,29,7,1511.8,14.128971962616822,760,7.321717517344248,2.7166115785398044,6.634633357861686,0,1,Loyal,0.0514,Low,1371.31,Gold
16438,6,5,798.35,6.04810606060606,463,6.683798897410901,1.9527589368472795,6.139884552226255,0,1,Loyal,0.1038,Low,861.16,Gold
16440,8,5,3640.67,12.91017730496454,2018,8.20019764662707,2.632620752436756,7.610357618312838,0,2,High-Value,0.0365,Low,2820.11,Platinum
16441,67,2,381.2,15.883333333333333,173,5.945944031806173,2.826326942026583,5.159055299214529,0,1,Loyal,0.3314,Low,320.91,Silver
16442,2,3,609.3,3.563157894736842,443,6.413950639550449,1.5180149046200555,6.095824562432225,0,1,Loyal,0.1658,Low,707.79,Gold
16444,46,4,654.67,7.793690476190475,407,6.485657613592114,2.174034472980948,6.0112671744041615,0,1,Loyal,0.1668,Low,758.97,Gold
16445,34,1,230.51,3.658888888888889,111,5.444623069137621,1.538776983846452,4.718498871295094,0,1,Loyal,0.3519,Low,181.57,Bronze
16446,1,2,168472.5,56157.5,80997,12.034533746376653,10.935933328941282,11.302179741991717,0,2,High-Value,0.3352,Low,145623.25,Platinum
16447,136,1,255.91,7.526764705882353,221,5.548725829010259,2.14321000536985,5.402677381872279,1,1,Loyal,0.3679,Low,286.57,Bronze
16448,198,1,182.99,9.631052631578948,76,5.214881408306002,2.363779212058859,4.343805421853684,1,0,At-Risk,0.7022,High,150.69,Bronze
16449,198,2,707.69,17.69225,367,6.563418195373777,2.9281089994544955,5.908082938168931,1,0,At-Risk,0.3971,Low,661.87,Gold
16450,150,1,311.92,28.35636363636364,200,5.74594756681688,3.3795093417284443,5.303304908059076,1,0,At-Risk,0.5838,Medium,387.34,Silver
16451,88,1,266.97,19.069285714285716,120,5.590875033946567,2.9991905724532293,4.795790545596741,0,1,Loyal,0.6217,Medium,275.15,Bronze
16454,45,2,6.9,3.45,3,2.066862759472976,1.4929040961781488,1.3862943611198906,0,1,Loyal,0.3363,Low,8.43,Bronze
16455,64,7,1841.18,18.59777777777778,988,7.518704931910683,2.9754161811238156,6.8966943316227125,0,2,High-Value,0.0374,Low,1870.03,Platinum
16456,99,5,2158.18,19.61981818181818,1147,7.677483798971011,3.02625266098535,7.045776576879511,1,1,Loyal,0.1599,Low,1848.95,Platinum
16457,218,1,208.36,23.151111111111113,140,5.34405525822189,3.184330387781873,4.948759890378168,1,0,At-Risk,0.6512,Medium,294.74,Bronze
16458,3,18,3482.74,17.241287128712873,2154,8.155861708321998,2.9036875484236564,7.675546002537848,0,2,High-Value,0.0089,Low,3901.54,Platinum
16460,28,3,811.23,6.145681818181818,876,6.699783551285148,1.966508232746747,6.776506992372183,0,1,Loyal,0.0665,Low,948.87,Gold
16461,178,1,142.92,4.46625,48,4.969257589642278,1.6985928237449932,3.8918202981106265,1,0,At-Risk,0.5726,Medium,127.74,Bronze
16462,74,3,136.0,45.333333333333336,16,4.919980925828125,3.835861644462582,2.833213344056216,0,1,Loyal,0.1985,Low,99.83,Bronze
16463,21,4,1422.4,17.346341463414635,1163,7.260803654865171,2.9094301793319284,7.059617628291383,0,1,Loyal,0.1443,Low,1693.97,Platinum
16464,20,3,1298.66,5.646347826086957,952,7.169857970780942,1.8940675047180384,6.859614903654202,0,1,Loyal,0.0902,Low,922.9,Gold
16466,34,7,1595.96,10.931232876712327,785,7.375857100938276,2.479159573327964,6.666956792429207,0,2,High-Value,0.058,Low,1406.62,Gold
16468,74,1,74.9,37.45,31,4.329416684401584,3.649358695951653,3.4657359027997265,0,1,Loyal,0.6025,Medium,103.5,Bronze
16469,24,4,625.42,3.6574269005847952,260,6.440021072647094,1.5384631283805934,5.564520407322694,0,1,Loyal,0.1229,Low,578.92,Silver
16470,52,4,752.77,4.590060975609756,522,6.625087281686058,1.7209901950877946,6.259581464064923,0,1,Loyal,0.1059,Low,883.86,Gold
16471,275,1,223.95,17.22692307692308,141,5.4158781552871815,2.902899790952061,4.955827057601261,1,0,At-Risk,0.6022,Medium,281.11,Bronze
16473,165,3,316.11,17.561666666666667,196,5.759248716840184,2.921098522176954,5.2832037287379885,1,0,At-Risk,0.3276,Low,433.01,Silver
16474,7,7,1810.65,5.372848664688427,909,7.5019933112128685,1.8520465697279789,6.813444599510896,0,2,High-Value,0.0544,Low,1476.38,Gold
16475,88,4,544.3,19.439285714285713,319,6.301336101932016,3.017458819239853,5.768320995793772,0,1,Loyal,0.2963,Low,647.79,Silver
16477,64,7,2494.46,17.085342465753424,1415,7.822228359929267,2.8951018016778196,7.255591274253665,0,2,High-Value,0.0344,Low,2366.71,Platinum
16478,25,3,331.0,19.470588235294116,224,5.805134968916488,3.0189891357182583,5.41610040220442,0,1,Loyal,0.3035,Low,424.9,Silver
16479,10,2,300.83,8.595142857142857,102,5.709863944972069,2.261257018055743,4.634728988229636,0,1,Loyal,0.5346,Medium,237.73,Bronze
16480,76,1,769.29,14.514905660377355,455,6.646767067319571,2.741801217338986,6.1224928095143865,0,1,Loyal,0.3324,Low,524.07,Silver
16482,16,1,220.62,12.256666666666668,346,5.400964203508179,2.58450057055149,5.849324779946859,0,1,Loyal,0.427,Medium,334.88,Silver
16483,192,1,139.35,7.334210526315789,44,4.9441393028078915,2.120368793818208,3.80666248977032,1,0,At-Risk,0.6999,Medium,127.54,Bronze
16484,174,2,404.3,16.172,200,6.004627533634263,2.843280150362314,5.303304908059076,1,0,At-Risk,0.3398,Low,360.07,Silver
16485,77,1,363.65,8.658333333333333,235,5.898937989430242,2.267821100557706,5.4638318050256105,0,1,Loyal,0.3968,Low,288.21,Bronze
16488,33,3,498.8,17.2,728,6.214208018400852,2.9014215940827497,6.591673732008658,0,1,Loyal,0.3684,Low,956.67,Gold
16491,47,1,731.5,18.756410256410255,478,6.596463340891223,2.983478008630524,6.171700597410915,0,1,Loyal,0.3699,Low,632.16,Silver
16493,80,4,1351.63,24.13625,1164,7.209806124401014,3.22431102735814,7.060476365999801,0,1,Loyal,0.1876,Low,1692.27,Platinum
16494,297,1,826.53,16.5306,675,6.7184453603705006,2.863947925386773,6.516193076042964,1,0,At-Risk,0.4095,Medium,974.94,Gold
16495,3,3,648.26,7.366590909090909,328,6.475833252811612,2.124246502738305,5.796057750765372,0,1,Loyal,0.1189,Low,551.79,Silver
16496,9,3,1599.52,16.837052631578945,1111,7.378083855426812,2.88127790226862,7.013915474810528,0,1,Loyal,0.175,Low,1559.85,Gold
16497,50,6,2965.69,21.80654411764706,1396,7.99520213218973,3.1270475174810772,7.242082359256962,0,2,High-Value,0.077,Low,2288.69,Platinum
16498,161,2,100.97,6.731333333333334,45,4.624678652376135,2.045281335866402,3.828641396489095,1,0,At-Risk,0.7033,High,131.52,Bronze
16499,360,2,365.45,19.23421052631579,127,5.903862086371859,3.0073747623117493,4.852030263919617,1,0,At-Risk,0.5509,Medium,301.12,Bronze
16500,5,6,400.86,36.441818181818185,123,5.996103769256407,3.6227882129788314,4.820281565605037,0,1,Loyal,0.2416,Low,504.2,Silver
16503,107,4,1431.93,17.046785714285715,569,7.267476578065607,2.8929675921504647,6.345636360828596,1,1,Loyal,0.2583,Low,1024.58,Gold
16504,25,1,465.88,5.613012048192771,510,6.14607226533442,1.8890392305860375,6.236369590203704,0,1,Loyal,0.2706,Low,519.72,Silver
16505,32,1,777.6,194.4,576,6.657497435176356,5.275048739608683,6.3578422665081,0,1,Loyal,0.3999,Low,858.11,Gold
16506,20,2,90.3,30.100000000000005,42,4.514150787600923,3.4372078191851885,3.7612001156935624,0,1,Loyal,0.4276,Medium,98.97,Bronze
16509,297,1,363.7,27.976923076923075,64,5.8990750978146345,3.3664997572364586,4.174387269895637,1,0,At-Risk,0.6416,Medium,228.28,Bronze
16510,372,1,248.1,19.084615384615383,92,5.517854422268135,2.9999541182435463,4.532599493153256,1,0,At-Risk,0.6408,Medium,221.18,Bronze
16511,22,3,918.33,5.7756603773584905,405,6.8236451438627554,1.9133368346884525,6.0063531596017325,0,1,Loyal,0.1066,Low,746.25,Gold
16513,5,4,874.59,24.988285714285716,407,6.774897944843427,3.2576458870430325,6.0112671744041615,0,1,Loyal,0.1788,Low,1133.91,Gold
16515,52,5,1624.14,14.631891891891891,826,7.393349244898962,2.749313179455881,6.717804695023691,0,1,Loyal,0.1252,Low,1391.17,Gold
16516,30,1,101.7,16.95,58,4.631812116934513,2.8875901149342877,4.07753744390572,0,1,Loyal,0.6474,Medium,125.41,Bronze
16517,277,1,162.7,9.570588235294116,96,5.098035484377089,2.358075449733297,4.574710978503383,1,0,At-Risk,0.6851,Medium,157.58,Bronze
16518,61,2,484.32,12.108,327,6.1848084671836725,2.573222730836568,5.793013608384144,0,1,Loyal,0.2799,Low,478.58,Silver
16519,25,2,215.08,16.544615384615383,54,5.37564870948436,2.86474708714288,4.007333185232471,0,1,Loyal,0.3965,Low,156.97,Bronze
16520,186,3,1046.57,6.708782051282051,558,6.954228475339207,2.0423602050943352,6.326149473155099,1,0,At-Risk,0.2323,Low,806.11,Gold
16523,2,21,9418.47,32.477482758620695,4265,9.150534102717932,3.510873056373508,8.358431899031295,0,2,High-Value,0.0016,Low,7570.72,Platinum
16525,2,26,13027.45,71.18825136612023,7397,9.474890706788235,4.279277309196943,8.908964972392399,0,2,High-Value,0.0037,Low,14186.09,Platinum
16526,172,1,290.36,19.357333333333333,106,5.674559615979298,3.0134412073347643,4.672828834461906,1,0,At-Risk,0.6336,Medium,238.41,Bronze
16527,81,1,228.06,16.29,106,5.43398397796957,2.850128299695199,4.672828834461906,0,1,Loyal,0.6072,Medium,216.12,Bronze
16528,4,1,244.41,14.377058823529412,171,5.502930281242811,2.732876711949235,5.147494476813453,0,1,Loyal,0.4425,Medium,228.88,Bronze
16529,190,1,455.25,15.175,198,6.123040904896701,2.783466840386964,5.293304824724492,1,0,At-Risk,0.5134,Medium,327.07,Silver
16531,22,7,1244.59,16.163506493506492,915,7.127364592228089,2.8427854142984463,6.82001636467413,0,1,Loyal,0.0411,Low,1422.13,Gold
16532,18,3,6748.8,1687.2,2016,8.81726815379798,7.43141815154962,7.6093665379542115,0,2,High-Value,0.1801,Low,3087.01,Platinum
16533,19,3,1082.81,6.1523295454545455,611,6.988237889884059,1.967438114194267,6.416732282512326,0,1,Loyal,0.1137,Low,862.36,Gold
16535,5,1,593.75,19.153225806451612,356,6.388141149183067,3.0033643652299156,5.877735781779639,0,1,Loyal,0.4036,Medium,598.22,Silver
16536,110,1,548.12,10.15037037037037,250,6.308316996859543,2.411472714428029,5.5254529391317835,1,1,Loyal,0.4773,Medium,282.2,Bronze
16539,3,4,1388.81,30.86244444444444,477,7.236922326134238,3.4614280260975576,6.169610732491456,0,1,Loyal,0.1959,Low,1240.66,Gold
16542,54,1,119.62,23.924,46,4.792645108022841,3.2158311946819755,3.8501476017100584,0,1,Loyal,0.578,Medium,131.82,Bronze
16545,165,1,339.3,113.1,78,5.82982758150686,4.73707525686803,4.3694478524670215,1,0,At-Risk,0.695,Medium,262.56,Bronze
16546,291,2,787.15,31.486,549,6.669688427072551,3.480809227297204,6.309918278226516,1,0,At-Risk,0.3767,Low,805.01,Gold
16549,10,10,4034.9,4.362054054054054,2294,8.302984604159606,1.679347120712984,7.738488122494646,0,2,High-Value,0.0108,Low,3358.33,Platinum
16550,109,5,2298.97,9.159243027888444,1540,7.740651358353913,2.3183839342456007,7.340186835320115,1,1,Loyal,0.1803,Low,2255.31,Platinum
16551,96,3,922.12,28.81625,970,6.827759236886412,3.395053546901666,6.878326468291325,1,1,Loyal,0.3805,Low,1077.12,Gold
16552,243,2,379.73,22.337058823529414,219,5.9420904624901825,3.150042604501877,5.393627546352362,1,0,At-Risk,0.4702,Medium,409.29,Silver
16553,163,12,5719.82,68.09309523809523,4600,8.651867430742618,4.235454801585431,8.434028950155469,1,2,High-Value,0.024,Low,7082.13,Platinum
16554,42,3,837.1,16.098076923076924,402,6.73113742510486,2.838965996545666,5.998936561946683,0,1,Loyal,0.2097,Low,772.81,Gold
16555,35,2,285.89,16.81705882352941,175,5.659098867029561,2.8801563592358908,5.170483995038151,0,1,Loyal,0.329,Low,334.5,Silver
16556,67,7,3313.79,16.008647342995168,1890,8.106149552197078,2.8337218819639025,7.544861068658458,0,2,High-Value,0.0201,Low,2745.97,Platinum
16557,24,2,281.85,25.622727272727275,111,5.644916721789165,3.281765259737421,4.718498871295094,0,1,Loyal,0.4241,Medium,285.7,Bronze
16558,1,20,8338.49,18.127152173913043,5377,9.028757342403852,2.951108905350662,8.59007183682881,0,2,High-Value,0.0009,Low,8239.85,Platinum
16560,27,2,841.41,15.02517857142857,500,6.736266831594512,2.7741611460475224,6.2166061010848646,0,1,Loyal,0.2585,Low,704.71,Gold
16561,6,2,511.12,16.48774193548387,244,6.238558972577978,2.861500174662669,5.501258210544727,0,1,Loyal,0.3314,Low,472.5,Silver
16563,54,1,1077.74,56.72315789473684,486,6.9835489723662585,4.0556584429901275,6.18826412308259,0,1,Loyal,0.3559,Low,804.28,Gold
16565,364,1,173.7,57.9,46,5.163070217140011,4.075841090657541,3.8501476017100584,1,0,At-Risk,0.6551,Medium,179.83,Bronze
16566,15,5,614.66,34.147777777777776,362,6.422694863102173,3.559561395142282,5.8944028342648505,0,1,Loyal,0.2836,Low,762.12,Gold
16567,194,2,865.6,24.731428571428573,996,6.764577509305809,3.2477131463780577,6.904750769961838,1,0,At-Risk,0.3827,Low,1051.52,Gold
16569,3,1,124.2,24.84,93,4.829912458665998,3.2519236789144013,4.543294782270004,0,1,Loyal,0.6145,Medium,194.34,Bronze
16570,15,10,3738.4,29.66984126984127,2112,8.226680449731173,3.4232798026918765,7.655864017616056,0,2,High-Value,0.0391,Low,3835.92,Platinum
16571,27,3,1421.69,16.34126436781609,1239,7.260304724743686,2.853088884946505,7.122866658599083,0,1,Loyal,0.1762,Low,1617.88,Gold
16572,127,3,1009.6,17.712280701754388,532,6.918299492857808,2.9291800303319517,6.278521424165844,1,1,Loyal,0.3025,Low,917.02,Gold
16573,85,2,663.61,15.800238095238097,360,6.499200402451892,2.8213930586443876,5.8888779583328805,0,1,Loyal,0.2629,Low,639.74,Silver
16574,71,1,451.44,16.122857142857143,416,6.11465515766318,2.840414245974726,6.0330862217988015,0,1,Loyal,0.3736,Low,534.74,Silver
16581,183,1,105.84,11.76,134,4.67133238824176,2.546315277916644,4.90527477843843,1,0,At-Risk,0.6314,Medium,163.6,Bronze
16582,113,1,313.62,52.27,164,5.751365561394358,3.975373320928908,5.10594547390058,1,1,Loyal,0.5792,Medium,317.71,Silver
16583,374,1,233.45,16.675,111,5.457242345535596,2.8721512117826364,4.718498871295094,1,0,At-Risk,0.6584,Medium,238.27,Bronze
16584,80,2,936.08,33.431428571428576,646,6.842768657462584,3.5389697685439327,6.472346294500901,0,1,Loyal,0.3297,Low,1099.06,Gold
16586,249,1,463.95,57.99375,95,6.141929872924206,4.077431506091117,4.564348191467836,1,0,At-Risk,0.6188,Medium,258.11,Bronze
16587,232,1,225.15,17.31923076923077,71,5.421198495923853,2.9079513697853328,4.276666119016055,1,0,At-Risk,0.6318,Medium,152.24,Bronze
16589,71,3,459.24,13.916363636363636,368,6.131748092555038,2.7024588409657544,5.910796644040527,0,1,Loyal,0.3216,Low,582.1,Silver
16591,69,1,213.5,21.35,41,5.368309738368072,3.106826321059578,3.737669618283368,0,1,Loyal,0.6926,Medium,113.44,Bronze
16592,4,16,4113.68,19.044814814814817,2927,8.322316345810338,2.9979705075790997,7.982074875081202,0,2,High-Value,0.0023,Low,4813.65,Platinum
16593,51,3,330.03,12.223333333333333,116,5.802209005711098,2.581982945858129,4.762173934797756,0,1,Loyal,0.5001,Medium,317.21,Silver
16594,75,1,181.09,3.416792452830189,64,5.204501070343752,1.4854137432446577,4.174387269895637,0,1,Loyal,0.2456,Low,137.7,Bronze
16595,61,1,360.16,4.237176470588236,335,5.8893210734392785,1.655782511614908,5.817111159963204,0,1,Loyal,0.3063,Low,379.07,Silver
16596,16,2,250.15,20.845833333333335,97,5.526050370196054,3.0840102092305415,4.584967478670572,0,1,Loyal,0.4103,Medium,282.63,Bronze
16597,4,1,90.04,12.862857142857145,184,4.511298970378021,2.629213115580481,5.220355825078324,0,1,Loyal,0.5277,Medium,244.8,Bronze
16598,286,1,145.04999999999998,14.505,73,4.98394902883375,2.7411625525524124,4.30406509320417,1,0,At-Risk,0.6794,Medium,146.3,Bronze
16600,4,6,813.52,13.121290322580643,1145,6.702598982682314,2.6476836105089845,7.044032897274685,0,1,Loyal,0.0961,Low,1266.1,Gold
16601,41,1,242.7,8.09,133,5.495937960631161,2.207174908189387,4.897839799950911,0,1,Loyal,0.6929,Medium,189.77,Bronze
16602,36,1,528.08,18.209655172413793,336,6.271139649157846,2.9554130261984173,5.820082930352362,0,1,Loyal,0.4155,Medium,536.46,Silver
16603,75,2,482.47,14.19029411764706,480,6.180989265398516,2.720656679003972,6.175867270105761,0,1,Loyal,0.2574,Low,531.69,Silver
16607,18,14,3347.71,19.46343023255814,2859,8.116330476031974,3.0186394020211105,7.958576903813898,0,2,High-Value,0.0097,Low,4603.36,Platinum
16609,15,7,5493.46,19.903840579710145,2420,8.611495590853199,3.039932901883746,7.791935956938058,0,2,High-Value,0.0131,Low,4415.47,Platinum
16610,219,1,75.66,12.61,66,4.339380059952409,2.6108048166633746,4.204692619390966,1,0,At-Risk,0.6772,Medium,110.79,Bronze
16611,186,1,129.49,12.949000000000002,47,4.871296595474155,2.6354078211100984,3.871201010907891,1,0,At-Risk,0.651,Medium,116.78,Bronze
16612,33,4,1187.66,17.994848484848486,506,7.08058190121429,2.9441678100270168,6.2285110035911835,0,1,Loyal,0.1733,Low,1020.41,Gold
16613,70,1,618.59,20.619666666666667,293,6.429057968967668,3.073603394269203,5.683579767338681,0,1,Loyal,0.4794,Medium,490.53,Silver
16614,183,1,506.19,19.468846153846155,223,6.228885686840323,3.0189040304169756,5.41164605185504,1,0,At-Risk,0.5419,Medium,407.28,Silver
16616,15,2,500.42,15.164242424242424,370,6.2174440732414,2.782801544891588,5.916202062607435,0,1,Loyal,0.2858,Low,630.55,Silver
16617,236,1,151.85,30.369999999999997,91,5.029457048336844,3.445852022202587,4.5217885770490405,1,0,At-Risk,0.6385,Medium,237.36,Bronze
16618,31,5,2647.59,27.579062500000003,1363,7.881782701906185,3.3526743693045,7.218176838403408,0,2,High-Value,0.0781,Low,2020.76,Platinum
16619,264,1,226.21,16.157857142857143,133,5.425874699962912,2.8424562111373937,4.897839799950911,1,0,At-Risk,0.637,Medium,268.38,Bronze
16620,4,2,178.96,19.884444444444444,88,5.192734603972972,3.0390045968983954,4.48863636973214,0,1,Loyal,0.5362,Medium,293.04,Bronze
16621,52,4,813.48,28.05103448275862,302,6.70254987279894,3.3690540930858677,5.713732805509369,0,1,Loyal,0.1809,Low,748.95,Gold
16623,246,1,129.45,25.889999999999997,39,4.870990011582737,3.291754470280773,3.688879454113936,1,0,At-Risk,0.7465,High,115.84,Bronze
16624,81,2,810.5699999999999,16.886875,488,6.6989706432467875,2.884067203671154,6.192362489474872,0,1,Loyal,0.3227,Low,703.41,Gold
16625,275,1,333.08,14.481739130434782,164,5.811380485254219,2.739661208778449,5.10594547390058,1,0,At-Risk,0.4891,Medium,259.67,Bronze
16626,1,17,4413.1,24.65418994413408,2690,8.392559241748096,3.2447069089250165,7.897668150726906,0,2,High-Value,0.0016,Low,5009.84,Platinum
16627,79,1,322.8,16.14,162,5.780126041243535,2.8414149131696336,5.093750200806762,0,1,Loyal,0.475,Medium,311.47,Silver
16628,30,5,2188.05,18.701282051282053,1205,7.691222938742128,2.980683712371695,7.095064377287131,0,2,High-Value,0.0923,Low,2106.01,Platinum
16629,74,2,408.63,6.8105,489,6.01525431323072,2.0554689822889265,6.194405391104672,0,1,Loyal,0.2649,Low,463.56,Silver
16633,17,6,2883.1,18.967763157894737,1138,7.966968171867508,2.994119131033678,7.037905963447182,0,2,High-Value,0.0899,Low,2141.22,Platinum
16634,223,2,217.9,24.211111111111112,82,5.388615004528817,3.2272848144495767,4.418840607796598,1,0,At-Risk,0.5084,Medium,234.28,Bronze
16637,32,4,1154.47,16.73144927536232,927,7.052262466590724,2.875339858164663,6.833031732786201,0,1,Loyal,0.1621,Low,1386.94,Gold
16638,23,10,1680.72,17.88,1255,7.427572358185583,2.9381031607173544,7.135687347028144,0,2,High-Value,0.0339,Low,2108.23,Platinum
16639,31,3,1257.51,25.1502,510,7.137683760511223,3.263856838665241,6.236369590203704,0,1,Loyal,0.2345,Low,954.69,Gold
16641,106,1,231.1,19.258333333333336,256,5.447168313280391,3.0085662315340773,5.54907608489522,1,1,Loyal,0.5155,Medium,408.37,Silver
16642,5,2,688.33,20.245,479,6.535720111358577,3.056121573566775,6.173786103901937,0,1,Loyal,0.2909,Low,742.83,Gold
16643,246,1,487.51,18.055925925925926,269,6.191359942102381,2.9473781254268587,5.598421958998375,1,0,At-Risk,0.532,Medium,425.2,Silver
16644,178,2,833.78,13.448064516129032,826,6.72716821708184,2.6705604620667245,6.717804695023691,1,0,At-Risk,0.3572,Low,709.62,Gold
16647,170,2,214.06,15.29,146,5.37091705896238,2.790551422613954,4.990432586778736,1,0,At-Risk,0.4924,Medium,278.76,Bronze
16648,43,1,290.65999999999997,15.297894736842103,281,5.675588740285419,2.7910359422222504,5.641907070938114,0,1,Loyal,0.4573,Medium,365.05,Silver
16650,72,1,518.42,21.60083333333333,372,6.252712804455737,3.117986778754784,5.921578419643816,0,1,Loyal,0.3537,Low,603.79,Silver
16652,59,7,6773.97,57.406525423728816,3283,8.820990217693817,4.067427620299785,8.096817470572319,0,2,High-Value,0.0838,Low,5719.67,Platinum
16653,16,2,1212.66,17.574782608695653,733,7.101395866495808,2.9218048871003792,6.598509028614515,0,1,Loyal,0.2689,Low,1173.96,Gold
16654,141,4,601.27,20.733448275862067,282,6.400705849743913,3.0788524690171717,5.645446897643238,1,1,Loyal,0.4485,Medium,685.8,Gold
16655,18,6,3789.52,14.688062015503876,2363,8.240258491831206,2.752900041939768,7.768110378525988,0,2,High-Value,0.0273,Low,2828.12,Platinum
16656,22,15,8625.8,118.16164383561645,8894,9.062628915777823,4.780480922946441,9.093244600099936,0,2,High-Value,0.0089,Low,10682.28,Platinum
16657,10,4,874.43,4.554322916666666,1130,6.774715194217569,1.7145765284740273,7.030857476116121,0,1,Loyal,0.1236,Low,1077.36,Gold
16658,368,1,123.24,15.405,40,4.822215178840431,2.797586166413065,3.713572066704308,1,0,At-Risk,0.7793,High,100.46,Bronze
16659,189,1,39.12,19.56,72,3.691874963093735,3.0233474405869645,4.290459441148391,1,0,At-Risk,0.6239,Medium,151.31,Bronze
16660,16,4,1267.65,79.22812499999999,571,7.145708621949827,4.384874139182116,6.349138991379798,0,1,Loyal,0.1758,Low,1249.84,Gold
16665,362,1,135.39999999999998,15.044444444444444,59,4.915591745409362,2.7753626491225063,4.0943445622221,1,0,At-Risk,0.6819,Medium,116.87,Bronze
16666,19,1,118.98,3.718125,233,4.787325062224947,1.5514114749117522,5.455321115357702,0,1,Loyal,0.233,Low,154.96,Bronze
16667,68,2,567.1800000000001,10.907307692307691,236,6.342438269926957,2.4771523034308403,5.4680601411351315,0,1,Loyal,0.2626,Low,409.03,Silver
16668,15,6,306.71999999999997,15.336,318,5.729190278590734,2.7933712614223096,5.765191102784844,0,1,Loyal,0.2774,Low,524.14,Silver
16669,24,3,1348.88,8.646666666666667,881,7.207770978592735,2.266612432535228,6.782192056006791,0,1,Loyal,0.1697,Low,1117.35,Gold
16670,17,11,4095.9,16.25357142857143,2556,8.317985869145499,2.848019161385157,7.846589975291186,0,2,High-Value,0.0047,Low,3991.48,Platinum
16671,28,3,1692.27,282.045,875,7.434416849630159,5.645605895603099,6.775366090936392,0,1,Loyal,0.3395,Low,1719.73,Platinum
16672,2,20,8134.94,71.35912280701754,2832,9.004046563069934,4.281641537830861,7.949091499830517,0,2,High-Value,0.0056,Low,7614.94,Platinum
16674,55,2,304.24,3.2713978494623657,181,5.721098352421432,1.451941138881902,5.204006687076795,0,1,Loyal,0.2247,Low,305.92,Silver
16676,34,4,1592.12,17.888988764044946,636,7.373449636639775,2.938579147208326,6.456769655572163,0,1,Loyal,0.207,Low,1222.15,Gold
16678,3,12,3109.99,19.07969325153374,2397,8.042696282491956,2.9997090183888035,7.7823903355874595,0,2,High-Value,0.0269,Low,4010.73,Platinum
16679,366,1,129.75,43.25,29,4.873287102945032,3.7898553714539385,3.4011973816621555,1,0,At-Risk,0.6477,Medium,112.44,Bronze
16680,43,1,183.7,18.369999999999997,94,5.218732887205194,2.963725477418905,4.553876891600541,0,1,Loyal,0.6586,Medium,213.72,Bronze
16681,73,6,1770.34,40.235,1407,7.479491601287773,3.7192874102853186,7.249925536717988,0,1,Loyal,0.0766,Low,2218.18,Platinum
16682,5,5,1028.0,34.266666666666666,1040,6.9363427358340495,3.5629382307560893,6.947937068614969,0,1,Loyal,0.0974,Low,1642.32,Platinum
16684,4,28,66653.56,240.6265703971119,50255,11.107278740370788,5.487393436822892,10.824885221778429,0,2,High-Value,0.0037,Low,71108.03,Platinum
16685,61,2,324.24,5.2296774193548385,396,5.784563371339637,1.8293245528640751,5.983936280687191,0,1,Loyal,0.2323,Low,468.63,Silver
16686,47,7,2959.88,5.440955882352942,1977,7.993241800431319,1.8626769580385696,7.589841512182657,0,2,High-Value,0.0266,Low,2849.79,Platinum
16688,1,4,1260.86,20.336451612903225,804,7.1403421019236415,3.0604169533647014,6.690842277418564,0,1,Loyal,0.1509,Low,1326.84,Gold
16689,76,2,422.6,32.5076923076923,330,6.048789613727251,3.5117750335972686,5.802118375377063,0,1,Loyal,0.4307,Medium,592.05,Silver
16690,72,2,225.58,18.798333333333332,138,5.423098083445343,2.9855977590733933,4.9344739331306915,0,1,Loyal,0.4193,Medium,308.69,Silver
16692,256,2,1276.0,425.3333333333333,152,7.152268856032539,6.055221512910733,5.030437921392435,1,0,At-Risk,0.5715,Medium,1022.18,Gold
16693,69,2,477.86,8.099322033898305,203,6.171408279115973,2.208199908977993,5.318119993844216,0,1,Loyal,0.2899,Low,368.82,Silver
16696,135,4,657.9000000000001,65.79,146,6.490571777919774,4.201553368737545,4.990432586778736,1,1,Loyal,0.4394,Medium,557.59,Silver
16697,241,1,112.75,5.369047619047619,27,4.7340030578310595,1.851449948052693,3.332204510175204,1,0,At-Risk,0.7572,High,106.26,Bronze
16698,227,2,1998.0,399.6,840,7.6004023345004,5.992963423231718,6.734591659972948,1,0,At-Risk,0.6373,Medium,1576.41,Gold
16700,9,13,5076.55,16.482305194805196,4024,8.532584140771885,2.861189237665517,8.300280189852664,0,2,High-Value,0.0016,Low,5379.09,Platinum
16701,9,13,5398.3,37.488194444444446,6393,8.59402459452009,3.650351556464116,8.763115329619787,0,2,High-Value,0.0019,Low,7975.13,Platinum
16705,1,20,14034.99,51.98144444444444,5476,9.549380024249162,3.9699417474293175,8.608312784783722,0,2,High-Value,0.0217,Low,11951.3,Platinum
16706,37,3,531.35,4.319918699186992,249,6.277301167760616,1.6714580211290722,5.521460917862246,0,1,Loyal,0.175,Low,495.82,Silver
16708,46,1,656.63,24.31962962962963,285,6.488642463139346,3.2315799695872234,5.655991810819852,0,1,Loyal,0.3729,Low,477.93,Silver
16709,85,5,3029.87,38.35278481012658,851,8.016604986002726,3.672566742629368,6.747586526829315,0,2,High-Value,0.1237,Low,2384.74,Platinum
16710,19,10,2467.99,6.263934010152283,1823,7.811564439114215,1.98292155675226,7.508787170634276,0,2,High-Value,0.0151,Low,2677.36,Platinum
16711,3,5,1651.03,75.04681818181818,833,7.4097601137223315,4.33134917932667,6.726233402358747,0,1,Loyal,0.1538,Low,1927.27,Platinum
16712,9,11,3611.31,8.245,1730,8.192102735881804,2.224082864839088,7.456454555176209,0,2,High-Value,0.0399,Low,2789.71,Platinum
16713,19,15,6910.78,11.16442649434572,4271,8.840982481273644,2.4985158312150704,8.35983738064003,0,2,High-Value,0.001,Low,6041.98,Platinum
16714,219,3,1129.06,12.977701149425286,589,7.030026007641905,2.63746328475951,6.380122536899765,1,0,At-Risk,0.2493,Low,820.91,Gold
16715,78,1,301.71999999999997,15.88,642,5.712808285863513,2.826129489167811,6.466144724237619,0,1,Loyal,0.4065,Medium,965.77,Gold
16716,267,2,901.2,450.6,120,6.804836224974296,6.112796832275507,4.795790545596741,1,0,At-Risk,0.7588,High,846.34,Gold
16717,24,6,3843.08,19.40949494949495,1860,8.25428958152815,3.0160002312679097,7.528869256642251,0,2,High-Value,0.0401,Low,2902.51,Platinum
16718,369,1,606.0500000000001,13.773863636363638,407,6.408611159989984,2.692859649089917,6.0112671744041615,1,0,At-Risk,0.3967,Low,411.16,Silver
16719,15,7,1770.22,9.031734693877551,1175,7.479423853670205,2.305753537555771,7.069874128458572,0,2,High-Value,0.0382,Low,1887.07,Platinum
16720,26,1,152.95,6.117999999999999,180,5.0366278743705095,1.9626267870880008,5.198497031265826,0,1,Loyal,0.3142,Low,192.82,Bronze
16721,262,1,292.47,7.904594594594595,172,5.681775419393111,2.186567390112333,5.153291594497779,1,0,At-Risk,0.4707,Medium,226.1,Bronze
16722,17,13,4730.81,21.025822222222224,5001,8.46206307213662,3.0922155024408715,8.517593111437565,0,2,High-Value,0.0013,Low,8403.85,Platinum
16723,91,2,576.4,13.723809523809525,398,6.358535267228834,2.689465878989844,5.988961416889864,1,1,Loyal,0.3177,Low,582.53,Silver
16725,302,7,758.27,5.229448275862069,288,6.632357445363575,1.8292877696260856,5.666426688112432,1,0,At-Risk,0.3711,Low,763.94,Gold
16726,26,5,1358.74,7.633370786516854,945,7.215048783982959,2.1556350182345576,6.852242569051878,0,1,Loyal,0.0635,Low,1381.81,Gold
16727,364,1,256.32,5.825454545454545,167,5.550320446542799,1.9206589389199376,5.123963979403259,1,0,At-Risk,0.4934,Medium,242.82,Bronze
16728,46,4,1048.28,3.985855513307985,671,6.955859493656283,1.60660500620334,6.51025834052315,0,1,Loyal,0.1155,Low,1014.24,Gold
16729,38,21,7205.33,10.983734756097562,5722,8.882715085430164,2.4835502933604925,8.652248422409102,0,2,High-Value,0.001,Low,7740.23,Platinum
16730,52,3,743.11,9.062317073170732,994,6.612188873366803,2.3087974635156625,6.902742737158593,0,1,Loyal,0.1278,Low,992.5,Gold
16732,32,1,603.75,21.5625,317,6.404815149490137,3.1162892360931,5.762051382780177,0,1,Loyal,0.4592,Medium,610.67,Silver
16734,52,3,646.76,12.437692307692307,345,6.473520257377859,2.5980636170556015,5.846438775057725,0,1,Loyal,0.1781,Low,650.16,Silver
16735,79,5,2247.41,19.374224137931034,1532,7.717978578725217,3.014270579281949,7.334981878871814,0,2,High-Value,0.1279,Low,2469.91,Platinum
16737,53,1,417.6,417.6,288,6.036915810011899,6.036915810011899,5.666426688112432,0,1,Loyal,0.4648,Medium,472.14,Silver
16738,298,1,3.75,3.75,3,1.55814461804655,1.55814461804655,1.3862943611198906,1,0,At-Risk,0.6511,Medium,7.08,Bronze
16739,177,1,323.0,24.846153846153847,172,5.780743515792329,3.2521618025016674,5.153291594497779,1,0,At-Risk,0.4781,Medium,340.86,Silver
16742,47,1,464.9,464.9,1,6.143971018822751,6.143971018822751,0.6931471805599453,0,1,Loyal,0.4612,Medium,500.92,Silver
16743,29,7,2213.13,11.648052631578947,2035,7.702614828798631,2.5375032611555453,7.618742377670413,0,2,High-Value,0.0245,Low,2977.07,Platinum
16744,11,7,1291.91,5.4741949152542375,798,7.164650770780832,1.8678242624425916,6.683360945766275,0,1,Loyal,0.0334,Low,1398.28,Gold
16745,87,17,7180.7,20.227323943661972,6719,8.87929140281919,3.0552892170711896,8.812843433517195,0,2,High-Value,0.0011,Low,8320.25,Platinum
16746,5,18,6680.11,15.045292792792791,4660,8.807039420391044,2.775415522621736,8.446985296372741,0,2,High-Value,0.001,Low,7390.84,Platinum
16747,38,2,836.06,19.90619047619047,583,6.729895752508072,3.0400453101467133,6.369900982828227,0,1,Loyal,0.2738,Low,923.23,Gold
16748,18,5,1515.9,21.969565217391303,880,7.324424057597627,3.1341700882411203,6.78105762593618,0,1,Loyal,0.1097,Low,1782.59,Platinum
16750,45,5,623.93,6.567684210526315,214,6.437639643463933,2.0238871039400723,5.3706380281276624,0,1,Loyal,0.1886,Low,597.55,Silver
16751,31,1,1764.72,70.5888,1031,7.476313818197086,4.270938637149993,6.939253946041508,0,1,Loyal,0.419,Medium,1696.97,Platinum
16752,373,1,207.5,23.055555555555557,54,5.339939041238856,3.180365970106325,4.007333185232471,1,0,At-Risk,0.618,Medium,149.69,Bronze
16753,58,1,223.92,6.5858823529411765,189,5.415744783424001,2.026288934702102,5.247024072160486,0,1,Loyal,0.3411,Low,264.83,Bronze
16754,372,1,2002.4,1001.2,4280,7.602601016177664,6.909952862525624,8.361941906144946,1,0,At-Risk,0.7821,High,2636.07,Platinum
16755,114,3,1475.43,8.942,1058,7.29738229064596,2.2967682076724807,6.9650803456014065,1,1,Loyal,0.2233,Low,1410.98,Gold
16756,215,1,239.4,18.415384615384617,106,5.4823042026610525,2.9660657732055213,4.672828834461906,1,0,At-Risk,0.6425,Medium,243.94,Bronze
16757,319,1,106.83,15.261428571428572,81,4.680555912893981,2.788795958281812,4.406719247264253,1,0,At-Risk,0.6912,Medium,147.41,Bronze
16758,65,1,369.34,16.78818181818182,203,5.91442150260967,2.878534293991637,5.318119993844216,0,1,Loyal,0.4617,Medium,368.84,Silver
16759,8,3,789.79,18.804523809523808,609,6.673032445794151,2.9859103868324746,6.413458957167357,0,1,Loyal,0.2235,Low,993.43,Gold
16761,97,1,316.62,24.355384615384615,341,5.760855699682501,3.232991118344497,5.834810737062605,1,1,Loyal,0.4648,Medium,411.83,Silver
16762,20,3,1207.24,19.162539682539684,480,7.096920034258086,3.003826411585271,6.175867270105761,0,1,Loyal,0.2325,Low,914.02,Gold
16763,199,1,611.85,26.60217391304348,319,6.418120207787174,3.317894534586651,5.768320995793772,1,0,At-Risk,0.5894,Medium,503.51,Silver
16764,4,13,2790.9500000000003,3.987071428571429,1253,7.934495555412452,1.606848849415379,7.134093721192866,0,2,High-Value,0.0393,Low,2088.55,Platinum
16765,294,1,34.0,34.0,4,3.5553480614894135,3.5553480614894135,1.6094379124341005,1,0,At-Risk,0.8188,High,40.28,Bronze
16766,273,2,1145.6,33.69411764705882,536,7.044556320474283,3.54657015232496,6.285998094508865,1,0,At-Risk,0.4099,Medium,743.91,Gold
16767,31,11,5575.56,25.22877828054299,4423,8.626327377813633,3.2668572156130553,8.39479954320217,0,2,High-Value,0.0065,Low,6251.83,Platinum
16768,48,3,478.09,8.85351851851852,196,6.17188847120203,2.287828601401574,5.2832037287379885,0,1,Loyal,0.2749,Low,393.08,Silver
16769,260,1,361.54,9.51421052631579,80,5.893134813034773,2.3527277256242,4.394449154672439,1,0,At-Risk,0.7232,High,145.58,Bronze
16770,58,5,757.1,5.407857142857143,456,6.630815303062258,1.8575249159559335,6.124683390894205,0,1,Loyal,0.1093,Low,844.24,Gold
16771,33,5,2242.61,8.829173228346457,1487,7.715841454746731,2.285354823637801,7.305188215393037,0,2,High-Value,0.1197,Low,2199.65,Platinum
16773,57,1,171.59,6.599615384615385,171,5.150918839543312,2.028097638724244,5.147494476813453,0,1,Loyal,0.3084,Low,200.76,Bronze
16774,68,4,661.52,13.781666666666666,322,6.496050746083953,2.693387674160306,5.777652323222656,0,1,Loyal,0.1993,Low,658.61,Gold
16775,10,11,1691.51,10.773949044585986,439,7.433967913188473,2.4658893828054684,6.0867747269123065,0,2,High-Value,0.0852,Low,1546.25,Gold
16776,60,1,371.54,5.232957746478873,254,5.920344414604856,1.8298509788014696,5.541263545158426,0,1,Loyal,0.3653,Low,350.97,Silver
16777,80,2,222.62,4.6379166666666665,62,5.409948182719222,1.7295146119276072,4.143134726391533,0,1,Loyal,0.3049,Low,155.85,Bronze
16778,74,2,245.94,15.37125,194,5.509145392139597,2.7955267476614756,5.272999558563747,0,1,Loyal,0.3104,Low,308.63,Silver
16779,2,22,10611.72,32.05957703927493,5301,9.26980856067564,3.498311298580697,8.57583938684897,0,2,High-Value,0.0015,Low,9255.84,Platinum
16780,100,2,422.24,7.156610169491525,270,6.047939394035961,2.098828662259604,5.602118820879701,1,1,Loyal,0.3522,Low,444.26,Silver
16781,372,1,311.25,18.308823529411764,113,5.743804149005687,2.9605621691266895,4.736198448394496,1,0,At-Risk,0.6775,Medium,261.07,Bronze
16782,10,13,2267.9500000000003,12.393169398907103,705,7.727072448397774,2.594744830641811,6.559615237493242,0,2,High-Value,0.0453,Low,2141.49,Platinum
16784,20,1,107.6,35.86666666666667,24,4.687671407499835,3.607307800420125,3.218875824868201,0,1,Loyal,0.5305,Medium,83.88,Bronze
16788,123,2,594.39,4.016148648648649,304,6.3892166530089884,1.6126624377895706,5.720311776607412,1,1,Loyal,0.3928,Low,492.86,Silver
16789,8,1,80.8,16.16,32,4.404277243608702,2.8425810940598164,3.49650756146648,0,1,Loyal,0.7109,High,82.87,Bronze
16790,4,6,1545.62,16.61956989247312,898,7.343827183683202,2.8690102100212873,6.80128303447162,0,1,Loyal,0.1042,Low,1345.6,Gold
16791,29,7,1705.78,5.432420382165605,757,7.442363833410647,1.8613508876646865,6.630683385642372,0,2,High-Value,0.0376,Low,1413.54,Gold
16792,282,2,110.38,9.198333333333334,44,4.7129477781615225,2.322224308246394,3.80666248977032,1,0,At-Risk,0.731,High,126.16,Bronze
16793,57,1,243.84,15.24,146,5.500604935982869,2.787477334733532,4.990432586778736,0,1,Loyal,0.5936,Medium,232.2,Bronze
16794,1,10,1196.5,4.303956834532374,923,7.08799132928507,1.668453114564694,6.828712071641684,0,2,High-Value,0.0375,Low,1482.51,Gold
16795,365,1,414.88,6.286060606060606,239,6.030396757109769,1.985963016704481,5.480638923341991,1,0,At-Risk,0.4015,Medium,337.76,Silver
16796,89,1,305.62,16.97888888888889,186,5.725609195882308,2.8891982300754973,5.231108616854587,0,1,Loyal,0.4622,Medium,339.73,Silver
16800,11,1,1162.65,7.452884615384616,524,7.0593168957906745,2.1345077577157605,6.263398262591624,0,1,Loyal,0.3855,Low,770.8,Gold
16801,163,4,1594.23,21.2564,493,7.374773205449993,3.1026296077011044,6.202535517187923,1,1,Loyal,0.2141,Low,921.04,Gold
16803,65,1,332.3,13.845833333333331,245,5.8090429853136945,2.6977192422638447,5.5053315359323625,0,1,Loyal,0.4611,Medium,275.33,Bronze
16804,23,3,536.99,8.949833333333334,246,6.287839972628443,2.2975558006114514,5.5093883366279774,0,1,Loyal,0.2258,Low,481.13,Silver
16805,174,2,460.59,4.699897959183673,539,6.134677051181064,1.7404482727826625,6.29156913955832,1,0,At-Risk,0.3027,Low,607.72,Silver
16806,103,4,762.16,8.195268817204301,356,6.63746770785911,2.218689092778951,5.877735781779639,1,1,Loyal,0.1534,Low,715.34,Gold
16807,143,3,1121.59,16.740149253731342,778,7.02339379457603,2.875830390246906,6.658011045870748,1,1,Loyal,0.1981,Low,1240.29,Gold
16808,99,2,288.42,12.54,196,5.667878920309847,2.605648267484129,5.2832037287379885,1,1,Loyal,0.3507,Low,268.69,Bronze
16809,23,5,914.69,6.138859060402685,652,6.81967787944687,1.965552968121029,6.481577129276431,0,1,Loyal,0.0797,Low,1229.55,Gold
16810,192,1,309.54,20.636000000000003,114,5.738312717553024,3.0743585940091807,4.74493212836325,1,0,At-Risk,0.6626,Medium,271.1,Bronze
16811,5,2,547.07,19.53821428571429,477,6.3064030160165885,3.022287262342975,6.169610732491456,0,1,Loyal,0.3588,Low,700.02,Gold
16812,361,1,479.35,31.956666666666667,81,6.174515004855747,3.495193567240932,4.406719247264253,1,0,At-Risk,0.634,Medium,309.72,Silver
16813,8,10,1652.18,3.878356807511737,1501,7.410455984814581,1.5848084433900391,7.31455283232408,0,2,High-Value,0.0371,Low,2213.06,Platinum
16814,14,21,6416.7,20.115047021943575,2697,8.766815077043479,3.0499859153284223,7.900266036767701,0,2,High-Value,0.0009,Low,5665.21,Platinum
16816,103,4,417.06,14.895,274,6.035624962893636,2.766004594362766,5.616771097666572,1,1,Loyal,0.4154,Medium,608.85,Silver
16817,3,9,1604.75,18.65988372093023,822,7.381346216137902,2.9785802002015416,6.71295620067707,0,2,High-Value,0.0544,Low,1695.27,Platinum
16818,11,11,3349.57,17.81686170212766,2164,8.116885759599102,2.93475336691163,7.68017564043659,0,2,High-Value,0.0109,Low,3417.73,Platinum
16820,96,1,497.61,19.138846153846153,307,6.211824227045576,3.0026505943803983,5.730099782973574,1,1,Loyal,0.5234,Medium,541.13,Silver
16823,227,1,358.38,9.431052631578948,136,5.8843803244983075,2.344787187369816,4.919980925828125,1,0,At-Risk,0.701,High,234.8,Bronze
16824,16,2,460.64,17.716923076923077,236,6.134785366552204,2.929428091990968,5.4680601411351315,0,1,Loyal,0.3369,Low,398.04,Silver
16825,39,2,775.1800000000001,27.685,566,6.6543844520478315,3.3563743380538344,6.340359303727752,0,1,Loyal,0.3799,Low,937.18,Gold
16826,51,1,341.7,15.53181818181818,158,5.836855428880563,2.8052868986346273,5.0689042022202315,0,1,Loyal,0.5256,Medium,267.73,Bronze
16828,93,2,128.5,16.0625,59,4.863680881139593,2.8368830729451786,4.0943445622221,1,1,Loyal,0.5157,Medium,136.21,Bronze
16829,157,1,197.22,17.92909090909091,99,5.289377524978562,2.940699940248236,4.605170185988092,1,0,At-Risk,0.6402,Medium,215.86,Bronze
16830,39,1,325.91,14.170000000000002,264,5.789684903656904,2.719319793360441,5.579729825986222,0,1,Loyal,0.4486,Medium,303.6,Silver
16832,184,3,199.15,16.595833333333335,33,5.299067085438582,2.867662131591952,3.5263605246161616,1,0,At-Risk,0.3709,Low,129.99,Bronze
16833,1,4,1106.53,23.5431914893617,440,7.0098875895885335,3.2004344833678933,6.089044875446846,0,1,Loyal,0.1795,Low,1068.39,Gold
16834,228,1,413.46,17.2275,358,6.026976468109342,2.9029314426984483,5.883322388488279,1,0,At-Risk,0.4401,Medium,551.72,Silver
16835,128,2,180.85,18.085,61,5.203182171432998,2.948902686197193,4.127134385045092,1,1,Loyal,0.554,Medium,146.66,Bronze
16836,40,2,251.87,22.89727272727273,165,5.5328755226775,3.173764340596622,5.111987788356544,0,1,Loyal,0.3734,Low,361.72,Silver
16837,31,11,3170.98,19.218060606060607,1563,8.062111277564622,3.0065762943562486,7.355001921105257,0,2,High-Value,0.0402,Low,2870.62,Platinum
16838,197,2,588.85,23.554,185,6.3798682672878515,3.200874773758648,5.225746673713202,1,0,At-Risk,0.479,Medium,375.89,Silver
16839,9,34,16594.35,62.38477443609022,8975,9.716877814621636,4.149223681752035,9.102309627762478,0,2,High-Value,0.0688,Low,15004.44,Platinum
16841,37,6,1869.82,16.119137931034484,2250,7.534132116408228,2.840197014950117,7.719129840906732,0,2,High-Value,0.0426,Low,2962.41,Platinum
16842,101,3,1264.19,20.066507936507936,693,7.142977587511544,3.047684477796883,6.542471960506805,1,1,Loyal,0.2653,Low,1103.49,Gold
16843,43,16,10196.57,26.97505291005291,10159,9.22990473559571,3.331313145529638,9.226213721132472,0,2,High-Value,0.0209,Low,11323.46,Platinum
16846,50,1,214.32,19.483636363636364,135,5.372125293692757,3.0196263412281428,4.912654885736052,0,1,Loyal,0.6089,Medium,277.96,Bronze
16847,43,1,193.44,16.12,78,5.270123632177254,2.840247370713596,4.3694478524670215,0,1,Loyal,0.6388,Medium,176.58,Bronze
16848,53,1,281.42,20.101428571428578,182,5.643395324641106,3.0493407429971953,5.209486152841421,0,1,Loyal,0.4473,Medium,334.66,Silver
16849,187,1,124.57,15.57125,33,4.8328633720008725,2.8076692661309224,3.5263605246161616,1,0,At-Risk,0.7382,High,110.49,Bronze
16850,334,1,332.41,17.495263157894737,249,5.809372963868082,2.917514653779825,5.521460917862246,1,0,At-Risk,0.5257,Medium,426.02,Silver
16851,4,3,342.45,17.1225,271,5.839041540659891,2.8971542601928957,5.605802066295998,0,1,Loyal,0.2824,Low,440.7,Silver
16852,10,2,144.91000000000005,16.101111111111113,56,4.982989993275932,2.8391434386556433,4.04305126783455,0,1,Loyal,0.491,Medium,148.59,Bronze
16855,24,2,328.4,17.28421052631579,164,5.79727281774354,2.906037874640564,5.10594547390058,0,1,Loyal,0.3715,Low,352.7,Silver
16856,15,1,35.400000000000006,17.700000000000003,12,3.594568774642695,2.928523523860541,2.5649493574615367,0,1,Loyal,0.5557,Medium,31.97,Bronze
16858,369,1,375.69000000000005,37.569,91,5.931422568022302,3.652448844997848,4.5217885770490405,1,0,At-Risk,0.6439,Medium,211.74,Bronze
16859,145,2,747.81,14.380961538461538,827,6.618485279775063,2.7331304808789088,6.71901315438526,1,1,Loyal,0.3684,Low,685.51,Gold
16861,60,2,173.76,28.959999999999997,140,5.163413604083235,3.3998631586490187,4.948759890378168,0,1,Loyal,0.5655,Medium,296.16,Bronze
16863,31,2,502.8,19.338461538461537,409,6.22217936391851,3.0125137505159945,6.016157159698354,0,1,Loyal,0.3443,Low,680.39,Gold
16866,141,3,207.74,18.885454545454543,60,5.341089458391906,2.989988537108709,4.110873864173311,1,0,At-Risk,0.5502,Medium,163.58,Bronze
16869,23,4,817.12,6.434015748031496,583,6.707009025109966,2.006066190252087,6.369900982828227,0,1,Loyal,0.0826,Low,923.97,Gold
16871,22,6,2812.34,20.528029197080293,1253,7.942127668587332,3.069355769661157,7.134093721192866,0,2,High-Value,0.0723,Low,2248.6,Platinum
16872,77,3,680.02,97.14571428571428,600,6.523591674293888,4.586453254824801,6.398594934535208,0,1,Loyal,0.3254,Low,928.92,Gold
16873,5,6,7123.62,25.53268817204301,3840,8.871311670381246,3.278377488762603,8.253488028345904,0,2,High-Value,0.0279,Low,5783.93,Platinum
16875,67,5,2095.53,18.71008928571429,1069,7.648038876071995,2.981130651124652,6.975413927455952,0,1,Loyal,0.102,Low,2001.51,Platinum
16877,12,6,846.62,5.427051282051282,458,6.742432422151628,1.860515845515754,6.129050210060545,0,1,Loyal,0.0909,Low,913.11,Gold
16878,84,1,13.3,4.433333333333334,12,2.6602595372658615,1.692552819144607,2.5649493574615367,0,0,At-Risk,0.4422,Medium,20.15,Bronze
16880,31,7,1491.43,8.571436781609195,746,7.308160942994333,2.25878332811535,6.616065185132817,0,1,Loyal,0.0527,Low,1402.62,Gold
16881,67,1,432.0,432.0,600,6.07073772800249,6.07073772800249,6.398594934535208,0,1,Loyal,0.5237,Medium,595.45,Silver
16882,67,3,705.12,18.08,424,6.559785194721083,2.9486406660201405,6.052089168924417,0,1,Loyal,0.2724,Low,791.55,Gold
16883,187,2,272.48,7.364324324324325,103,5.611228493045593,2.123975557037029,4.6443908991413725,1,0,At-Risk,0.5397,Medium,237.62,Bronze
16884,38,2,429.84,16.532307692307693,320,6.0657367914825695,2.864045332728116,5.771441123130016,0,1,Loyal,0.3659,Low,527.95,Silver
16885,15,3,450.41,4.691770833333334,178,6.112376017438897,1.7390214182318136,5.187385805840755,0,1,Loyal,0.2296,Low,326.81,Silver
16887,35,1,192.33,5.342499999999999,156,5.264398573344411,1.8472730124912995,5.056245805348308,0,1,Loyal,0.3646,Low,194.43,Bronze
16889,195,3,1578.67,11.693851851851852,925,7.364971243447073,2.5411177700939325,6.8308742346461795,1,0,At-Risk,0.2611,Low,1292.62,Gold
16891,2,5,742.43,3.991559139784946,265,6.6112746121740065,1.6077483138229118,5.583496308781699,0,1,Loyal,0.1297,Low,642.06,Silver
16892,1,5,518.19,5.3421649484536085,236,6.25226990480378,1.8472201846794765,5.4680601411351315,0,1,Loyal,0.2081,Low,582.03,Silver
16893,367,1,145.93,3.242888888888889,62,4.989956282887855,1.4452443789550533,4.143134726391533,1,0,At-Risk,0.3184,Low,130.94,Bronze
16895,65,1,202.27,3.26241935483871,91,5.31453514457087,1.4498369227447223,4.5217885770490405,0,1,Loyal,0.2989,Low,163.79,Bronze
16897,299,2,289.78,7.831891891891891,73,5.672566967503279,2.178369248958453,4.30406509320417,1,0,At-Risk,0.6639,Medium,167.06,Bronze
16898,26,3,501.03,3.191273885350318,412,6.218659878862289,1.4330047176428604,6.023447592961033,0,1,Loyal,0.1902,Low,624.67,Silver
16899,8,6,1271.06,10.333821138211382,520,7.148392912598927,2.427791276628675,6.255750041753367,0,1,Loyal,0.1279,Low,1340.24,Gold
16900,17,3,887.11,11.229240506329116,833,6.789095609194309,2.503829846898225,6.726233402358747,0,1,Loyal,0.1484,Low,973.01,Gold
16902,116,1,1706.88,38.79272727272728,629,7.443008114269093,3.683684163751872,6.4457198193855785,1,1,Loyal,0.6405,Medium,1074.41,Gold
16903,29,1,363.2,6.485714285714286,247,5.897703167293508,2.012996442271683,5.5134287461649825,0,1,Loyal,0.3553,Low,330.9,Silver
16904,4,16,3653.75,5.4943609022556394,1984,8.203782970391725,1.870934246860126,7.59337419312129,0,2,High-Value,0.0195,Low,3372.24,Platinum
16905,5,7,3037.6,15.2643216080402,1381,8.019152162009666,2.7889738503582926,7.231287004327616,0,2,High-Value,0.0351,Low,2362.16,Platinum
16906,82,4,559.59,6.506860465116279,263,6.328989800540907,2.015817331115106,5.575949103146316,0,1,Loyal,0.1396,Low,590.88,Silver
16907,29,5,928.76,6.634,286,6.834926488326795,2.032611954323038,5.659482215759621,0,1,Loyal,0.0781,Low,743.22,Gold
16909,72,1,379.14,21.063333333333333,436,5.940539605922692,3.093917105462722,6.07993319509559,0,1,Loyal,0.3779,Low,638.0,Silver
16910,4,8,1508.96,2.7687339449541284,884,7.3198384393918765,1.3267391214389457,6.785587645007929,0,2,High-Value,0.0399,Low,1470.23,Gold
16912,29,11,2555.58,25.5558,1025,7.846425706813547,3.279248179573846,6.933423025730715,0,2,High-Value,0.0348,Low,2366.65,Platinum
16913,290,1,113.44,14.18,82,4.74005066818191,2.719978771967484,4.418840607796598,1,0,At-Risk,0.7003,High,134.04,Bronze
16914,36,1,183.76,6.125333333333333,112,5.2190576855624045,1.9636565086861255,4.727387818712341,0,1,Loyal,0.5489,Medium,179.99,Bronze
16915,9,6,621.6800000000001,10.906666666666668,132,6.4340327431676485,2.477098467340189,4.890349128221754,0,1,Loyal,0.5498,Medium,500.17,Silver
16916,24,2,562.41,4.135367647058823,431,6.334007604663525,1.6361514371289858,6.068425588244111,0,1,Loyal,0.2857,Low,579.76,Silver
16917,277,1,391.52,43.50222222222222,232,5.972587491338293,3.7955391255033826,5.4510384535657,1,0,At-Risk,0.5746,Medium,401.75,Silver
16918,50,6,1068.82,8.35015625,721,6.975245689005592,2.235393054390911,6.582025138892826,0,1,Loyal,0.0869,Low,1300.77,Gold
16919,156,11,2592.25,7.951687116564417,1403,7.8606671943119375,2.191842019166065,7.247080584585756,1,2,High-Value,0.1454,Low,2433.82,Platinum
16921,61,1,154.18,2.8032727272727276,154,5.044585733465803,1.3358619400936511,5.043425116919247,0,1,Loyal,0.1655,Low,187.52,Bronze
16923,12,19,7069.08,11.292460063897764,3344,8.863627074243855,2.5089860714801127,8.11522197256233,0,2,High-Value,0.001,Low,5871.72,Platinum
16924,21,3,829.89,10.245555555555557,467,6.722497415455896,2.4199729888645902,6.148468295917647,0,1,Loyal,0.1583,Low,799.36,Gold
16926,371,1,230.25,16.446428571428573,35,5.443499376392535,2.8591349613076336,3.58351893845611,1,0,At-Risk,0.7635,High,148.35,Bronze
16927,116,3,543.05,90.50833333333333,993,6.299041154397021,4.516430042815667,6.901737206656574,1,1,Loyal,0.686,Medium,717.56,Gold
16928,80,17,2814.7,13.797549019607844,2092,7.942966177511865,2.694461560272498,7.646353722445999,0,2,High-Value,0.0097,Low,3355.7,Platinum
16929,4,7,1295.39,16.823246753246753,929,7.167338757569021,2.880503602598672,6.835184586147301,0,1,Loyal,0.0526,Low,1427.56,Gold
16930,26,3,378.89,7.148867924528302,339,5.9398817371306265,2.0978790126387308,5.8289456176102075,0,1,Loyal,0.2095,Low,527.63,Silver
16931,5,21,4554.87,5.140936794582393,3134,8.424171790358395,1.814977302928621,8.050384453067021,0,2,High-Value,0.0016,Low,4935.62,Platinum
16932,53,1,150.23000000000002,3.129791666666667,82,5.018801856762649,1.4182269617942287,4.418840607796598,0,1,Loyal,0.3075,Low,144.27,Bronze
16933,1,2,563.23,12.800681818181818,288,6.335461969788099,2.6247179980572923,5.666426688112432,0,1,Loyal,0.3023,Low,456.14,Silver
16934,55,2,931.03,15.262786885245902,397,6.837365003008744,2.788879484589767,5.986452005284438,0,1,Loyal,0.3205,Low,716.12,Gold
16936,26,1,261.9,4.676785714285714,171,5.571773731735836,1.7363851771816077,5.147494476813453,0,1,Loyal,0.4157,Medium,199.52,Bronze
16938,9,4,2711.6800000000003,11.539063829787237,2533,7.905692355094029,2.528848877696061,7.837554360881084,0,2,High-Value,0.0712,Low,3026.68,Platinum
16940,52,3,3049.88,9.99960655737705,2169,8.023185352576407,2.3978595046475206,7.682482446534506,0,2,High-Value,0.1446,Low,3019.5,Platinum
16942,13,9,1904.99,6.877220216606498,805,7.5527568376106675,2.063975077243755,6.692083742506628,0,2,High-Value,0.0533,Low,1695.82,Platinum
16943,212,3,816.73,24.74939393939394,145,6.706532208766916,3.2484110904985455,4.983606621708336,1,0,At-Risk,0.4875,Medium,335.04,Silver
16945,22,19,4345.5,17.451807228915662,2725,8.377126202519118,2.915162318476232,7.910590612256477,0,2,High-Value,0.0116,Low,4985.55,Platinum
16947,236,1,406.48,19.356190476190477,312,6.009991851721866,3.013385065933273,5.746203190540153,1,0,At-Risk,0.5509,Medium,512.02,Silver
16948,139,3,435.02,22.89578947368421,1614,6.0776881138566,3.173702270768045,7.387090235656757,1,1,Loyal,0.7176,High,853.24,Gold
16949,4,6,1286.27,21.437833333333337,791,7.160278975803028,3.110748522219855,6.674561391814426,0,1,Loyal,0.1224,Low,1616.3,Gold
16950,57,3,1178.56,28.06095238095238,644,7.072896766566239,3.3693954305215783,6.4692503167957724,0,1,Loyal,0.2706,Low,1147.31,Gold
16951,135,3,1277.75,14.857558139534884,1318,7.153638317265837,2.763646240893773,7.1846291527173145,1,1,Loyal,0.2191,Low,1546.48,Gold
16952,109,2,167.61,10.475625,92,5.127588355789889,2.4402252206943142,4.532599493153256,1,1,Loyal,0.6277,Medium,190.52,Bronze
16953,30,1,20.8,20.8,10,3.0819099697950434,3.0819099697950434,2.3978952727983707,0,1,Loyal,0.461,Medium,27.59,Bronze
16954,1,9,2085.08,38.61259259259259,1054,7.643041985736175,3.6791470624732554,6.961296045910167,0,2,High-Value,0.0328,Low,2311.92,Platinum
16955,185,4,518.67,20.746799999999997,266,6.25319399473728,3.0794666202737555,5.58724865840025,1,0,At-Risk,0.5375,Medium,592.18,Silver
16956,18,1,308.74,19.29625,114,5.735733235888028,3.0104361399191872,4.74493212836325,0,1,Loyal,0.6477,Medium,265.22,Bronze
16957,239,2,416.64,26.04,172,6.03461981742191,3.2973172511747633,5.153291594497779,1,0,At-Risk,0.5437,Medium,360.66,Silver
16959,87,1,117.35,16.764285714285716,49,4.773646335959993,2.8771900211941004,3.912023005428146,0,1,Loyal,0.6096,Medium,126.12,Bronze
16960,39,3,507.05,5.02029702970297,304,6.2305798679318904,1.795136598585749,5.720311776607412,0,1,Loyal,0.1881,Low,541.36,Silver
16961,116,1,234.17,16.72642857142857,125,5.46030865686874,2.8750566655839345,4.836281906951478,1,1,Loyal,0.6669,Medium,277.81,Bronze
16963,187,1,110.55,15.792857142857144,35,4.714472920878541,2.8209536259307653,3.58351893845611,1,0,At-Risk,0.784,High,111.84,Bronze
16965,227,1,201.19,7.738076923076923,291,5.309207849379209,2.167690133772359,5.676753802268282,1,0,At-Risk,0.4396,Medium,289.94,Bronze
16966,8,7,2154.97,76.96321428571427,1981,7.675996017275306,4.356237103724195,7.591861714889934,0,2,High-Value,0.0655,Low,3421.45,Platinum
16967,189,1,319.02,15.19142857142857,333,5.768383493840728,2.78448200168616,5.811140992976701,1,0,At-Risk,0.4751,Medium,356.59,Silver
16968,4,2,439.43,14.17516129032258,326,6.087751522419478,2.7196599655759037,5.7899601708972535,0,1,Loyal,0.296,Low,468.09,Silver
16969,39,3,650.41,15.48595238095238,816,6.479139244274806,2.802508647433169,6.705639094860003,0,1,Loyal,0.2077,Low,1013.05,Gold
16971,38,1,357.21,8.712439024390243,72,5.881119406601529,2.273407437619,4.290459441148391,0,1,Loyal,0.7235,High,196.26,Bronze
16976,267,1,251.52,125.76,88,5.5314904534994245,4.84229553482272,4.48863636973214,1,0,At-Risk,0.6954,Medium,223.97,Bronze
16978,78,1,344.33,8.828974358974358,166,5.84450048159508,2.2853345908695584,5.117993812416755,0,1,Loyal,0.4627,Medium,201.94,Bronze
16979,4,6,1852.0,20.808988764044944,865,7.52456122628536,3.0823222134368704,6.763884908562435,0,2,High-Value,0.107,Low,1835.31,Platinum
16980,255,2,1028.46,12.697037037037038,739,6.936789671900485,2.617179534774511,6.606650186198215,1,0,At-Risk,0.3602,Low,884.58,Gold
16982,61,1,384.06,17.457272727272727,182,5.95339916630119,2.9154584785757796,5.209486152841421,0,1,Loyal,0.4458,Medium,341.34,Silver
16983,13,7,1905.87,13.327762237762236,1335,7.553218433376379,2.662199070383025,7.197435354096591,0,2,High-Value,0.036,Low,2047.01,Platinum
16984,88,2,4459.52,11.1488,2380,8.40302063014605,2.497230399476833,7.7752758464868625,0,2,High-Value,0.1877,Low,3283.61,Platinum
16985,17,10,5464.12,45.53433333333333,1832,8.606141358283566,3.840190391400603,7.513709247839705,0,2,High-Value,0.0103,Low,4521.42,Platinum
16986,30,2,1873.2,624.4,1040,7.535937180689723,6.438391445023741,6.947937068614969,0,1,Loyal,0.3757,Low,1869.28,Platinum
16987,3,7,1616.8,12.63125,401,7.388822480583852,2.612364950967802,5.996452088619021,0,2,High-Value,0.0801,Low,957.17,Gold
16988,5,1,126.12,18.017142857142854,43,4.845131522228461,2.945340828017585,3.784189633918261,0,1,Loyal,0.5499,Medium,138.07,Bronze
16989,7,6,1133.25,94.4375,1233,7.033726918544073,4.558471582978851,7.1180162044653335,0,1,Loyal,0.1477,Low,1626.29,Platinum
16990,219,1,179.0,179.0,100,5.19295685089021,5.19295685089021,4.61512051684126,1,0,At-Risk,0.7317,High,205.52,Bronze
16992,11,5,1614.31,17.358172043010754,860,7.38728216770102,2.9100748183082077,6.7580945044277305,0,1,Loyal,0.1223,Low,1324.79,Gold
16996,30,6,1456.96,39.3772972972973,544,7.284793477350012,3.698267678928401,6.300785794663244,0,1,Loyal,0.1241,Low,1276.65,Gold
16997,288,3,702.0,58.5,360,6.555356891810665,4.085976312551584,5.8888779583328805,1,0,At-Risk,0.3171,Low,765.29,Gold
16998,150,4,295.0,73.75,76,5.69035945432406,4.314149212270796,4.343805421853684,1,0,At-Risk,0.6116,Medium,402.38,Silver
16999,23,2,484.82,21.07913043478261,294,6.185838184926078,3.0946328381507127,5.68697535633982,0,1,Loyal,0.4705,Medium,598.34,Silver
17001,1,11,3989.57,23.60692307692308,2164,8.291689356823657,3.203027829236661,7.68017564043659,0,2,High-Value,0.0116,Low,3877.55,Platinum
17002,86,3,1493.73,30.484285714285715,679,7.309700867507591,3.449488555143287,6.522092798170152,0,1,Loyal,0.2815,Low,1159.09,Gold
17004,46,2,1312.14,30.51488372093023,771,7.180176494665863,3.450459933316199,6.648984550024776,0,1,Loyal,0.327,Low,1252.52,Gold
17006,5,4,781.78,17.76772727272727,272,6.6628516858853635,2.932138760301235,5.60947179518496,0,1,Loyal,0.1765,Low,635.93,Silver
17007,51,6,889.9300000000001,17.114038461538463,597,6.7922658609726465,2.896687243255044,6.393590753950631,0,1,Loyal,0.1313,Low,1145.47,Gold
17010,18,1,195.36,17.76,118,5.279949709189852,2.9317269435780786,4.77912349311153,0,1,Loyal,0.6262,Medium,260.45,Bronze
17011,30,1,270.9,18.06,186,5.605434351638425,2.947591898226056,5.231108616854587,0,1,Loyal,0.4422,Medium,334.25,Silver
17014,8,3,583.4300000000001,8.103194444444446,243,6.370637013261223,2.208625389774471,5.497168225293202,0,1,Loyal,0.2552,Low,461.45,Silver
17015,29,3,1838.61,8.591635514018693,1978,7.5173088716153345,2.260891418047718,7.590346945602565,0,1,Loyal,0.1286,Low,2227.93,Platinum
17017,3,20,8694.26,34.50103174603175,6673,9.070533328583988,3.5695617593275415,8.80597465931132,0,2,High-Value,0.0016,Low,10892.64,Platinum
17018,41,2,920.1,57.50625,176,6.82556860799419,4.069133586137918,5.176149732573829,0,1,Loyal,0.3888,Low,382.56,Silver
17019,11,4,1258.08,5.517894736842105,820,7.138136574519652,1.8745514306749764,6.710523109452428,0,1,Loyal,0.0817,Low,900.57,Gold
17022,31,1,71.0,10.142857142857142,108,4.276666119016055,2.4107986776342782,4.6913478822291435,0,1,Loyal,0.539,Medium,117.82,Bronze
17024,45,3,95.85,31.95,69,4.573163389853005,3.4949912609485163,4.248495242049359,0,1,Loyal,0.2987,Low,160.91,Bronze
17025,61,3,357.77,39.75222222222222,235,5.882681514648826,3.7075103712606663,5.4638318050256105,0,1,Loyal,0.3441,Low,429.27,Silver
17026,185,2,154.82999999999998,38.7075,97,5.048765669457523,3.681540086727173,4.584967478670572,1,0,At-Risk,0.5773,Medium,227.64,Bronze
17027,79,6,877.5600000000001,5.92945945945946,416,6.778284203530562,1.9357818100816475,6.0330862217988015,0,1,Loyal,0.0844,Low,930.11,Gold
17029,111,2,716.0,358.0,400,6.57507584059962,5.883322388488279,5.993961427306569,1,1,Loyal,0.7368,High,683.24,Gold
17030,64,1,146.87,13.351818181818182,146,4.996333509385396,2.663876636745265,4.990432586778736,0,1,Loyal,0.5189,Medium,201.7,Bronze
17031,12,2,380.35,17.288636363636364,235,5.943717588610248,2.906279903233826,5.4638318050256105,0,1,Loyal,0.2942,Low,386.23,Silver
17033,86,3,1030.14,36.79071428571429,750,6.9384202652929305,3.632063418630618,6.621405651764134,0,1,Loyal,0.2572,Low,1235.68,Gold
17034,16,3,745.52,24.850666666666665,410,6.615422408314929,3.2523363904349103,6.018593214496234,0,1,Loyal,0.293,Low,909.18,Gold
17035,246,2,433.53,15.483214285714286,229,6.07426498720113,2.8023425470720604,5.438079308923196,1,0,At-Risk,0.3814,Low,359.55,Silver
17037,88,1,1267.32,16.8976,656,7.145448469088846,2.884666625645132,6.48768401848461,0,1,Loyal,0.3919,Low,1087.06,Gold
17038,30,1,112.4,5.109090909090909,28,4.730921391293652,1.8097779747307337,3.367295829986474,0,1,Loyal,0.7545,High,95.45,Bronze
17040,138,1,449.73,29.982000000000003,181,6.110868490605405,3.4334063906841714,5.204006687076795,1,1,Loyal,0.5566,Medium,349.34,Silver
17041,27,3,1071.49,15.528840579710144,927,6.977738326749379,2.8051067690045697,6.833031732786201,0,1,Loyal,0.1884,Low,1209.93,Gold
17042,3,5,1036.58,10.686391752577318,990,6.944646357565886,2.4584250668098986,6.898714534329988,0,1,Loyal,0.0839,Low,1270.26,Gold
17043,32,4,1735.18,17.01156862745098,998,7.459442576481153,2.891014252977044,6.906754778648554,0,1,Loyal,0.1251,Low,1407.14,Gold
17044,25,1,948.48,158.08,504,6.855914466312751,5.06940722033949,6.22455842927536,0,1,Loyal,0.3974,Low,841.49,Gold
17045,113,3,339.44,15.42909090909091,106,5.83023889860876,2.799053599361377,4.672828834461906,1,1,Loyal,0.5049,Medium,263.84,Bronze
17046,157,1,642.02,29.182727272727274,510,6.466175827952961,3.407269816146433,6.236369590203704,1,1,Loyal,0.5605,Medium,795.56,Gold
17047,85,3,1100.9,16.93692307692308,533,7.004791241493732,2.886861330043609,6.280395838960195,0,1,Loyal,0.2247,Low,912.06,Gold
17048,118,3,925.35,21.519767441860463,485,6.831252132996021,3.1143934764801786,6.186208623900494,1,1,Loyal,0.2817,Low,926.02,Gold
17049,3,9,5655.03,17.839211356466876,2673,8.64047751166418,2.935940408211916,7.891330757661889,0,2,High-Value,0.0052,Low,4342.98,Platinum
17050,96,6,3185.64,10.342987012987011,1595,8.066722349141488,2.4285996686399027,7.375255778009755,1,2,High-Value,0.2303,Low,2554.16,Platinum
17051,194,1,240.89,5.735476190476191,179,5.48848307736504,1.9073885112198228,5.19295685089021,1,0,At-Risk,0.4297,Medium,218.87,Bronze
17052,28,1,399.09,4.808313253012048,251,5.9916895217992785,1.759290210815322,5.529429087511423,0,1,Loyal,0.3653,Low,361.31,Silver
17053,131,1,498.48,38.34461538461539,122,6.213567557246944,3.672359126481431,4.812184355372417,1,1,Loyal,0.6198,Medium,295.47,Bronze
17054,28,5,1356.33,16.34132530120482,804,7.213274813763555,2.8530923987203787,6.690842277418564,0,1,Loyal,0.1318,Low,1260.9,Gold
17058,82,3,1179.89,19.030483870967743,592,7.074023670453844,2.9972553066983623,6.385194398997726,0,1,Loyal,0.224,Low,923.38,Gold
17059,30,5,3080.39,5.9929766536964975,1850,8.033136072864288,1.9449063101914177,7.523481312573497,0,2,High-Value,0.036,Low,2492.08,Platinum
17060,266,1,234.24,46.848,216,5.460606269591755,3.868029319742256,5.37989735354046,1,0,At-Risk,0.6097,Medium,328.66,Silver
17061,74,11,5232.2300000000005,52.850808080808086,1526,8.56278395725042,3.9862174096329466,7.331060305218632,0,2,High-Value,0.1736,Low,4005.68,Platinum
17062,314,4,533.33,7.7294202898550735,418,6.281013625618804,2.1666989632772355,6.037870919922137,1,0,At-Risk,0.428,Medium,641.07,Silver
17063,21,7,1461.14,18.732564102564105,770,7.287656394959027,2.982270271173079,6.647688373563329,0,1,Loyal,0.0511,Low,1382.42,Gold
17064,59,3,855.45,14.02377049180328,316,6.752795938943994,2.7096336462445456,5.75890177387728,0,1,Loyal,0.1595,Low,589.48,Silver
17068,12,21,4552.14,15.378851351351353,2164,8.423572383818774,2.795990950895921,7.68017564043659,0,2,High-Value,0.0077,Low,4214.89,Platinum
17069,28,9,2709.7000000000003,18.948951048951052,1506,7.904962183102404,2.993176562953601,7.317876198626496,0,2,High-Value,0.0344,Low,2648.92,Platinum
17070,114,1,304.24,4.9070967741935485,131,5.721098352421432,1.776154471159165,4.882801922586371,1,1,Loyal,0.7431,High,200.02,Bronze
17071,28,9,2429.03,17.350214285714287,1197,7.795658881937399,2.909641252127997,7.088408778675395,0,2,High-Value,0.0305,Low,2292.53,Platinum
17073,18,4,1446.09,8.310862068965516,759,7.277309922347601,2.2311816830243036,6.633318433280377,0,1,Loyal,0.1334,Low,1095.57,Gold
17075,18,4,834.12,10.832727272727272,292,6.727575427100043,2.4708691901124116,5.680172609017068,0,1,Loyal,0.1664,Low,705.47,Gold
17076,36,3,841.0799999999999,33.6432,295,6.735875021605469,3.545101458180467,5.69035945432406,0,1,Loyal,0.228,Low,675.58,Gold
17078,36,2,378.2,13.507142857142856,788,5.938063770380866,2.67464113897108,6.670766320845874,0,1,Loyal,0.2498,Low,608.16,Silver
17079,78,1,118.8,59.400000000000006,24,4.785823685681349,4.100989104940769,3.218875824868201,0,1,Loyal,0.5274,Medium,106.97,Bronze
17080,22,2,287.62,35.9525,166,5.665110944007932,3.609633304104091,5.117993812416755,0,1,Loyal,0.3754,Low,407.44,Silver
17081,25,2,288.91,4.585873015873016,77,5.669570529986012,1.720240734696214,4.356708826689592,0,1,Loyal,0.3417,Low,209.38,Bronze
17082,33,2,2003.85,24.738888888888887,1049,7.603324523974459,3.248003034526438,6.956545443151569,0,1,Loyal,0.312,Low,1758.6,Platinum
17083,109,3,1405.78,27.034230769230767,772,7.249058683836842,3.3334262909695154,6.650279048587422,1,1,Loyal,0.3121,Low,1187.69,Gold
17084,35,2,2747.99,18.44288590604027,1702,7.918988850472198,2.9674812399711956,7.440146680662688,0,1,Loyal,0.2346,Low,2459.98,Platinum
17085,123,5,1562.4,8.4,785,7.35461821578623,2.2407096892759584,6.666956792429207,1,1,Loyal,0.2397,Low,1432.83,Gold
17086,7,6,2050.08,21.355,1859,7.626121762674929,3.107050009685944,7.528331766707247,0,2,High-Value,0.0424,Low,2622.68,Platinum
17088,28,4,1991.01,17.313130434782607,868,7.596899458212264,2.907618312657479,6.767343125265392,0,1,Loyal,0.1702,Low,1359.21,Gold
17090,4,7,1974.65,32.37131147540984,903,7.588652737113165,3.507696593022178,6.806829360392176,0,2,High-Value,0.0395,Low,2093.88,Platinum
17091,3,9,3827.76,19.629538461538463,1746,8.250296269962053,3.0267239546340847,7.465655310134056,0,2,High-Value,0.02,Low,3306.75,Platinum
17092,50,4,1774.03,14.306693548387097,1130,7.48157260317514,2.7282902195516177,7.030857476116121,0,1,Loyal,0.1228,Low,1626.28,Platinum
17094,322,1,302.0,21.571428571428573,152,5.713732805509369,3.1166848839716534,5.030437921392435,1,0,At-Risk,0.632,Medium,301.67,Bronze
17095,23,3,1324.16,17.894054054054056,618,7.189288485847039,2.938847272253936,6.428105272684596,0,1,Loyal,0.2307,Low,1115.49,Gold
17096,15,4,1022.13,21.294375,339,6.930621835101851,3.104334404495204,5.8289456176102075,0,1,Loyal,0.1905,Low,782.96,Gold
17097,2,8,954.42,4.523317535545024,459,6.862151034377116,1.708978682575268,6.131226489483141,0,1,Loyal,0.1151,Low,960.56,Gold
17100,18,2,971.74,14.949846153846154,800,6.880116831678181,2.769449183657448,6.68586094706836,0,1,Loyal,0.2473,Low,821.63,Gold
17101,10,4,1621.73,38.61261904761905,815,7.391865195080271,3.6791477303168856,6.704414354964107,0,1,Loyal,0.1719,Low,1485.8,Gold
17102,262,1,25.5,25.5,2,3.277144732992177,3.277144732992177,1.0986122886681098,1,0,At-Risk,0.8168,High,30.75,Bronze
17105,159,2,665.78,7.397555555555555,693,6.50246015642561,2.1279406582080065,6.542471960506805,1,1,Loyal,0.2796,Low,828.47,Gold
17107,33,6,10797.48,25.955480769230768,4826,9.287160662466665,3.294186644739036,8.481980435660493,0,2,High-Value,0.0259,Low,8022.63,Platinum
17109,29,6,881.29,7.597327586206896,588,6.782520800150454,2.151451409178089,6.3784261836515865,0,1,Loyal,0.0999,Low,1244.53,Gold
17110,165,1,163.29999999999998,13.608333333333333,50,5.101694025043222,2.6815921421391886,3.9318256327243257,1,0,At-Risk,0.6321,Medium,118.88,Bronze
17111,47,1,231.61,7.986551724137931,282,5.449363231421816,2.1957292069534646,5.645446897643238,0,1,Loyal,0.3756,Low,292.71,Bronze
17114,6,8,801.12,6.5131707317073175,215,6.687258222608833,2.0166575779667415,5.375278407684165,0,1,Loyal,0.1288,Low,715.36,Gold
17115,8,3,837.5,21.474358974358974,372,6.731614581263264,3.1123750582316427,5.921578419643816,0,1,Loyal,0.2688,Low,805.51,Gold
17117,288,1,116.2,12.91111111111111,68,4.763881877142913,2.6326878813297787,4.23410650459726,1,0,At-Risk,0.6865,Medium,122.4,Bronze
17118,318,1,157.02,15.702000000000002,154,5.062721607294587,2.815528472731038,5.043425116919247,1,0,At-Risk,0.4989,Medium,235.28,Bronze
17119,3,2,606.91,17.340285714285713,334,6.410026844693401,2.9091000454575555,5.814130531825066,0,1,Loyal,0.3558,Low,562.13,Silver
17120,233,1,307.46,17.08111111111111,120,5.731592175295468,2.8948678083363033,4.795790545596741,1,0,At-Risk,0.6904,Medium,263.29,Bronze
17122,119,1,138.32,19.76,80,4.9367734454978,3.033028058297688,4.394449154672439,1,1,Loyal,0.6667,Medium,180.28,Bronze
17123,162,1,345.29999999999995,38.36666666666666,246,5.847305451408376,3.6729194345352063,5.5093883366279774,1,0,At-Risk,0.6166,Medium,392.55,Silver
17124,185,1,294.24,9.491612903225809,129,5.687788584901852,2.3505761668544904,4.867534450455582,1,0,At-Risk,0.725,High,218.83,Bronze
17125,50,1,230.5,6.585714285714285,281,5.444579873526289,2.02626677919258,5.641907070938114,0,1,Loyal,0.3411,Low,349.65,Silver
17126,152,5,989.45,3.989717741935484,780,6.89815938530869,1.607379343421194,6.660575149839686,1,1,Loyal,0.072,Low,1225.12,Gold
17128,335,1,157.09,11.220714285714283,76,5.063164491108096,2.5031324042212986,4.343805421853684,1,0,At-Risk,0.6799,Medium,151.81,Bronze
17131,5,5,2463.17,18.38186567164179,983,7.8096103157799615,2.9643378697157377,6.891625897052253,0,2,High-Value,0.0902,Low,1737.51,Platinum
17133,16,7,4892.240000000001,181.1940740740741,2730,8.495609939749011,5.2050724600053515,7.912423121473705,0,2,High-Value,0.0323,Low,4277.48,Platinum
17134,107,2,413.2,17.965217391304346,98,6.026348948961484,2.942606637838379,4.59511985013459,1,1,Loyal,0.5516,Medium,286.46,Bronze
17135,16,7,1139.73,21.917884615384615,1224,7.039423687328594,3.131917593319474,7.110696122978827,0,1,Loyal,0.0555,Low,1735.13,Platinum
17138,276,1,380.5,15.854166666666666,126,5.9441108507245115,2.8245979061506006,4.844187086458591,1,0,At-Risk,0.683,Medium,273.52,Bronze
17139,16,12,10650.77,22.328658280922433,5176,9.273481354511448,3.1496825739175867,8.551981016901902,0,2,High-Value,0.0035,Low,9255.45,Platinum
17140,247,1,454.12,25.22888888888889,296,6.1205611204423915,3.2668614326647036,5.6937321388027,1,0,At-Risk,0.5934,Medium,431.59,Silver
17142,239,1,579.0,38.6,81,6.363028103540465,3.6788291182604342,4.406719247264253,1,0,At-Risk,0.6495,Medium,338.34,Silver
17144,1,2,984.57,20.511875,483,6.893220154004312,3.06860510823938,6.182084906716632,0,1,Loyal,0.3024,Low,810.03,Gold
17146,106,3,749.78,21.422285714285714,212,6.621112666105018,3.110055362237216,5.3612921657094255,1,1,Loyal,0.4381,Medium,539.15,Silver
17147,23,4,1714.59,21.167777777777776,882,7.447512323761201,3.0986397830507504,6.78332520060396,0,1,Loyal,0.1579,Low,1344.44,Gold
17148,52,1,124.88,13.875555555555556,82,4.835329072196206,2.6997192990069063,4.418840607796598,0,1,Loyal,0.6468,Medium,132.22,Bronze
17152,195,3,1689.5,120.67857142857144,517,7.43277962214794,4.801382907485762,6.249975242259483,1,0,At-Risk,0.4252,Medium,1159.43,Gold
17153,24,1,213.78,15.27,104,5.369614248430071,2.7893229212309465,4.653960350157523,0,1,Loyal,0.6136,Medium,153.12,Bronze
17154,75,1,329.34,14.319130434782608,490,5.800122427092944,2.7291024025698443,6.19644412779452,0,1,Loyal,0.3992,Low,425.94,Silver
17155,18,2,251.7,12.585,242,5.532203014394149,2.608966242878311,5.493061443340548,0,1,Loyal,0.2537,Low,365.96,Silver
17157,8,2,319.0,24.53846153846154,172,5.768320995793772,3.240185611454952,5.153291594497779,0,1,Loyal,0.4296,Medium,358.08,Silver
17158,32,3,1266.97,18.91,778,7.145172475411292,2.991222118076105,6.658011045870748,0,1,Loyal,0.2193,Low,1236.21,Gold
17159,22,3,1538.88,15.236435643564358,1111,7.33945977029367,2.787257830568169,7.013915474810528,0,1,Loyal,0.1376,Low,1541.68,Gold
17160,31,6,3518.03,15.362576419213974,2856,8.165940662434437,2.7949968016125206,7.957527402230773,0,2,High-Value,0.0268,Low,3598.08,Platinum
17162,29,10,1715.46,16.494807692307692,1001,7.448019309392898,2.8619041336076334,6.90975328164481,0,2,High-Value,0.0324,Low,1852.79,Platinum
17163,22,2,293.1,58.620000000000005,66,5.68391984555995,4.087991088249925,4.204692619390966,0,1,Loyal,0.417,Medium,254.24,Bronze
17164,33,7,2467.35,17.134375,1501,7.811305190205457,2.897809308396836,7.31455283232408,0,2,High-Value,0.0347,Low,2377.91,Platinum
17165,284,1,158.68,15.868,100,5.073171812563154,2.8254183358843132,4.61512051684126,1,0,At-Risk,0.6923,Medium,198.03,Bronze
17166,39,2,206.34,17.195,78,5.334359957894966,2.901146831064123,4.3694478524670215,0,1,Loyal,0.4834,Medium,202.1,Bronze
17169,58,2,835.78,15.477407407407409,526,6.729561192451421,2.8019901945939414,6.267200548541362,0,1,Loyal,0.284,Low,703.53,Gold
17171,289,1,224.91,14.056875,185,5.420136689869131,2.711834697519902,5.225746673713202,1,0,At-Risk,0.4293,Medium,243.3,Bronze
17172,79,1,317.76,21.184,480,5.764438468529548,3.099371308313477,6.175867270105761,0,1,Loyal,0.3847,Low,541.65,Silver
17173,5,8,3766.6,43.79767441860465,1122,8.234193472948663,3.80215622777455,7.023758954738443,0,2,High-Value,0.0621,Low,2688.15,Platinum
17174,218,1,59.9,14.975,41,4.109233174715851,2.7710250002635983,3.737669618283368,1,0,At-Risk,0.8246,High,99.01,Bronze
17175,44,4,1443.69,22.915714285714287,866,7.275650044659092,3.1745357443723803,6.7650389767805414,0,1,Loyal,0.1712,Low,1398.22,Gold
17176,202,1,306.13,20.408666666666665,170,5.7272711107251055,3.063795824467424,5.14166355650266,1,0,At-Risk,0.5005,Medium,336.61,Silver
17179,178,3,711.79,8.897375,290,6.569186846877494,2.2922695704665146,5.673323267171493,1,0,At-Risk,0.3256,Low,558.75,Silver
17180,56,4,783.97,6.27176,670,6.665645500491627,1.9839983530302268,6.508769136971682,0,1,Loyal,0.0944,Low,1026.1,Gold
17181,57,2,239.92,10.431304347826089,241,5.48446492817552,2.4363555874662257,5.488937726156687,0,1,Loyal,0.211,Low,430.11,Silver
17183,8,6,3347.31,45.85356164383562,1296,8.116211019915529,3.84702702807526,7.167809184316444,0,2,High-Value,0.0937,Low,2428.33,Platinum
17186,47,2,144.0,72.0,200,4.976733742420574,4.290459441148391,5.303304908059076,0,1,Loyal,0.4371,Medium,264.72,Bronze
17187,227,1,203.95,20.395,144,5.322766046950346,3.06315724986878,4.976733742420574,1,0,At-Risk,0.6359,Medium,283.06,Bronze
17188,11,7,2474.23,29.455119047619046,1328,7.814088599978061,3.4162540932487624,7.192182058713246,0,2,High-Value,0.0318,Low,2491.73,Platinum
17189,106,2,383.75,6.395833333333333,226,5.952593772718989,2.000916778567525,5.424950017481403,1,1,Loyal,0.3291,Low,357.87,Silver
17190,59,2,444.74,23.40736842105263,161,6.09973582239177,3.194885071180394,5.087596335232384,0,1,Loyal,0.37,Low,373.46,Silver
17191,28,7,2093.68,8.871525423728812,1166,7.647156076059518,2.28965439304647,7.062191632286556,0,2,High-Value,0.0375,Low,2118.76,Platinum
17193,36,7,1699.3000000000002,53.103125000000006,1254,7.43855998506344,3.990891947585304,7.134890851565884,0,2,High-Value,0.1254,Low,2210.66,Platinum
17194,274,2,262.62,9.055862068965515,119,5.57450867228432,2.308155754901666,4.787491742782046,1,0,At-Risk,0.5434,Medium,296.84,Bronze
17197,30,1,1013.01,34.93137931034483,191,6.921668046035439,3.581610989209771,5.2574953720277815,0,1,Loyal,0.4809,Medium,455.08,Silver
17198,24,3,692.22,7.210625,357,6.541347409127499,2.1054290472416355,5.8805329864007,0,1,Loyal,0.1212,Low,631.15,Silver
17201,54,1,289.78,7.62578947368421,231,5.672566967503279,2.1547564919092954,5.44673737166631,0,1,Loyal,0.3639,Low,298.59,Bronze
17203,36,6,3560.08,24.05459459459459,2846,8.17781914862498,3.221057227661926,7.954021087278037,0,2,High-Value,0.0271,Low,4109.39,Platinum
17204,175,4,1564.56,27.448421052631577,646,7.355998866445309,3.3480926600034446,6.472346294500901,1,1,Loyal,0.2738,Low,1186.66,Gold
17205,54,1,384.08,29.544615384615383,884,5.953451104909766,3.419188414259984,6.785587645007929,0,1,Loyal,0.4255,Medium,819.23,Gold
17206,53,1,204.24,29.177142857142854,76,5.324180026073764,3.4070847787834193,4.343805421853684,0,1,Loyal,0.6351,Medium,188.84,Bronze
17211,27,8,2317.2200000000003,10.982085308056874,1323,7.748554928800743,2.483412643320654,7.188412736496954,0,2,High-Value,0.0363,Low,2243.78,Platinum
17212,253,1,226.85,56.7125,147,5.428687517709892,4.055473787833107,4.997212273764115,1,0,At-Risk,0.6344,Medium,219.27,Bronze
17213,40,7,2781.23,17.71484076433121,1176,7.931008043401064,2.9293168328687504,7.0707241072602764,0,2,High-Value,0.0324,Low,2331.29,Platinum
17214,60,6,1059.12,10.486336633663369,272,6.966137388245792,2.441158210184609,5.60947179518496,0,1,Loyal,0.1933,Low,825.52,Gold
17217,234,1,113.5,12.61111111111111,24,4.740574822994295,2.6108864526485625,3.218875824868201,1,0,At-Risk,0.761,High,107.12,Bronze
17218,4,10,1951.97,7.202841328413284,955,7.577106569775595,2.1044805977167806,6.862757913051401,0,2,High-Value,0.0581,Low,1845.32,Platinum
17219,32,1,114.23,4.5692,89,4.746930131025923,1.7172514170529936,4.499809670330265,0,1,Loyal,0.403,Medium,147.65,Bronze
17220,24,14,3187.55,6.8255888650963605,1897,8.067321546987245,2.0573989879201657,7.5485559791698735,0,2,High-Value,0.0216,Low,3190.06,Platinum
17221,7,2,334.48,5.39483870967742,287,5.815562342116211,1.8554912133956865,5.662960480135946,0,1,Loyal,0.2903,Low,456.26,Silver
17222,65,1,328.65,12.17222222222222,122,5.798031485559308,2.578110235175195,4.812184355372417,0,1,Loyal,0.6319,Medium,144.8,Bronze
17223,310,2,416.89,8.685208333333334,110,6.035218239997905,2.2705998075551537,4.709530201312334,1,0,At-Risk,0.5743,Medium,320.94,Silver
17226,309,1,393.49,18.73761904761905,406,5.977593791422191,2.982526411108551,6.008813185442595,1,0,At-Risk,0.4149,Medium,812.44,Gold
17227,19,6,939.32,19.985531914893617,741,6.84622024286434,3.043833243850239,6.60934924316738,0,1,Loyal,0.1049,Low,1417.97,Gold
17228,16,8,1906.09,9.16389423076923,1532,7.553333799033199,2.318841659143366,7.334981878871814,0,2,High-Value,0.0618,Low,2247.04,Platinum
17229,96,2,318.76,6.782127659574468,185,5.767570714403068,2.051829778896387,5.225746673713202,1,1,Loyal,0.377,Low,307.08,Silver
17230,264,8,3638.41,52.73057971014492,1651,8.199576859581033,3.9839822940021783,7.409741954080923,1,0,At-Risk,0.3653,Low,3404.98,Platinum
17231,12,10,3124.72,5.884595103578154,1724,8.047419935632497,1.9292863219659504,7.45298232946546,0,2,High-Value,0.0325,Low,2641.76,Platinum
17232,3,2,417.77,11.936285714285711,202,6.037321843192776,2.5600362087876776,5.313205979041787,0,1,Loyal,0.3435,Low,345.34,Silver
17233,35,1,190.88,7.6352,131,5.256870176633863,2.1558468728822415,4.882801922586371,0,1,Loyal,0.6728,Medium,186.47,Bronze
17234,183,1,149.89,10.706428571428573,55,5.0165510945255605,2.4601381414604773,4.02535169073515,1,0,At-Risk,0.6508,Medium,115.53,Bronze
17235,25,2,550.06,18.96758620689655,224,6.311843696146471,2.9941102691606254,5.41610040220442,0,1,Loyal,0.3461,Low,382.82,Silver
17236,13,6,916.13,8.725047619047618,474,6.821249228838842,2.274704786052688,6.163314804034641,0,1,Loyal,0.1815,Low,933.97,Gold
17237,11,2,314.69,16.562631578947368,105,5.754760719420831,2.8657734391056073,4.663439094112067,0,1,Loyal,0.4541,Medium,263.15,Bronze
17238,3,17,3719.1,6.701081081081081,1807,8.221505828626315,2.041360719144861,7.4999765409521215,0,2,High-Value,0.0464,Low,3511.53,Platinum
17239,313,1,382.5,25.5,150,5.949339620807311,3.277144732992177,5.017279836814924,1,0,At-Risk,0.6347,Medium,296.34,Bronze
17242,108,2,1135.04,28.376,611,7.0353038099288,3.38017801443808,6.416732282512326,1,1,Loyal,0.4165,Medium,1015.08,Gold
17243,1,26,8540.05,22.067312661498708,3320,9.052639230044456,3.138416579119668,8.108021221376747,0,2,High-Value,0.0007,Low,6726.85,Platinum
17244,53,1,954.9,30.80322580645161,616,6.862653305069717,3.4595677250958494,6.424869023905388,0,1,Loyal,0.3617,Low,971.65,Gold
17245,205,1,171.45,19.049999999999997,75,5.15010733938285,2.998229153752578,4.330733340286331,1,0,At-Risk,0.6307,Medium,191.2,Bronze
17247,15,1,280.09000000000003,5.186851851851852,105,5.6386749027510605,1.822426371192155,4.663439094112067,0,1,Loyal,0.5622,Medium,181.84,Bronze
17248,120,1,318.65,4.618115942028985,213,5.767226647212736,1.7259963660677085,5.365976015021851,1,1,Loyal,0.4673,Medium,314.03,Silver
17250,4,2,381.97,6.820892857142858,167,5.947956657131048,2.056798724144849,5.123963979403259,0,1,Loyal,0.3106,Low,308.55,Silver
17251,363,1,269.83,7.2927027027027025,108,5.601491317767735,2.1153759356407345,4.6913478822291435,1,0,At-Risk,0.7027,High,195.59,Bronze
17252,117,2,348.91,4.057093023255814,192,5.857675978559423,1.620791816877408,5.262690188904886,1,1,Loyal,0.3444,Low,288.1,Bronze
17253,18,1,178.26,9.903333333333332,43,5.188837265929216,2.3890685528821827,3.784189633918261,0,1,Loyal,0.6574,Medium,118.37,Bronze
17254,5,2,271.19,2.443153153153153,251,5.606500351849647,1.2363876658396682,5.529429087511423,0,1,Loyal,0.1839,Low,342.39,Silver
17255,41,2,291.48,3.9389189189189193,227,5.678396288265786,1.59714646492625,5.429345628954441,0,1,Loyal,0.2205,Low,341.48,Silver
17256,107,2,240.0,15.0,141,5.484796933490655,2.772588722239781,4.955827057601261,1,1,Loyal,0.5536,Medium,276.84,Bronze
17259,148,2,581.23,5.010603448275862,388,6.366865558668267,1.793525150873666,5.963579343618446,1,1,Loyal,0.3623,Low,530.39,Silver
17262,52,5,1253.36,104.44666666666669,367,7.134380761332616,4.6582052958672335,5.908082938168931,0,1,Loyal,0.1396,Low,1089.82,Gold
17263,208,1,63.440000000000005,2.7582608695652175,36,4.165734558308774,1.3239563157095355,3.610917912644224,1,0,At-Risk,0.8878,High,70.86,Bronze
17265,139,2,550.01,4.50827868852459,389,6.311752957808554,1.7062521766315537,5.966146739123692,1,1,Loyal,0.3155,Low,534.45,Silver
17266,2,3,296.58,4.062739726027397,153,5.695683096399551,1.6219077846008882,5.0369526024136295,0,1,Loyal,0.2665,Low,319.32,Silver
17267,127,2,317.2,8.572972972972973,158,5.762680115903686,2.258943812704509,5.0689042022202315,1,1,Loyal,0.5133,Medium,314.17,Silver
17268,108,4,763.64,127.27333333333333,844,6.639405134829848,4.85416340382476,6.739336627357174,1,1,Loyal,0.4214,Medium,1138.64,Gold
17272,42,4,2148.63,18.847631578947368,1778,7.673051013288749,2.9880846840924415,7.483806687665835,0,1,Loyal,0.1759,Low,2498.83,Platinum
17274,35,1,107.82,4.312799999999999,77,4.689695141057779,1.670119003244367,4.356708826689592,0,1,Loyal,0.4476,Medium,141.03,Bronze
17277,228,2,1065.35,15.43985507246377,430,6.9719968810436015,2.7997085740456105,6.066108090103747,1,0,At-Risk,0.3676,Low,799.42,Gold
17278,241,1,246.04,16.402666666666665,179,5.509550266836412,2.856623451182855,5.19295685089021,1,0,At-Risk,0.5141,Medium,310.13,Silver
17279,58,1,187.83,20.869999999999997,48,5.240847139393487,3.0851158346886765,3.8918202981106265,0,1,Loyal,0.5899,Medium,134.72,Bronze
17282,130,3,1685.46,18.937752808988765,1866,7.430386936461763,2.9926150605393436,7.532088143541722,1,1,Loyal,0.373,Low,2243.87,Platinum
17284,60,6,1647.48,5.661443298969072,1362,7.407608930196758,1.896336172630658,7.217443431696533,0,1,Loyal,0.0595,Low,1833.09,Platinum
17286,22,1,151.37,3.440227272727273,117,5.026311773481264,1.490705562685283,4.770684624465665,0,1,Loyal,0.2406,Low,178.45,Bronze
17287,26,7,1049.06,8.598852459016394,556,6.956602584376121,2.261643555809725,6.322565239927284,0,1,Loyal,0.1376,Low,1379.42,Gold
17288,9,7,1417.63,10.125928571428572,1201,7.257446896154699,2.409278291663823,7.091742115095153,0,1,Loyal,0.0356,Low,1774.57,Platinum
17289,32,3,931.02,8.952115384615384,513,6.837354273682813,2.2977851300428944,6.2422232654551655,0,1,Loyal,0.1782,Low,868.5,Gold
17290,4,2,513.01,5.343854166666667,397,6.242242720518832,1.847486496468496,5.986452005284438,0,1,Loyal,0.2628,Low,565.99,Silver
17291,308,1,550.8000000000001,550.8000000000001,72,6.313185661783185,6.313185661783185,4.290459441148391,1,0,At-Risk,0.6983,Medium,475.8,Silver
17293,8,9,1854.06,14.04590909090909,1135,7.525672319531924,2.711106133042752,7.035268599281097,0,2,High-Value,0.0618,Low,1892.45,Platinum
17295,29,3,547.0,8.044117647058824,293,6.306275286948016,2.202114562630411,5.683579767338681,0,1,Loyal,0.196,Low,535.57,Silver
17297,17,1,128.18,2.615918367346939,65,4.861206780604327,1.2853458668732598,4.189654742026425,0,1,Loyal,0.2793,Low,139.97,Bronze
17298,101,2,498.42,16.614,387,6.21344742510144,2.868694040383268,5.961005339623274,1,1,Loyal,0.3103,Low,643.62,Silver
17299,12,4,656.61,11.938363636363636,668,6.4886120504389995,2.5601968232991426,6.505784060128229,0,1,Loyal,0.251,Low,887.18,Gold
17301,21,1,163.24,2.7667796610169493,137,5.101328772710678,1.3262204351003142,4.927253685157205,0,1,Loyal,0.2101,Low,177.32,Bronze
17302,15,5,1135.63,14.375063291139242,575,7.035823023024634,2.73274693018097,6.3561076606958915,0,1,Loyal,0.144,Low,1167.08,Gold
17303,361,1,250.04,4.717735849056604,144,5.525612288984722,1.7435728964455917,4.976733742420574,1,0,At-Risk,0.6932,Medium,235.18,Bronze
17306,11,19,8631.31,130.77742424242425,11491,9.063267419175418,4.8811143194031965,9.34940642009918,0,2,High-Value,0.0089,Low,11094.82,Platinum
17309,95,1,82.75,6.895833333333333,41,4.427836170705175,2.0663351941745356,3.737669618283368,1,1,Loyal,0.8235,High,103.72,Bronze
17311,78,2,1384.85,25.179090909090903,1005,7.234068948784864,3.264961035245185,6.913737350659685,0,1,Loyal,0.2845,Low,1303.36,Gold
17312,139,3,644.3,46.021428571428565,372,6.469715324941794,3.850603424858572,5.921578419643816,1,1,Loyal,0.4095,Medium,782.42,Gold
17313,31,1,2328.84,97.035,1402,7.753554874673989,4.585324557767385,7.246368080102461,0,1,Loyal,0.3945,Low,2043.01,Platinum
17314,25,8,2527.92,19.297099236641223,1896,7.835547613113086,3.010477981090577,7.5480289699350145,0,2,High-Value,0.0168,Low,3063.75,Platinum
17315,2,38,6281.23,13.335944798301483,3863,8.745480291972145,2.6627700056602537,8.259458195332408,0,2,High-Value,0.0009,Low,6193.41,Platinum
17317,46,3,2600.34,288.9266666666667,1146,7.863781975859922,5.669628017439391,7.044905117129371,0,1,Loyal,0.2064,Low,1885.95,Platinum
17320,100,3,1200.62,16.446849315068494,634,7.091425925345387,2.8591590773360167,6.453624998892692,1,1,Loyal,0.3084,Low,1095.77,Gold
17321,8,2,657.16,6.637979797979797,364,6.489448062860675,2.033133143863953,5.8998973535824915,0,1,Loyal,0.2192,Low,584.02,Silver
17323,15,7,906.52,4.648820512820513,760,6.810715604463653,1.73144676457237,6.634633357861686,0,1,Loyal,0.0647,Low,1231.5,Gold
17324,18,4,986.48,20.132244897959183,843,6.895156243405622,3.05080006819759,6.738152494595957,0,1,Loyal,0.1463,Low,1320.78,Gold
17325,280,1,96.8,16.133333333333333,60,4.582924577040772,2.8410258837930096,4.110873864173311,1,0,At-Risk,0.6565,Medium,128.78,Bronze
17329,14,2,523.11,15.851818181818182,142,6.261701585954275,2.8244585549426273,4.962844630259907,0,1,Loyal,0.4528,Medium,297.12,Bronze
17330,23,2,363.9,60.65,120,5.899623343442402,4.121473229610353,4.795790545596741,0,1,Loyal,0.4633,Medium,405.46,Silver
17331,124,1,175.2,175.2,16,5.171619713502079,5.171619713502079,2.833213344056216,1,1,Loyal,0.8567,High,178.02,Bronze
17333,86,1,494.25,17.651785714285715,375,6.20506268557866,2.925941890261471,5.929589143389895,0,1,Loyal,0.3812,Low,581.21,Silver
17334,302,2,307.02,27.91090909090909,315,5.73016471593032,3.36421900108588,5.755742213586912,1,0,At-Risk,0.5696,Medium,472.54,Silver
17337,151,4,1981.06,3.802418426103647,1247,7.591891986883801,1.5691196298013022,7.129297548929373,1,1,Loyal,0.3854,Low,1645.49,Platinum
17338,17,8,6493.54,9.00629680998613,3059,8.778717102886036,2.303214575826762,8.026170194946426,0,2,High-Value,0.0119,Low,3693.34,Platinum
17339,94,2,243.36,27.040000000000003,152,5.498642547781566,3.3336320621663895,5.030437921392435,1,1,Loyal,0.6231,Medium,313.53,Silver
17340,30,11,12353.29,30.352063882063884,5967,9.421758650158734,3.445280098470653,8.694167141883597,0,2,High-Value,0.0115,Low,10240.25,Platinum
17341,157,3,682.29,4.3457961783439485,443,6.5269193668194045,1.6763104909786797,6.095824562432225,1,1,Loyal,0.3047,Low,669.0,Gold
17343,355,1,193.64,11.390588235294118,56,5.2711516984752675,2.516937171131838,4.04305126783455,1,0,At-Risk,0.6519,Medium,117.28,Bronze
17344,46,1,157.62,5.0845161290322585,65,5.066511404655174,1.805747204630593,4.189654742026425,0,1,Loyal,0.5,Medium,139.0,Bronze
17345,15,4,519.6899999999999,6.261325301204819,341,6.255154855067978,1.982562360552097,5.834810737062605,0,1,Loyal,0.224,Low,660.17,Gold
17346,4,15,2622.88,5.430393374741201,1617,7.872409417310936,1.8610357144095195,7.388946097618437,0,2,High-Value,0.0401,Low,2583.5,Platinum
17347,86,1,228.96,228.96,216,5.43790538075509,5.43790538075509,5.37989735354046,0,1,Loyal,0.479,Medium,349.96,Silver
17348,15,5,1156.6,5.430046948356807,1398,7.054104175317274,1.8609818396780524,7.243512974665482,0,1,Loyal,0.0584,Low,1649.06,Platinum
17349,179,1,98.25,12.28125,102,4.5976419195673,2.58635326612469,4.634728988229636,1,0,At-Risk,0.702,High,123.56,Bronze
17350,8,4,1281.32,18.30457142857143,770,7.156426216317626,2.9603419294475755,6.647688373563329,0,1,Loyal,0.1503,Low,1222.58,Gold
17351,36,3,587.15,21.746296296296297,113,6.37698201740645,3.1244023319807743,4.736198448394496,0,1,Loyal,0.3555,Low,396.3,Silver
17353,129,2,1740.0,217.5,1200,7.462214939768189,5.3867860145356445,7.0909098220799835,1,1,Loyal,0.6649,Medium,1489.0,Gold
17354,51,1,1393.06,87.06625,1006,7.239975632001093,4.478089372144729,6.914730892718563,0,1,Loyal,0.3742,Low,1570.95,Gold
17356,312,1,178.22,9.38,166,5.188614101456073,2.3398808777377424,5.117993812416755,1,0,At-Risk,0.4514,Medium,232.09,Bronze
17357,24,2,384.39,8.736136363636364,152,5.954255808575653,2.275844361712487,5.030437921392435,0,1,Loyal,0.4505,Medium,320.06,Silver
17358,303,2,360.81,6.220862068965517,190,5.891119212159107,1.9769743459108344,5.25227342804663,1,0,At-Risk,0.3067,Low,283.69,Bronze
17359,11,1,127.86,8.524,161,4.858726543710496,2.253814928624616,5.087596335232384,0,1,Loyal,0.376,Low,188.7,Bronze
17360,17,3,568.24,4.54592,328,6.344302137815459,1.7130625222788731,5.796057750765372,0,1,Loyal,0.1422,Low,555.57,Silver
17361,49,3,488.2,16.834482758620688,157,6.192771403813017,2.881133816911228,5.062595033026967,0,1,Loyal,0.3219,Low,351.52,Silver
17362,239,2,312.23,8.920857142857143,191,5.746937744970129,2.2946393230939925,5.2574953720277815,1,0,At-Risk,0.379,Low,262.17,Bronze
17364,1,11,4462.68,10.991822660098522,2692,8.40372881690387,2.4842249725070378,7.898411092811599,0,2,High-Value,0.004,Low,4307.7,Platinum
17365,13,8,4767.36,10.252387096774193,4749,8.469757709250656,2.4205802925220112,8.465899897028686,0,2,High-Value,0.0285,Low,6163.91,Platinum
17367,238,1,167.55,5.077272727272728,149,5.12723244168007,1.8045560307495816,5.0106352940962555,1,0,At-Risk,0.5889,Medium,221.33,Bronze
17368,23,8,1878.87,17.559532710280372,1377,7.538957904496927,2.9209835497932777,7.228388451573604,0,2,High-Value,0.0342,Low,2224.73,Platinum
17370,73,4,446.18,13.52060606060606,540,6.102961198121657,2.6755687482367336,6.293419278846481,0,1,Loyal,0.4809,Medium,690.8,Gold
17371,17,3,418.4,4.865116279069767,151,6.03882511846782,1.769022307837257,5.0238805208462765,0,1,Loyal,0.3867,Low,326.53,Silver
17372,41,8,1337.18,5.3274103585657375,747,7.199065760787922,1.8448910463776016,6.617402977974478,0,1,Loyal,0.0355,Low,1384.98,Gold
17373,40,4,646.92,11.349473684210526,408,6.473767231940735,2.513613445502755,6.013715156042802,0,1,Loyal,0.1873,Low,806.33,Gold
17374,219,2,495.77,17.706071428571427,85,6.208127142322502,2.928848146489589,4.454347296253507,1,0,At-Risk,0.5984,Medium,276.36,Bronze
17375,199,3,400.1,5.798550724637681,367,5.9942107727760074,1.9167094607371529,5.908082938168931,1,0,At-Risk,0.3737,Low,507.79,Silver
17376,71,2,203.2,8.466666666666667,86,5.319099905730565,2.247776856499051,4.465908118654584,0,1,Loyal,0.5099,Medium,205.81,Bronze
17377,24,20,4058.32,10.045346534653463,2038,8.30877075088342,2.402009211178767,7.620214770574455,0,2,High-Value,0.0043,Low,4004.0,Platinum
17379,11,1,389.72,4.996410256410256,623,5.96799119092234,1.791160999582526,6.436150368369428,0,1,Loyal,0.2701,Low,455.39,Silver
17381,9,29,20275.61,186.01477064220185,25649,9.917223283969056,5.231187601126701,10.152298850598916,0,2,High-Value,0.0037,Low,22726.8,Platinum
17382,65,1,65.4,32.7,25,4.1956970564823886,3.517497837358316,3.258096538021482,0,1,Loyal,0.6396,Medium,94.64,Bronze
17383,4,1,193.39,3.946734693877551,148,5.269866450374021,1.598727701108145,5.003946305945459,0,1,Loyal,0.2568,Low,188.58,Bronze
17384,19,2,336.4,22.426666666666662,88,5.821269170111868,3.153874974650787,4.48863636973214,0,1,Loyal,0.4818,Medium,297.92,Bronze
17385,15,1,256.11,5.691333333333334,197,5.549504008886889,1.900813156723499,5.288267030694535,0,1,Loyal,0.3945,Low,275.92,Bronze
17386,8,6,2686.42,95.94357142857145,1902,7.896336904550998,4.574129071378488,7.551186867296149,0,2,High-Value,0.0798,Low,2765.4,Platinum
17387,20,2,746.81,9.826447368421052,522,6.617148935013109,2.3819919710403954,6.259581464064923,0,1,Loyal,0.2099,Low,724.57,Gold
17388,78,4,1259.56,83.97066666666666,1068,7.13931134565379,4.442306098891069,6.974478911025045,0,1,Loyal,0.1937,Low,1485.52,Gold
17389,1,34,31833.68,149.45389671361502,7612,10.36831154057086,5.013656703130243,8.937612591306213,0,2,High-Value,0.0131,Low,24968.74,Platinum
17391,164,2,508.8,169.6,480,6.234018491942015,5.139321635057579,6.175867270105761,1,0,At-Risk,0.5914,Medium,675.94,Gold
17392,307,2,417.27,7.45125,277,6.036127157014171,2.1343143594227505,5.627621113690637,1,0,At-Risk,0.3581,Low,439.51,Silver
17394,219,1,203.87,50.967499999999994,241,5.3223756316411075,3.950618523187509,5.488937726156687,1,0,At-Risk,0.5808,Medium,401.72,Silver
17396,39,8,7330.8,271.5111111111111,2005,8.899976330900701,5.607679387991706,7.603897968521881,0,2,High-Value,0.1051,Low,4746.55,Platinum
17397,22,2,681.41,7.65629213483146,250,6.52563065023188,2.1582864709375227,5.5254529391317835,0,1,Loyal,0.2229,Low,479.01,Silver
17398,115,3,653.38,17.19421052631579,310,6.483688222474311,2.901103440527592,5.739792912179234,1,1,Loyal,0.333,Low,624.4,Silver
17400,126,5,2097.84,10.18368932038835,1088,7.649140090140571,2.4144564061703795,6.9930151229329605,1,1,Loyal,0.1657,Low,1779.83,Platinum
17402,5,13,2633.85,44.641525423728815,701,7.876581533358912,3.820817947391712,6.553933404025811,0,2,High-Value,0.0455,Low,2521.09,Platinum
17403,36,1,263.92,8.2475,111,5.579427893616779,2.224353244724472,4.718498871295094,0,1,Loyal,0.679,Medium,186.43,Bronze
17404,4,15,31906.82,161.14555555555555,32748,10.370606399796603,5.088494422914564,10.39662770624607,0,2,High-Value,0.0037,Low,38929.51,Platinum
17405,1,3,1031.41,12.57817073170732,726,6.9396511539657,2.6084634099429347,6.588926477533519,0,1,Loyal,0.1877,Low,992.17,Gold
17406,333,3,2184.42,19.67945945945946,780,7.689563308737489,3.029140910974606,6.660575149839686,1,0,At-Risk,0.2853,Low,1206.22,Gold
17408,163,1,32.65,16.325,3,3.516013056090737,2.852150545075967,1.3862943611198906,1,0,At-Risk,0.7912,High,27.24,Bronze
17409,185,2,771.85,59.37307692307692,105,6.6500849805983275,4.10054325925968,4.663439094112067,1,0,At-Risk,0.5958,Medium,491.71,Silver
17410,16,5,1214.72,18.98,616,7.1030917728535865,2.9947317732204075,6.424869023905388,0,1,Loyal,0.1269,Low,1156.34,Gold
17411,12,3,778.94,18.998536585365855,306,6.659216993647982,2.995659100145175,5.726847747587197,0,1,Loyal,0.2204,Low,651.0,Silver
17412,3,7,1258.06,19.061515151515152,738,7.138120689779327,2.9988033106642775,6.6052979209482015,0,1,Loyal,0.0482,Low,1335.79,Gold
17414,44,2,778.0,129.66666666666666,2100,6.658011045870748,4.872649551122353,7.650168700845001,0,1,Loyal,0.6676,Medium,1273.84,Gold
17415,80,1,507.84,36.27428571428571,114,6.23213362528801,3.618303697872582,4.74493212836325,0,1,Loyal,0.6225,Medium,306.63,Silver
17416,30,7,6893.42,25.626096654275095,4302,8.838467667762448,3.2818918120743112,8.3670677328386,0,2,High-Value,0.0194,Low,5972.76,Platinum
17418,42,2,463.46,15.448666666666668,289,6.1408754404446775,2.8002444202282777,5.66988092298052,0,1,Loyal,0.3482,Low,495.32,Silver
17419,11,12,4226.57,20.517330097087378,1876,8.349382638885205,3.0688586614762707,7.537430036586509,0,2,High-Value,0.008,Low,3696.7,Platinum
17420,50,3,598.83,19.961,265,6.3966462817363405,3.0426635682384235,5.583496308781699,0,1,Loyal,0.3241,Low,561.87,Silver
17422,16,6,1979.37,16.917692307692306,2253,7.591038974917671,2.8857886217817263,7.720461694599722,0,2,High-Value,0.0386,Low,2696.93,Platinum
17423,46,2,698.41,26.861923076923077,459,6.550237122496749,3.32726099242038,6.131226489483141,0,1,Loyal,0.3784,Low,860.56,Gold
17425,19,2,759.17,17.655116279069766,407,6.63354209247732,2.926120439785283,6.0112671744041615,0,1,Loyal,0.3131,Low,675.89,Gold
17426,8,6,5037.26,18.58767527675277,3094,8.524816063361785,2.974900556040457,8.037543185118697,0,2,High-Value,0.0208,Low,4470.36,Platinum
17427,72,1,100.8,50.4,34,4.623010104116422,3.93963817246112,3.5553480614894135,0,1,Loyal,0.5854,Medium,108.87,Bronze
17428,1,28,17256.85,52.61234756097561,9474,9.756022391409203,3.9817794064904017,9.156412029950626,0,2,High-Value,0.0271,Low,16766.05,Platinum
17429,128,3,524.9200000000001,13.459487179487182,624,6.265149109915909,2.6713507513359738,6.437751649736401,1,1,Loyal,0.4488,Medium,690.74,Gold
17430,33,2,265.76,18.982857142857146,190,5.586349377764106,2.994874763139862,5.25227342804663,0,1,Loyal,0.3668,Low,354.58,Silver
17431,313,1,403.3,9.37906976744186,292,6.002157176646725,2.3397912559416616,5.680172609017068,1,0,At-Risk,0.4607,Medium,323.25,Silver
17432,18,2,365.76,7.62,207,5.9047076831817,2.154085084675602,5.337538079701318,0,1,Loyal,0.3029,Low,368.61,Silver
17433,88,1,303.15999999999997,5.6140740740740736,185,5.7175538787401186,1.8891998140847412,5.225746673713202,0,1,Loyal,0.3717,Low,256.12,Bronze
17434,2,7,2373.82,17.715074626865672,1693,7.77267692412289,2.929329328891358,7.434847875211999,0,2,High-Value,0.0324,Low,2555.9,Platinum
17436,2,2,216.3,24.03333333333333,90,5.381278887262384,3.2202082701019794,4.51085950651685,0,1,Loyal,0.4313,Medium,270.73,Bronze
17438,254,1,388.4500000000001,22.85,103,5.9647354873659575,3.1717842173343502,4.6443908991413725,1,0,At-Risk,0.6355,Medium,254.41,Bronze
17440,157,3,186.42,37.284000000000006,246,5.233352087695677,3.64503205433366,5.5093883366279774,1,0,At-Risk,0.3902,Low,380.63,Silver
17442,37,6,2248.56,16.656,1496,7.718489920519429,2.8710756689544352,7.311218384419629,0,2,High-Value,0.1119,Low,2177.29,Platinum
17443,220,1,534.24,534.24,504,6.282715244436788,6.282715244436788,6.22455842927536,1,0,At-Risk,0.6536,Medium,623.74,Silver
17444,148,3,2940.04,21.778074074074073,2119,7.9865185392775535,3.125798409847665,7.659171367666058,1,1,Loyal,0.4075,Medium,3280.3,Platinum
17446,177,2,120.9,13.433333333333334,198,4.803201036487226,2.6695403463403347,5.293304824724492,1,0,At-Risk,0.3788,Low,210.19,Bronze
17447,40,2,541.53,15.0425,443,6.296243383424822,2.775241450642534,6.095824562432225,0,1,Loyal,0.2851,Low,686.13,Gold
17449,2,7,2519.21,9.127572463768116,1121,7.832097510366773,2.3152616512177766,7.022868086082641,0,2,High-Value,0.0382,Low,1895.36,Platinum
17450,8,46,194390.79,578.5440178571429,69973,12.17763093760637,6.362241618233587,11.15587902346339,0,2,High-Value,0.0044,Low,145968.0,Platinum
17451,1,7,1721.4,17.214000000000002,1203,7.451473946050153,2.902190529145627,7.093404625868766,0,2,High-Value,0.037,Low,1861.32,Platinum
17453,18,2,486.72,25.616842105263157,219,6.189741470692064,3.281544177277256,5.393627546352362,0,1,Loyal,0.4534,Medium,365.97,Silver
17454,192,4,517.53,8.484098360655738,243,6.25099788520506,2.2496165393699328,5.497168225293202,1,0,At-Risk,0.4252,Medium,594.75,Silver
17455,204,1,131.7,16.4625,66,4.888090941338162,2.86005572458308,4.204692619390966,1,0,At-Risk,0.6483,Medium,137.48,Bronze
17456,365,1,249.86,14.69764705882353,222,5.524895014596528,2.753510832258059,5.407171771460119,1,0,At-Risk,0.4661,Medium,282.38,Bronze
17457,127,5,1737.7,91.4578947368421,826,7.460892986533744,4.526753348852897,6.717804695023691,1,1,Loyal,0.2727,Low,2060.63,Platinum
17458,15,1,316.5,5.861111111111111,170,5.760477818332746,1.925869398171867,5.14166355650266,0,1,Loyal,0.4055,Medium,202.43,Bronze
17459,43,2,657.3,5.921621621621621,537,6.489660754473831,1.934650080561255,6.2878585601617845,0,1,Loyal,0.2116,Low,669.43,Gold
17460,94,6,622.4300000000001,21.463103448275863,236,6.435236489370733,3.111874116446696,5.4680601411351315,1,1,Loyal,0.6366,Medium,668.53,Gold
17461,23,3,735.82,6.941698113207548,770,6.602343628980946,2.072127120554669,6.647688373563329,0,1,Loyal,0.0922,Low,946.35,Gold
17462,60,2,675.69,25.025555555555556,227,6.517213265531828,3.259078961268599,5.429345628954441,0,1,Loyal,0.3661,Low,371.96,Silver
17463,16,5,1875.86,9.018557692307692,1086,7.537355446697666,2.304439142412484,6.99117688712121,0,1,Loyal,0.1116,Low,1771.71,Platinum
17464,158,1,289.96000000000004,32.21777777777778,220,5.673185800678734,3.5030852078410093,5.3981627015177525,1,0,At-Risk,0.592,Medium,397.75,Silver
17466,10,2,763.28,18.61658536585366,306,6.638934214171274,2.9763754005531387,5.726847747587197,0,1,Loyal,0.3158,Low,607.21,Silver
17468,10,2,137.0,27.4,116,4.927253685157205,3.3463891451671604,4.762173934797756,0,1,Loyal,0.5061,Medium,263.85,Bronze
17469,16,5,1870.97,21.261022727272728,787,7.5347466312681,3.1028372894133933,6.669498089857879,0,1,Loyal,0.1454,Low,1579.57,Gold
17470,45,5,1125.07,14.42397435897436,1675,7.02648897373005,2.735923075455913,7.424165281042028,0,1,Loyal,0.0849,Low,1556.51,Gold
17472,191,3,697.54,4.0088505747126435,455,6.548992442626483,1.6112064625694944,6.1224928095143865,1,0,At-Risk,0.1623,Low,680.64,Gold
17475,79,1,194.37,13.883571428571427,178,5.274895196603544,2.7002580159668503,5.187385805840755,0,1,Loyal,0.3382,Low,232.96,Bronze
17480,78,1,511.82,17.64896551724138,338,6.239924906405982,2.9257906763069745,5.82600010738045,0,1,Loyal,0.4112,Medium,468.63,Silver
17481,4,4,1255.59,15.312073170731706,1061,7.136156981955326,2.791905518961683,6.967909201801884,0,1,Loyal,0.1226,Low,1469.44,Gold
17483,65,3,414.04,19.716190476190476,191,6.028374901128079,3.0309155431607375,5.2574953720277815,0,1,Loyal,0.3452,Low,432.92,Silver
17486,261,1,396.87,16.53625,191,5.986125318762377,2.864270167050845,5.2574953720277815,1,0,At-Risk,0.4795,Medium,374.55,Silver
17489,59,2,376.64,12.987586206896552,428,5.933941360864316,2.6381702367573214,6.061456918928017,0,1,Loyal,0.2578,Low,555.79,Silver
17490,1,7,2092.32,27.530526315789476,1134,7.646506601347098,3.3509746128571947,7.034387929915503,0,2,High-Value,0.0389,Low,1799.78,Platinum
17491,1,10,3558.87,32.65018348623853,2013,8.177479306325386,3.5160185088615625,7.607878073278507,0,2,High-Value,0.0114,Low,3666.41,Platinum
17492,248,1,374.57,31.214166666666667,155,5.92844487193968,3.472406314389091,5.049856007249537,1,0,At-Risk,0.6389,Medium,332.56,Silver
17495,8,2,497.56,18.42814814814815,229,6.211723943242329,2.966722949951035,5.438079308923196,0,1,Loyal,0.3468,Low,378.67,Silver
17496,359,1,271.05,27.105,79,5.605985872931934,3.3359474964540383,4.382026634673881,1,0,At-Risk,0.6391,Medium,212.27,Bronze
17498,76,1,272.22,16.01294117647059,394,5.610277331459341,2.8339743001304303,5.978885764901122,0,1,Loyal,0.3704,Low,446.87,Silver
17499,290,1,622.88,15.572,711,6.435958042183625,2.807714524215155,6.568077911411976,1,0,At-Risk,0.4532,Medium,754.69,Gold
17500,17,3,1138.0,227.6,17,7.037905963447182,5.43197375136071,2.8903717578961645,0,1,Loyal,0.2865,Low,667.05,Gold
17501,221,2,288.6,16.033333333333335,160,5.668500660511562,2.835172208541549,5.081404364984463,1,0,At-Risk,0.4949,Medium,311.1,Silver
17502,9,4,689.1,24.610714285714288,376,6.536836514626557,3.2430107907133254,5.932245187448011,0,1,Loyal,0.2254,Low,891.1,Gold
17503,3,2,558.96,14.709473684210527,486,6.327865352606625,2.754263949746462,6.18826412308259,0,1,Loyal,0.2853,Low,621.54,Silver
17504,206,9,2997.0299999999997,23.59866141732283,1664,8.00571068528359,3.2026920275278594,7.417580402414544,1,2,High-Value,0.1251,Low,3161.11,Platinum
17505,162,2,1145.84,22.035384615384615,556,7.0447656130660885,3.1370314952480363,6.322565239927284,1,1,Loyal,0.3935,Low,906.82,Gold
17506,76,1,302.2,21.585714285714285,139,5.714392653768217,3.117317595160113,4.941642422609304,0,1,Loyal,0.67,Medium,299.81,Bronze
17507,262,2,605.58,6.881590909090909,359,6.407836624054821,2.0645297755089502,5.886104031450156,1,0,At-Risk,0.3326,Low,564.59,Silver
17508,281,1,387.31,17.605,289,5.961803989689555,2.923430361798586,5.66988092298052,1,0,At-Risk,0.5115,Medium,422.4,Silver
17509,58,8,6083.64,16.713296703296706,3512,8.713522841798035,2.874315583725592,8.164225652265827,0,2,High-Value,0.0101,Low,5515.24,Platinum
17510,25,1,308.48,15.424,214,5.7348934696812535,2.7987436797166327,5.3706380281276624,0,1,Loyal,0.4826,Medium,317.36,Silver
17511,3,31,91062.38,94.5611422637591,64549,11.419311026583388,4.559766275753257,11.075195396274788,0,2,High-Value,0.0041,Low,93662.58,Platinum
17512,29,10,2924.99,27.85704761904762,2753,7.981388163939233,3.3623542480104125,7.9208096792886,0,2,High-Value,0.0186,Low,4165.37,Platinum
17513,72,1,513.2,85.53333333333335,254,6.2426122948317895,4.460529696161825,5.541263545158426,0,1,Loyal,0.4065,Medium,434.24,Silver
17514,128,1,208.65,5.2162500000000005,135,5.345439473616771,1.8271668310468112,4.912654885736052,1,1,Loyal,0.6143,Medium,197.72,Bronze
17515,31,4,639.02,7.345057471264368,243,6.461499425865447,2.121669444000134,5.497168225293202,0,1,Loyal,0.2208,Low,602.22,Silver
17516,15,5,764.88,5.665777777777778,414,6.641025499505004,1.8969866426628688,6.028278520230698,0,1,Loyal,0.0874,Low,860.68,Gold
17517,309,1,153.94,13.994545454545454,102,5.043037945203756,2.7076864986068387,4.634728988229636,1,0,At-Risk,0.6802,Medium,141.65,Bronze
17519,17,6,1844.02,22.488048780487805,1236,7.520245396524275,3.156491729255894,7.1204443723924875,0,2,High-Value,0.0736,Low,2019.32,Platinum
17520,54,1,546.81,18.226999999999997,365,6.305928511499892,2.9563155411901993,5.902633333401366,0,1,Loyal,0.3707,Low,602.64,Silver
17521,30,3,723.2099999999999,16.07133333333333,519,6.585081405576444,2.8374006435001324,6.253828811575473,0,1,Loyal,0.2537,Low,903.9,Gold
17522,2,5,1070.71,14.667260273972603,1034,6.977010782644906,2.751573202152186,6.942156705699469,0,1,Loyal,0.0776,Low,1392.86,Gold
17523,11,4,652.74,19.78,872,6.48270971889503,3.0339909856710814,6.771935555839602,0,1,Loyal,0.2474,Low,1177.29,Gold
17524,361,1,145.0,24.166666666666668,90,4.983606621708336,3.2255203675868693,4.51085950651685,1,0,At-Risk,0.6412,Medium,183.09,Bronze
17525,360,1,422.7000000000001,46.96666666666667,82,6.049025657632513,3.870506325225212,4.418840607796598,1,0,At-Risk,0.5922,Medium,227.97,Bronze
17526,5,4,1195.9,62.942105263157885,310,7.087490159879325,4.157978068694256,5.739792912179234,0,1,Loyal,0.1504,Low,1063.48,Gold
17527,54,4,939.37,19.98659574468085,488,6.8462734148384685,3.0438839360522683,6.192362489474872,0,1,Loyal,0.1836,Low,1038.77,Gold
17528,1,8,3628.5,14.34189723320158,2138,8.196850176724896,2.7305874671182147,7.668093709082406,0,2,High-Value,0.0325,Low,3009.76,Platinum
17530,1,10,2367.12,6.069538461538461,1514,7.769851670395603,1.9557951965241676,7.323170717943469,0,2,High-Value,0.0425,Low,2307.4,Platinum
17531,190,1,296.7,21.192857142857143,136,5.69608626802173,3.099770486783743,4.919980925828125,1,0,At-Risk,0.6615,Medium,292.47,Bronze
17534,54,1,223.36,24.817777777777778,103,5.413251904640136,3.2510633157881124,4.6443908991413725,0,1,Loyal,0.5728,Medium,223.08,Bronze
17535,280,1,164.4,12.646153846153847,136,5.108366782589591,2.6134577124139424,4.919980925828125,1,0,At-Risk,0.5783,Medium,195.18,Bronze
17536,177,1,76.5,25.5,6,4.350277936359301,3.277144732992177,1.9459101490553132,1,0,At-Risk,0.8364,High,66.6,Bronze
17537,30,2,887.67,11.99554054054054,699,6.789725963001244,2.5646062632684195,6.551080335043404,0,1,Loyal,0.2469,Low,781.57,Gold
17538,26,1,98.42,10.935555555555556,134,4.599353300666526,2.479521807141094,4.90527477843843,0,1,Loyal,0.6226,Medium,157.66,Bronze
17540,25,2,578.9,23.156,194,6.362855674882395,3.1845327964456547,5.272999558563747,0,1,Loyal,0.4216,Medium,347.97,Silver
17542,270,1,170.75,6.83,134,5.146039931102459,2.057962510002712,4.90527477843843,1,0,At-Risk,0.6712,Medium,212.91,Bronze
17545,43,3,642.32,4.555460992907801,337,6.466642267627447,1.7147814066704674,5.823045895483019,0,1,Loyal,0.1166,Low,550.81,Silver
17548,234,1,103.3,20.66,58,4.647271362006727,3.075467241572845,4.07753744390572,1,0,At-Risk,0.6115,Medium,136.69,Bronze
17549,24,2,148.86,24.81,210,5.0097015249361645,3.2507620137305224,5.351858133476067,0,1,Loyal,0.3052,Low,305.61,Silver
17550,197,3,267.16,6.360952380952382,86,5.591583817293718,1.996189323955302,4.465908118654584,1,0,At-Risk,0.6196,Medium,247.18,Bronze
17551,359,1,290.34,7.444615384615384,142,5.674490970020802,2.1335290056602063,4.962844630259907,1,0,At-Risk,0.7281,High,232.12,Bronze
17552,60,4,930.41,18.987959183673468,719,6.836699567016301,2.995130051438322,6.579251212010101,0,1,Loyal,0.1544,Low,1164.2,Gold
17553,130,1,1487.6,743.8,1048,7.305591359925811,6.6131157259628575,6.955592608396297,1,1,Loyal,0.6856,Medium,1299.14,Gold
17554,1,5,1952.45,22.18693181818182,1763,7.577352319081822,3.143588836269342,7.475339236566737,0,2,High-Value,0.0521,Low,2303.49,Platinum
17555,20,2,480.31,4.574380952380952,348,6.176511553155347,1.7181812712491251,5.855071922202427,0,1,Loyal,0.2442,Low,541.39,Silver
17556,206,1,157.9,26.316666666666663,101,5.0682750735426705,3.307497016521729,4.624972813284271,1,0,At-Risk,0.6739,Medium,184.99,Bronze
17557,14,3,541.46,15.92529411764706,306,6.29611434997733,2.828809196351753,5.726847747587197,0,1,Loyal,0.2675,Low,562.77,Silver
17560,95,4,854.95,32.88269230769231,635,6.7522119632207875,3.5229043326151563,6.455198563340122,1,1,Loyal,0.2841,Low,1122.67,Gold
17561,19,1,165.12,3.669333333333334,144,5.1127104187625525,1.541016306315441,4.976733742420574,0,1,Loyal,0.1934,Low,183.57,Bronze
17562,14,7,1122.38,17.81555555555556,817,7.024097276842117,2.934683950877912,6.706862336602747,0,1,Loyal,0.0533,Low,1350.08,Gold
17564,24,3,454.01,9.265510204081632,146,6.120319396731415,2.3287897525071997,4.990432586778736,0,1,Loyal,0.3124,Low,338.23,Silver
17566,8,2,869.77,6.125140845070423,497,6.769377877687473,1.9636294936885172,6.210600077024653,0,1,Loyal,0.2037,Low,586.31,Silver
17567,7,8,4331.48,26.251393939393935,2632,8.373895405306746,3.305104673540172,7.87587915949631,0,2,High-Value,0.0128,Low,4311.24,Platinum
17569,332,1,344.14,11.866896551724135,159,5.843950131819433,2.554657854357379,5.075173815233827,1,0,At-Risk,0.555,Medium,240.98,Bronze
17571,50,4,1425.67,5.260774907749078,876,7.263098336353601,1.8343039646313704,6.776506992372183,0,1,Loyal,0.0828,Low,1059.26,Gold
17572,71,4,226.75000000000003,18.895833333333336,95,5.428248536140067,2.9905103295728392,4.564348191467836,0,1,Loyal,0.4061,Medium,272.56,Bronze
17573,29,3,380.6,15.224,308,5.944372939574132,2.7864916274087728,5.733341276897746,0,1,Loyal,0.2347,Low,526.0,Silver
17574,243,1,185.65,23.20625,77,5.229235205360593,3.1866108642809254,4.356708826689592,1,0,At-Risk,0.6501,Medium,199.25,Bronze
17576,8,19,3564.83,8.86773631840796,1967,8.179152124824576,2.2892704774353505,7.584773077612199,0,2,High-Value,0.02,Low,3744.36,Platinum
17578,218,1,143.45999999999998,28.691999999999997,138,4.973002652622701,3.3908776492553003,4.9344739331306915,1,0,At-Risk,0.618,Medium,278.12,Bronze
17579,5,3,448.9,8.978000000000002,258,6.109025335847127,2.3003826694388456,5.556828061699537,0,1,Loyal,0.236,Low,436.9,Silver
17580,253,3,215.72,4.793777777777778,88,5.37860619777684,1.7567845447589865,4.48863636973214,1,0,At-Risk,0.6418,Medium,242.55,Bronze
17581,1,25,11025.24,25.11444191343963,5915,9.308033165645911,3.2624884913148864,8.68541582383069,0,2,High-Value,0.0009,Low,10693.5,Platinum
17582,236,1,175.27,6.043793103448277,123,5.1720169104318625,1.9521468181765111,4.820281565605037,1,0,At-Risk,0.585,Medium,212.7,Bronze
17584,7,2,1242.3,35.494285714285716,458,7.125524413958892,3.5971556925593173,6.129050210060545,0,1,Loyal,0.3551,Low,914.8,Gold
17585,109,4,1116.68,5.368653846153847,1650,7.019010387342232,1.8513881201169424,7.409136443920128,1,1,Loyal,0.436,Medium,2243.54,Platinum
17588,100,3,1240.2,53.92173913043479,676,7.123833932574225,4.005909247012283,6.517671272912275,1,1,Loyal,0.3008,Low,1307.94,Gold
17589,60,4,2404.17,9.502648221343874,1631,7.785375866112405,2.351627436920049,7.397561535524052,0,2,High-Value,0.2074,Low,2162.58,Platinum
17590,2,3,1468.02,7.489897959183673,822,7.292350790785078,2.1388769813091755,6.71295620067707,0,1,Loyal,0.1385,Low,1058.32,Gold
17591,73,7,2203.67,14.03611464968153,1000,7.698333116816846,2.7104549506849342,6.90875477931522,0,2,High-Value,0.0324,Low,1765.94,Platinum
17593,4,5,3923.86,18.50877358490566,3089,8.275085960790554,2.970864291813764,8.035926369891792,0,2,High-Value,0.0195,Low,4388.9,Platinum
17594,85,2,993.18,19.8636,550,6.901918276781504,3.0380060137813203,6.311734809152915,0,1,Loyal,0.3132,Low,910.99,Gold
17595,12,2,386.69,4.715731707317073,228,5.960206051205209,1.7432223218276683,5.43372200355424,0,1,Loyal,0.2802,Low,361.24,Silver
17596,23,7,2806.69,10.591283018867925,4376,7.9401173601909,2.4502533517311034,8.384118837190895,0,2,High-Value,0.0466,Low,3908.05,Platinum
17597,214,1,2044.37,37.17036363636364,1176,7.623333981206562,3.6420593934700416,7.0707241072602764,1,0,At-Risk,0.4903,Medium,1646.66,Platinum
17600,18,1,161.67000000000002,12.436153846153848,144,5.091723608778362,2.5979491219787647,4.976733742420574,0,1,Loyal,0.5355,Medium,163.08,Bronze
17601,239,1,116.01,12.89,103,4.7622594012308666,2.6311691567662523,4.6443908991413725,1,0,At-Risk,0.6847,Medium,126.88,Bronze
17602,2,6,5054.42,9.173176043557168,4116,8.52821621405653,2.3197544566414523,8.322880021769905,0,2,High-Value,0.0493,Low,4057.59,Platinum
17603,78,1,394.72,35.88363636363636,74,5.980706890455022,3.607767993709425,4.31748811353631,0,1,Loyal,0.5503,Medium,231.33,Bronze
17604,217,2,309.36,4.91047619047619,169,5.737732914025749,1.7767264018567563,5.135798437050262,1,0,At-Risk,0.4474,Medium,303.1,Bronze
17608,33,2,191.99,3.4283928571428572,229,5.2626383740910185,1.488036732036211,5.438079308923196,0,1,Loyal,0.2374,Low,281.28,Bronze
17609,41,5,1105.78,4.745836909871245,719,7.00921017763747,1.7484755769087663,6.579251212010101,0,1,Loyal,0.0959,Low,1259.79,Gold
17611,7,15,3961.12,6.986102292768959,2550,8.2845345145333,2.0777028175708856,7.844240718141811,0,2,High-Value,0.0028,Low,4259.12,Platinum
17612,53,6,2048.45,15.173703703703705,1808,7.625326743452606,2.7833866952096575,7.500529485395295,0,2,High-Value,0.0623,Low,2012.53,Platinum
17613,23,14,4544.55,14.851470588235294,2490,8.421904011391415,2.763262277611476,7.820439515262181,0,2,High-Value,0.0019,Low,4541.79,Platinum
17614,57,1,386.32,3.9420408163265304,235,5.959251224743331,1.5977783666028365,5.4638318050256105,0,1,Loyal,0.3665,Low,270.29,Bronze
17615,130,3,329.6,23.542857142857144,140,5.8009091853869235,3.200420860494842,4.948759890378168,1,1,Loyal,0.4684,Medium,342.09,Silver
17616,174,3,571.1999999999999,190.4,224,6.3494885806160095,5.254365479018854,5.41610040220442,1,0,At-Risk,0.3867,Low,556.07,Silver
17618,6,3,930.28,13.884776119402984,319,6.836559983939986,2.7003389536695743,5.768320995793772,0,1,Loyal,0.1981,Low,602.69,Silver
17619,312,1,214.37,2.896891891891892,124,5.372357479256501,1.3601792846045402,4.8283137373023015,1,0,At-Risk,0.5403,Medium,215.93,Bronze
17620,60,1,81.44,20.36,60,4.412070756022258,3.061520014091994,4.110873864173311,0,1,Loyal,0.6074,Medium,131.8,Bronze
17621,21,3,1379.9,53.073076923076925,514,7.230490739491305,3.99033640806438,6.244166900663736,0,1,Loyal,0.2345,Low,1055.43,Gold
17623,33,1,527.0500000000001,15.971212121212124,265,6.269190976192483,2.8315185039912683,5.583496308781699,0,1,Loyal,0.4452,Medium,416.21,Silver
17624,15,2,843.48,16.869600000000002,554,6.7387210533149595,2.88310094503721,6.318968113746434,0,1,Loyal,0.3172,Low,886.44,Gold
17625,18,4,2020.4,6.602614379084968,1180,7.611545619640562,2.0284921853868196,7.074116816197362,0,1,Loyal,0.0978,Low,1208.84,Gold
17628,81,1,75.75,15.15,79,4.340553386467307,2.7819200496686656,4.382026634673881,0,1,Loyal,0.6959,Medium,125.0,Bronze
17629,6,8,1814.12,14.748943089430892,1629,7.503906860215884,2.7567732575870125,7.396335293800808,0,2,High-Value,0.0541,Low,2098.77,Platinum
17630,170,2,503.6,19.369230769230768,158,6.223766036206957,3.0140254666013164,5.0689042022202315,1,0,At-Risk,0.5343,Medium,372.23,Silver
17631,2,3,528.33,13.546923076923076,334,6.271612055889925,2.6773794988776447,5.814130531825066,0,1,Loyal,0.2045,Low,558.53,Silver
17633,31,4,1324.84,18.92628571428571,644,7.189801499815289,2.9920397502875917,6.4692503167957724,0,1,Loyal,0.161,Low,1210.43,Gold
17634,36,9,2358.59,7.96820945945946,838,7.766243154113498,2.193686041815063,6.732210706467206,0,2,High-Value,0.0535,Low,1844.73,Platinum
17636,19,1,285.56,14.278,182,5.657947938312402,2.726413885119168,5.209486152841421,0,1,Loyal,0.4104,Medium,234.34,Bronze
17637,31,2,547.0600000000001,15.630285714285716,280,6.3063847700056215,2.8112254737118336,5.638354669333745,0,1,Loyal,0.3373,Low,508.37,Silver
17639,276,1,108.5,15.5,49,4.695924549256556,2.803360380906535,3.912023005428146,1,0,At-Risk,0.6432,Medium,119.45,Bronze
17640,87,1,621.66,124.332,250,6.434000623425246,4.830966216367325,5.5254529391317835,0,1,Loyal,0.4071,Medium,425.39,Silver
17642,120,2,712.29,17.80725,474,6.569888069839022,2.934242433794439,6.163314804034641,1,1,Loyal,0.3843,Low,660.86,Gold
17643,373,1,101.55,12.69375,71,4.63035048451839,2.61693952436164,4.276666119016055,1,0,At-Risk,0.7048,High,121.29,Bronze
17644,1,11,2895.64,18.443566878980892,1793,7.971306723565063,2.9675162636306927,7.492203042618741,0,2,High-Value,0.0144,Low,3097.16,Platinum
17646,219,3,1008.39,19.77235294117647,323,6.917101466981717,3.0336229170362827,5.780743515792329,1,0,At-Risk,0.3225,Low,568.73,Silver
17647,65,1,133.06,19.00857142857143,30,4.8982874609298115,2.996160753172058,3.4339872044851463,0,1,Loyal,0.6828,Medium,103.22,Bronze
17648,61,4,1797.5,19.752747252747252,487,7.494708263135679,3.0326786356356616,6.1903154058531475,0,1,Loyal,0.1675,Low,1158.66,Gold
17649,138,1,868.49,16.70173076923077,399,6.767906832865638,2.8736624183716417,5.991464547107982,1,1,Loyal,0.4419,Medium,641.59,Silver
17650,21,1,166.08,20.76,150,5.118472739628975,3.080073421987742,5.017279836814924,0,1,Loyal,0.4999,Medium,285.21,Bronze
17651,12,10,3945.0,17.004310344827587,3112,8.28045768658256,2.8906111928308653,8.043342170441608,0,2,High-Value,0.0099,Low,4122.39,Platinum
17652,25,12,4867.72,18.794285714285714,2509,8.490586347854247,2.985393295758812,7.828038032125829,0,2,High-Value,0.0084,Low,4520.63,Platinum
17653,37,4,1207.56,27.44454545454545,1409,7.09718484723547,3.347956418273401,7.251344983372214,0,1,Loyal,0.1797,Low,2011.91,Platinum
17654,277,1,117.55,5.343181818181818,41,4.775334812511415,1.8473805066240152,3.737669618283368,1,0,At-Risk,0.7628,High,106.95,Bronze
17655,11,7,2638.94,28.99934065934066,1116,7.878511468609366,3.401175403398657,7.018401799069201,0,2,High-Value,0.0311,Low,2027.64,Platinum
17656,73,5,1674.69,20.423048780487804,1399,7.4239802997335635,3.0644673882472784,7.24422751560335,0,1,Loyal,0.0729,Low,2252.19,Platinum
17658,26,2,595.42,31.337894736842102,616,6.39094511686889,3.476239754220547,6.424869023905388,0,1,Loyal,0.403,Medium,1089.91,Gold
17659,17,12,2999.46,18.98392405063291,1525,8.006520889229225,2.9949281528672387,7.330405211844402,0,2,High-Value,0.0538,Low,2918.89,Platinum
17660,141,1,178.75,4.703947368421052,121,5.191566996601156,1.7411584559342654,4.804021044733257,1,0,At-Risk,0.5646,Medium,181.3,Bronze
17663,26,7,1802.91,20.96406976744186,797,7.4977118102428095,3.089407925856758,6.682108597449809,0,2,High-Value,0.0692,Low,1724.65,Platinum
17664,19,2,604.64,14.061395348837207,604,6.406285750140171,2.7121348707249893,6.405228458030842,0,1,Loyal,0.2839,Low,693.63,Gold
17666,4,2,728.16,40.45333333333333,596,6.591893186664721,3.724568296522443,6.391917113392602,0,1,Loyal,0.3486,Low,943.57,Gold
17667,66,5,2055.51,17.71991379310345,1033,7.628765650289339,2.9295878659695824,6.9411900550683745,0,1,Loyal,0.088,Low,1829.28,Platinum
17668,1,2,347.75,23.183333333333337,93,5.854355333135575,3.185663690662087,4.543294782270004,0,1,Loyal,0.4798,Medium,302.55,Bronze
17669,43,7,3406.7200000000003,50.09882352941177,1916,8.133798724949507,3.9337614740368343,7.558516743045645,0,2,High-Value,0.2435,Low,3381.13,Platinum
17670,228,1,205.7,18.7,110,5.331268466687723,2.9806186357439426,4.709530201312334,1,0,At-Risk,0.6583,Medium,258.74,Bronze
17671,16,4,1572.71,29.67377358490566,772,7.361191168037922,3.4234080088655454,6.650279048587422,0,1,Loyal,0.1862,Low,1400.89,Gold
17672,50,2,3178.17,28.892454545454545,1690,8.064375435416844,3.397606092210109,7.43307534889858,0,2,High-Value,0.2492,Low,2844.98,Platinum
17673,2,6,1594.97,7.316376146788991,1462,7.375236980840607,2.118226600669452,7.288244401020124,0,1,Loyal,0.0734,Low,1928.74,Platinum
17674,74,2,551.04,20.40888888888889,672,6.313620507419839,3.0638062044258008,6.511745329644728,0,1,Loyal,0.3569,Low,1103.46,Gold
17675,1,31,20374.28,28.89968794326241,8360,9.922077680345929,3.397848043661991,9.031333316150056,0,2,High-Value,0.001,Low,17748.93,Platinum
17676,4,6,1371.18,17.807532467532468,922,7.224155995015752,2.934257452758471,6.827629234502852,0,1,Loyal,0.1004,Low,1428.11,Gold
17677,2,30,16345.38,53.94514851485148,9772,9.701761745083482,4.006335387868234,9.187378760338836,0,2,High-Value,0.0445,Low,16703.41,Platinum
17678,264,1,298.11,18.631875,207,5.700811398711247,2.977154520792621,5.337538079701318,1,0,At-Risk,0.5215,Medium,396.91,Silver
17679,53,2,1992.11,66.40366666666667,729,7.597451511865824,4.21069941802114,6.593044534142437,0,1,Loyal,0.4071,Medium,1600.08,Gold
17680,24,1,184.4,16.763636363636365,96,5.2225156531317545,2.877153466810312,4.574710978503383,0,1,Loyal,0.6738,Medium,199.08,Bronze
17682,10,6,2474.33,20.968898305084743,1367,7.814128999448025,3.0896277397174723,7.221105098182496,0,2,High-Value,0.0715,Low,2286.32,Platinum
17684,44,1,239.41,15.960666666666668,145,5.482345799133678,2.830896937767311,4.983606621708336,0,1,Loyal,0.5908,Medium,259.58,Bronze
17685,17,7,3155.83,24.849055118110236,1907,8.057323638517671,3.2522740477954795,7.553810852008231,0,2,High-Value,0.0199,Low,3089.5,Platinum
17686,7,7,5739.46,20.06804195804196,2478,8.655294625475447,3.047757293172319,7.8156105320351905,0,2,High-Value,0.0131,Low,4330.31,Platinum
17690,30,15,4726.8,18.757142857142856,1769,8.461215257006781,2.9835150896153992,7.478734825567875,0,2,High-Value,0.0066,Low,3561.08,Platinum
17691,358,2,290.40000000000003,15.28421052631579,134,5.674696893761104,2.790195958972525,4.90527477843843,1,0,At-Risk,0.589,Medium,285.49,Bronze
17692,127,4,740.9399999999999,16.107391304347825,672,6.6092683773641365,2.839510610140147,6.511745329644728,1,1,Loyal,0.2823,Low,1063.85,Gold
17693,137,1,200.47,12.529375,231,5.305640486927818,2.604863247471983,5.44673737166631,1,0,At-Risk,0.4824,Medium,254.25,Bronze
17694,142,1,283.12,18.874666666666663,184,5.649396684129609,2.989445888911283,5.220355825078324,1,0,At-Risk,0.4809,Medium,346.14,Silver
17695,132,2,765.34,21.866857142857143,779,6.641625935491769,3.1296885758915938,6.659293919683638,1,1,Loyal,0.3087,Low,1172.2,Gold
17696,38,8,2285.71,19.875739130434784,1756,7.734869382309582,3.038587677556068,7.471363088187097,0,2,High-Value,0.0283,Low,2925.25,Platinum
17697,236,1,338.95,17.839473684210525,93,5.828798547972468,2.9359543326757533,4.543294782270004,1,0,At-Risk,0.6786,Medium,233.89,Bronze
17698,261,1,154.95,19.36875,93,5.049535443053812,3.0140018636037347,4.543294782270004,1,0,At-Risk,0.674,Medium,233.5,Bronze
17700,17,4,2534.64,17.84957746478873,1266,7.838201349644471,2.9364904979817097,7.144407180321139,0,2,High-Value,0.1054,Low,1989.3,Platinum
17701,253,1,417.95,17.414583333333333,109,6.037751581059295,2.913142923159011,4.700480365792417,1,0,At-Risk,0.669,Medium,269.01,Bronze
17702,30,4,1824.37,24.653648648648648,1353,7.509537985193698,3.244685809011229,7.21081845347222,0,1,Loyal,0.1214,Low,2080.47,Platinum
17703,35,3,798.74,14.522545454545456,590,6.684286674843982,2.742293512553184,6.3818160174060985,0,1,Loyal,0.1582,Low,815.53,Gold
17704,169,2,885.19,28.554516129032255,343,6.786931374567216,3.3862365622604735,5.840641657373398,1,0,At-Risk,0.4564,Medium,829.63,Gold
17705,3,9,1823.52,17.70407766990291,963,7.509072217723792,2.9287415573035815,6.871091294610546,0,2,High-Value,0.0347,Low,1806.59,Platinum
17706,4,17,10504.49,27.498664921465966,3899,9.259653256646304,3.349857241316507,8.268731832117737,0,2,High-Value,0.001,Low,5752.54,Platinum
17707,185,2,152.4,30.48,144,5.0330488889331555,3.4493524235492026,4.976733742420574,1,0,At-Risk,0.6241,Medium,308.62,Silver
17708,188,2,263.33,7.744999999999999,90,5.577198322546748,2.1684821084705654,4.51085950651685,1,0,At-Risk,0.5757,Medium,228.04,Bronze
17709,170,1,137.45,19.635714285714283,17,4.9305092496169705,3.0270232778569306,2.8903717578961645,1,0,At-Risk,0.8076,High,108.95,Bronze
17711,11,2,385.1,16.743478260869566,246,5.956096403270191,2.8760180264826105,5.5093883366279774,0,1,Loyal,0.2986,Low,471.46,Silver
17712,45,1,522.91,18.031379310344825,215,6.261319913844147,2.9460891595193273,5.375278407684165,0,1,Loyal,0.513,Medium,383.05,Silver
17714,321,1,153.0,15.3,92,5.0369526024136295,2.791165107812717,4.532599493153256,1,0,At-Risk,0.6937,Medium,150.91,Bronze
17715,201,1,326.4,326.4,384,5.791182664937034,5.791182664937034,5.953243334287785,1,0,At-Risk,0.5884,Medium,493.46,Silver
17716,23,11,5655.99,23.085673469387753,3072,8.640647227620185,3.1816172018829767,8.030409562130485,0,2,High-Value,0.0034,Low,4871.94,Platinum
17718,232,1,139.35,23.225,83,4.9441393028078915,3.1873851577768297,4.430816798843313,1,0,At-Risk,0.6663,Medium,224.64,Bronze
17719,38,15,5396.04,19.693576642335767,2466,8.593605934116098,3.0298233449825647,7.810758116529357,0,2,High-Value,0.0015,Low,5046.01,Platinum
17720,26,4,1195.94,23.9188,576,7.087523578988375,3.2156225386667088,6.3578422665081,0,1,Loyal,0.1736,Low,1071.63,Gold
17722,96,4,2424.04,21.078608695652175,1595,7.793603298080906,3.094609207451282,7.375255778009755,1,1,Loyal,0.2397,Low,2447.45,Platinum
17723,127,6,3276.4000000000005,327.64000000000004,792,8.094805704112124,5.794962926740194,6.675823221634848,1,2,High-Value,0.4702,Medium,2884.0,Platinum
17724,71,3,1033.0,25.825,300,6.9411900550683745,3.2893342885167622,5.707110264748875,0,1,Loyal,0.2221,Low,713.29,Gold
17725,16,11,3439.08,17.911875,2162,8.143250005910986,2.9397900316417767,7.679251425953058,0,2,High-Value,0.0109,Low,3422.22,Platinum
17727,15,1,1060.25,16.064393939393938,645,6.967202737625557,2.836994066896122,6.470799503782602,0,1,Loyal,0.3601,Low,1014.1,Gold
17728,4,3,2876.01,17.430363636363637,1469,7.964506839388399,2.9139995021633536,7.293017679772782,0,2,High-Value,0.1303,Low,2276.22,Platinum
17730,3,13,5298.4800000000005,24.304954128440368,3576,8.575363981519251,3.231000191917525,8.182279739259018,0,2,High-Value,0.0016,Low,5571.57,Platinum
17731,79,4,1240.11,18.509104477611935,493,7.123761419471479,2.9708812528953357,6.202535517187923,0,1,Loyal,0.1898,Low,1003.58,Gold
17732,373,1,303.97,16.887222222222224,93,5.7202134111139475,2.8840866156060003,4.543294782270004,1,0,At-Risk,0.7002,High,224.75,Bronze
17733,39,2,692.19,19.776857142857143,463,6.541304131886272,3.033839729904167,6.139884552226255,0,1,Loyal,0.2961,Low,753.33,Gold
17734,54,3,700.63,16.293720930232556,422,6.553406199550886,2.8503434836110317,6.0473721790462776,0,1,Loyal,0.2754,Low,784.6,Gold
17735,2,19,13110.02,19.00002898550725,8439,9.481208376934894,2.995733722828303,9.040737587590003,0,2,High-Value,0.001,Low,13677.14,Platinum
17736,9,3,377.44,15.0976,238,5.936057539836243,2.778670192555649,5.476463551931511,0,1,Loyal,0.2588,Low,407.13,Silver
17737,9,2,168.24,16.824,108,5.131317825851867,2.8805458637448735,4.6913478822291435,0,1,Loyal,0.4905,Medium,227.68,Bronze
17738,19,4,1879.05,19.37164948453608,1029,7.539053651215015,3.0141442031280232,6.937314081223682,0,1,Loyal,0.1449,Low,1878.74,Platinum
17739,12,7,2791.35,59.39042553191489,861,7.934638814191774,4.100830574691985,6.759255270663693,0,2,High-Value,0.079,Low,2376.16,Platinum
17742,113,2,355.11,23.674,89,5.875239671888878,3.205750057649273,4.499809670330265,1,1,Loyal,0.5392,Medium,284.44,Bronze
17744,4,6,2322.4,17.076470588235296,3412,7.750786909079374,2.894611125080223,8.135346948906706,0,2,High-Value,0.0298,Low,3623.57,Platinum
17746,240,1,110.25,18.375,29,4.711779921046349,2.9639835752394106,3.4011973816621555,1,0,At-Risk,0.6974,Medium,109.44,Bronze
17747,113,1,71.4,71.4,12,4.282206299391671,4.282206299391671,2.5649493574615367,1,0,At-Risk,0.9207,High,81.71,Bronze
17749,178,2,674.52,19.272,320,6.515482764659955,3.009240623578783,5.771441123130016,1,0,At-Risk,0.3976,Low,575.15,Silver
17750,5,9,1710.45,9.29592391304348,3747,7.445096243403855,2.331748080313478,8.228977643358313,0,2,High-Value,0.044,Low,2779.37,Platinum
17752,359,1,80.64,80.64,192,4.402319337941644,4.402319337941644,5.262690188904886,1,0,At-Risk,0.6836,Medium,176.97,Bronze
17754,1,5,1664.65,18.703932584269666,1816,7.417970716622433,2.980818239388798,7.504942068396171,0,1,Loyal,0.0596,Low,2083.4,Platinum
17757,1,30,5593.39,7.558635135135136,3318,8.629519588886271,2.146940730610646,8.107418811719974,0,2,High-Value,0.0011,Low,5786.93,Platinum
17758,19,8,3408.2000000000003,8.436138613861386,2054,8.134232938648143,2.2445468513338223,7.628031126930335,0,2,High-Value,0.0178,Low,3036.03,Platinum
17759,17,3,819.96,9.110666666666669,697,6.7104743871936545,2.3135909721705796,6.548219102762372,0,1,Loyal,0.1321,Low,915.29,Gold
17760,22,2,287.59,11.5036,239,5.665006995704794,2.526016602844216,5.480638923341991,0,1,Loyal,0.2469,Low,364.65,Silver
17761,33,1,712.78,37.514736842105265,398,6.570574791610563,3.6510409431736486,5.988961416889864,0,1,Loyal,0.4214,Medium,788.5,Gold
17763,263,1,15.0,15.0,12,2.772588722239781,2.772588722239781,2.5649493574615367,1,0,At-Risk,0.6969,Medium,25.75,Bronze
17764,51,2,772.55,10.880985915492955,351,6.650990309165078,2.4749393000106683,5.863631175598097,0,1,Loyal,0.218,Low,642.75,Silver
17765,159,3,367.63,6.564821428571428,143,5.909793430963424,2.023508742014121,4.969813299576001,1,0,At-Risk,0.4211,Medium,330.53,Silver
17767,15,1,271.2,12.914285714285716,128,5.6065370902173655,2.632916061593176,4.859812404361672,0,1,Loyal,0.6318,Medium,167.73,Bronze
17768,8,3,2081.9,21.243877551020407,1122,7.641516432427338,3.1020668045007977,7.023758954738443,0,1,Loyal,0.1989,Low,1684.95,Platinum
17769,13,10,3957.43,13.017861842105262,1850,8.283602760989174,2.6403323622801897,7.523481312573497,0,2,High-Value,0.0126,Low,2792.68,Platinum
17770,199,5,1143.27,30.086052631578948,365,7.042522158078838,3.4367592501551667,5.902633333401366,1,0,At-Risk,0.2338,Low,955.74,Gold
17771,57,2,245.81,4.552037037037037,287,5.508618809848949,1.7141648941183183,5.662960480135946,0,1,Loyal,0.2363,Low,481.56,Silver
17772,11,2,173.45,3.469,55,5.161638167632783,1.4971646699513144,4.02535169073515,0,1,Loyal,0.2388,Low,156.91,Bronze
17774,97,4,1213.73,7.932875816993464,508,7.10227710885741,2.189738383021536,6.2324480165505225,1,1,Loyal,0.1979,Low,937.27,Gold
17775,255,1,56.4,18.8,72,4.050044303325521,2.9856819377004897,4.290459441148391,1,0,At-Risk,0.6813,Medium,157.75,Bronze
17777,25,3,647.56,3.408210526315789,501,6.4747545206794515,1.4834688307636297,6.218600119691729,0,1,Loyal,0.1496,Low,740.04,Gold
17779,21,3,650.32,8.028641975308643,396,6.479001072896019,2.2004019657878655,5.983936280687191,0,1,Loyal,0.1653,Low,698.27,Gold
17781,159,2,188.02,15.668333333333337,34,5.24185282956691,2.8135107117603697,3.5553480614894135,1,0,At-Risk,0.6348,Medium,117.98,Bronze
17783,72,2,283.47,4.23089552238806,354,5.650627799851681,1.6545824914090612,5.872117789475416,0,1,Loyal,0.2028,Low,536.78,Silver
17785,53,1,131.94,10.149230769230767,67,4.889897898613436,2.4113705062195985,4.219507705176107,0,1,Loyal,0.6117,Medium,118.07,Bronze
17786,85,2,266.85,3.9242647058823534,195,5.590427122326969,1.5941749651799526,5.278114659230517,0,1,Loyal,0.2555,Low,291.91,Bronze
17787,153,4,1817.54,14.19953125,896,7.505789260335805,2.7212645885609152,6.799055862058796,1,1,Loyal,0.2653,Low,1454.31,Gold
17788,74,2,1117.9,223.58,211,7.020101338813675,5.414231991144392,5.356586274672012,0,1,Loyal,0.4189,Medium,701.55,Gold
17789,281,1,225.9,16.135714285714286,74,5.424509391785796,2.84116484023039,4.31748811353631,1,0,At-Risk,0.6499,Medium,198.27,Bronze
17790,27,14,1964.3,10.393121693121692,835,7.58340018440594,2.43300981305292,6.728628613084702,0,2,High-Value,0.0433,Low,2063.82,Platinum
17791,30,1,106.1,10.61,46,4.673762977453703,2.4518667957098,3.8501476017100584,0,1,Loyal,0.6109,Medium,103.19,Bronze
17793,25,1,300.34,5.77576923076923,226,5.708239195373142,1.9133528999175664,5.424950017481403,0,1,Loyal,0.372,Low,327.83,Silver
17795,180,2,342.83,7.618444444444444,305,5.840147349176718,2.153904609509784,5.723585101952381,1,0,At-Risk,0.2977,Low,460.61,Silver
17796,40,4,690.0,8.518518518518519,176,6.53813982376767,2.253239218890891,5.176149732573829,0,1,Loyal,0.2604,Low,558.72,Silver
17797,22,3,780.43,7.0309009009009005,498,6.6611255745126075,2.0832967135586444,6.212606095751519,0,1,Loyal,0.0875,Low,759.03,Gold
17799,22,10,3039.17,7.522698019801981,1753,8.019668713889375,2.1427329597030247,7.469654172932128,0,2,High-Value,0.0257,Low,2745.63,Platinum
17800,37,9,1187.21,11.526310679611653,732,7.080203251977793,2.5278312865747887,6.597145701886651,0,1,Loyal,0.0492,Low,1401.87,Gold
17802,82,3,1285.04,9.178857142857142,752,7.159323008512906,2.3203127398749253,6.6240652277998935,0,1,Loyal,0.1679,Low,1143.39,Gold
17805,74,1,512.31,51.230999999999995,478,6.240879951161022,3.955676188349549,6.171700597410915,0,1,Loyal,0.3757,Low,619.77,Silver
17806,11,1,546.04,12.698604651162787,727,6.304521925890991,2.617293977366899,6.590301048196686,0,1,Loyal,0.3423,Low,584.97,Silver
17809,16,12,5411.91,88.71983606557377,2057,8.596542120019182,4.49669188247216,7.629489916393995,0,2,High-Value,0.0206,Low,5071.08,Platinum
17811,4,39,7761.82,9.374178743961352,4146,8.957100949224584,2.3393199057751204,8.330140460246382,0,2,High-Value,0.0156,Low,6574.11,Platinum
17812,13,4,699.81,5.261729323308271,329,6.552236808926767,1.834456396691832,5.799092654460526,0,1,Loyal,0.1463,Low,665.01,Gold
17813,14,5,1698.07,4.879511494252873,752,7.437836321529504,1.771473679250572,6.6240652277998935,0,1,Loyal,0.0867,Low,1318.33,Gold
17816,37,4,36.56,2.150588235294118,30,3.6259396543400624,1.147589176766756,3.4339872044851463,0,1,Loyal,0.1305,Low,48.03,Bronze
17817,4,3,387.68,11.747878787878788,67,5.9627563829712384,2.5453648881853477,4.219507705176107,0,1,Loyal,0.6373,Medium,270.01,Bronze
17819,72,7,3704.87,77.18479166666667,1031,8.217673327978565,4.359075148671685,6.939253946041508,0,2,High-Value,0.1204,Low,2844.0,Platinum
17824,51,1,298.4,22.95384615384615,408,5.701780471985528,3.176128901938361,6.013715156042802,0,1,Loyal,0.388,Low,462.83,Silver
17827,5,5,1987.33,9.24339534883721,1240,7.595050369416567,2.3266331416867287,7.123672785204607,0,2,High-Value,0.0929,Low,1660.69,Platinum
17828,23,4,1820.09,27.1655223880597,667,7.507190501900052,3.3380986195938025,6.504288173536645,0,1,Loyal,0.2146,Low,1327.92,Gold
17829,299,1,889.24,29.641333333333332,496,6.7914910892950235,3.4223498600265496,6.208590026096629,1,0,At-Risk,0.4481,Medium,838.36,Gold
17830,2,3,398.7,17.33478260869565,92,5.990714265717278,2.908799944823365,4.532599493153256,0,1,Loyal,0.4272,Medium,309.4,Silver
17831,33,1,35.400000000000006,17.700000000000003,12,3.594568774642695,2.928523523860541,2.5649493574615367,0,1,Loyal,0.5557,Medium,32.59,Bronze
17832,50,1,155.37,2.547049180327869,208,5.052224993855419,1.266116041026027,5.342334251964811,0,1,Loyal,0.1961,Low,184.75,Bronze
17835,3,3,342.24,5.800677966101695,344,5.83842991093892,1.917022308109565,5.84354441703136,0,1,Loyal,0.2248,Low,504.27,Silver
17836,47,1,110.21,4.592083333333334,88,4.71142030583075,1.721351907061769,4.48863636973214,0,1,Loyal,0.3852,Low,143.95,Bronze
17837,42,8,1541.23,9.513765432098763,510,7.340984699939525,2.3526853920950037,6.236369590203704,0,2,High-Value,0.0585,Low,1434.73,Gold
17838,27,5,2720.8,23.254700854700857,1831,7.909048705126217,3.188610448275457,7.513163545234075,0,2,High-Value,0.0313,Low,2861.83,Platinum
17839,42,1,318.15,6.11826923076923,257,5.765661211702066,1.96266461030768,5.552959584921617,0,1,Loyal,0.3597,Low,371.01,Silver
17841,2,124,40519.84,5.2787701928087545,22834,10.6095716886512,1.837174132132491,10.0360497256191,0,2,High-Value,0.001,Low,35563.76,Platinum
17843,303,1,205.48,5.553513513513513,113,5.330203555410359,1.8800013201053232,4.736198448394496,1,0,At-Risk,0.5334,Medium,188.29,Bronze
17844,107,1,51.559999999999995,10.312,52,3.961955374176355,2.425864109154217,3.970291913552122,1,0,At-Risk,0.6494,Medium,100.66,Bronze
17846,85,1,2033.1,2033.1,1,7.617808739608441,7.617808739608441,0.6931471805599453,0,1,Loyal,0.2854,Low,1131.48,Gold
17848,81,9,901.2,17.670588235294115,398,6.804836224974295,2.9269494640360927,5.988961416889864,0,1,Loyal,0.1092,Low,1065.28,Gold
17849,218,4,605.8000000000001,23.300000000000004,114,6.408199247474378,3.190476350346503,4.74493212836325,1,0,At-Risk,0.4995,Medium,396.34,Silver
17850,372,34,5391.21,18.15222222222222,1733,8.59271059842128,2.9524187518300806,7.458186157340487,1,2,High-Value,0.6039,Medium,4546.5,Platinum
17852,12,2,114.34,4.764166666666667,53,4.747884288187267,1.751660592824493,3.9889840465642745,0,1,Loyal,0.48,Medium,154.05,Bronze
17854,185,2,311.26,20.750666666666667,84,5.743836174113374,3.0796444084059464,4.442651256490317,1,0,At-Risk,0.5799,Medium,279.82,Bronze
17855,373,1,208.97,12.292352941176471,197,5.346964663369558,2.587188903042058,5.288267030694535,1,0,At-Risk,0.4639,Medium,221.89,Bronze
17856,2,4,1418.03,94.53533333333333,842,7.25772881858561,4.559496161608012,6.736966958001855,0,1,Loyal,0.1979,Low,1502.35,Gold
17857,4,23,26879.04,497.76,19256,10.199139282731217,6.212125018128385,9.865629909979887,0,2,High-Value,0.0294,Low,33854.31,Platinum
17858,6,12,5140.66,26.09472081218274,2694,8.545131263508203,3.299338904930399,7.899153483343097,0,2,High-Value,0.0049,Low,4974.85,Platinum
17859,305,1,141.92000000000002,6.170434782608696,102,4.962285033155209,1.9699662919095495,4.634728988229636,1,0,At-Risk,0.6382,Medium,178.14,Bronze
17860,369,1,226.45,4.354807692307693,93,5.426930434016013,1.6779947914542503,4.543294782270004,1,0,At-Risk,0.5777,Medium,187.84,Bronze
17861,3,8,2097.88,9.579360730593608,1985,7.649159148105371,2.3589050021654767,7.593877844605118,0,2,High-Value,0.024,Low,2826.85,Platinum
17862,324,1,330.9,30.08181818181818,100,5.804833718725929,3.436623023846885,4.61512051684126,1,0,At-Risk,0.6397,Medium,221.84,Bronze
17863,59,6,3160.0,21.35135135135135,2638,8.058643712215618,3.106886782379467,7.878155336503324,0,2,High-Value,0.0304,Low,3624.9,Platinum
17864,13,3,554.85,6.165,706,6.320498473679624,1.9692080612801353,6.561030665896573,0,1,Loyal,0.1845,Low,768.14,Gold
17865,31,20,10526.32,28.449513513513512,5757,9.261729061813442,3.3826773908953993,8.65834547117212,0,2,High-Value,0.001,Low,10881.82,Platinum
17866,143,1,329.65,36.62777777777777,174,5.801060414120672,3.627742548324693,5.1647859739235145,1,1,Loyal,0.5249,Medium,351.11,Silver
17867,30,6,1157.87,17.027500000000003,508,7.055200671388662,2.8918983698087777,6.2324480165505225,0,1,Loyal,0.1223,Low,1230.76,Gold
17869,107,5,428.18,10.7045,111,6.061876411348347,2.4599733832427884,4.718498871295094,1,1,Loyal,0.5974,Medium,452.87,Silver
17870,2,12,1865.89,6.910703703703704,1351,7.532029223755638,2.0682167416282957,7.20934025660291,0,2,High-Value,0.0653,Low,2105.63,Platinum
17871,205,1,155.9,15.59,182,5.055608659738987,2.808800104202353,5.209486152841421,1,0,At-Risk,0.4116,Medium,251.01,Bronze
17873,80,5,1848.96,42.99906976744186,1035,7.522919296216998,3.784168492045725,6.943122422819428,0,1,Loyal,0.0895,Low,1915.46,Platinum
17874,185,6,683.46,14.857826086956525,221,6.528630206205813,2.7636631378936474,5.402677381872279,1,0,At-Risk,0.4805,Medium,659.41,Gold
17877,170,1,237.61,19.800833333333333,98,5.474830419933934,3.0349930500072917,4.59511985013459,1,0,At-Risk,0.6555,Medium,215.0,Bronze
17878,44,1,379.45,14.59423076923077,401,5.941354762622532,2.7469010233690843,5.996452088619021,0,1,Loyal,0.3788,Low,444.64,Silver
17879,174,1,178.51999999999998,29.75333333333333,45,5.190286622334331,3.4259983894615647,3.828641396489095,1,0,At-Risk,0.6432,Medium,198.93,Bronze
17880,365,1,458.92,17.65076923076923,314,6.131052561315036,2.9258873908569005,5.752572638825633,1,0,At-Risk,0.5471,Medium,485.1,Silver
17881,304,1,133.35000000000002,16.668750000000003,32,4.9004483350615,2.8717975424597637,3.49650756146648,1,0,At-Risk,0.7444,High,108.92,Bronze
17883,3,4,664.34,4.6784507042253525,374,6.500298188193179,1.7366784321857671,5.926926025970411,0,1,Loyal,0.1421,Low,691.08,Gold
17884,4,4,695.0699999999999,6.151061946902654,817,6.545450229989766,1.967260869719642,6.706862336602747,0,1,Loyal,0.0983,Low,870.7,Gold
17885,12,1,156.34,2.949811320754717,110,5.0584090689010965,1.373667810874616,4.709530201312334,0,1,Loyal,0.2929,Low,173.36,Bronze
17886,32,3,869.28,8.52235294117647,469,6.768814998950002,2.253641975951449,6.152732694704104,0,1,Loyal,0.173,Low,761.4,Gold
17887,129,1,111.35,11.135,30,4.721618998631338,2.4960938391785645,3.4339872044851463,1,0,At-Risk,0.7996,High,106.41,Bronze
17888,21,8,716.0,11.015384615384615,973,6.57507584059962,2.486187879944049,6.881411303642535,0,1,Loyal,0.1036,Low,1670.0,Platinum
17889,212,2,201.37,10.0685,77,5.310097705083568,2.404103236184394,4.356708826689592,1,0,At-Risk,0.5584,Medium,184.91,Bronze
17890,323,2,586.89,6.449340659340659,402,6.376539855568017,2.008125526373001,5.998936561946683,1,0,At-Risk,0.3402,Low,584.4,Silver
17891,162,1,203.86,5.995882352941176,393,5.3223268190083886,1.9453217406829375,5.976350909297934,1,0,At-Risk,0.4913,Medium,317.63,Silver
17892,56,3,244.1,8.717857142857143,109,5.501666290534067,2.273965135613997,4.700480365792417,0,1,Loyal,0.4564,Medium,286.34,Bronze
17893,225,1,107.21,7.147333333333333,149,4.684073783583557,2.097690675347699,5.0106352940962555,1,0,At-Risk,0.6792,Medium,197.86,Bronze
17894,72,8,1118.96,5.827916666666667,404,7.021048249365656,1.9210196002101871,6.003887067106539,0,1,Loyal,0.0742,Low,980.15,Gold
17895,44,1,95.45,6.363333333333333,127,4.569024739351738,1.996512728763916,4.852030263919617,0,1,Loyal,0.5486,Medium,165.94,Bronze
17896,23,1,256.32,128.16,288,5.550320446542799,4.8610519458900745,5.666426688112432,0,1,Loyal,0.5152,Medium,311.48,Silver
17897,173,3,541.8100000000001,5.01675925925926,222,6.2967593507829065,1.794548785342935,5.407171771460119,1,0,At-Risk,0.3823,Low,432.08,Silver
17898,85,2,152.06,5.430714285714286,190,5.030830001381775,1.8610856185051268,5.25227342804663,0,1,Loyal,0.337,Low,262.89,Bronze
17899,159,1,154.55,4.985483870967743,170,5.046967223343646,1.7893371830214604,5.14166355650266,1,0,At-Risk,0.4689,Medium,200.7,Bronze
17900,190,2,112.2,18.7,73,4.729156165769083,2.9806186357439426,4.30406509320417,1,0,At-Risk,0.6465,Medium,146.26,Bronze
17901,29,1,110.38,5.809473684210526,24,4.7129477781615225,1.918314831449399,3.218875824868201,0,1,Loyal,0.6138,Medium,92.45,Bronze
17904,21,1,181.07,5.325588235294117,59,5.204391228515873,1.844603031916729,4.0943445622221,0,1,Loyal,0.4657,Medium,143.65,Bronze
17905,71,4,798.99,24.21181818181818,406,6.684599227589802,3.2273128600517276,6.008813185442595,0,1,Loyal,0.2046,Low,918.41,Gold
17906,247,1,72.9,6.075,26,4.302712827954156,1.9565674435293017,3.295836866004329,1,0,At-Risk,0.6977,Medium,104.81,Bronze
17908,374,1,232.03,4.2968518518518515,169,5.451167200642247,1.6671126538593664,5.135798437050262,1,0,At-Risk,0.498,Medium,236.67,Bronze
17911,9,1,366.23,9.39051282051282,223,5.9059883547555305,2.3408931610165804,5.41164605185504,0,1,Loyal,0.4122,Medium,324.7,Silver
17912,310,5,310.06,8.38,184,5.739985819616414,2.238579763018133,5.220355825078324,1,0,At-Risk,0.5453,Medium,477.68,Silver
17913,59,2,408.65,7.0456896551724135,288,6.015303136587824,2.085136501465336,5.666426688112432,0,1,Loyal,0.3105,Low,474.52,Silver
17914,4,1,329.36,4.391466666666667,457,5.800182968942516,1.6848174567495464,6.126869184114185,0,1,Loyal,0.2688,Low,395.72,Silver
17917,45,3,335.03,3.641630434782608,184,5.8172004416917575,1.535065691322875,5.220355825078324,0,1,Loyal,0.2608,Low,323.83,Silver
17919,88,1,1304.04,56.697391304347825,756,7.173988970628047,4.055211961128867,6.6293632534374485,0,1,Loyal,0.3524,Low,1457.87,Gold
17920,4,17,4119.5,6.1947368421052635,2473,8.323729794203437,1.9733497645634632,7.813591552952433,0,2,High-Value,0.0026,Low,4214.69,Platinum
17921,64,4,820.23,5.776267605633803,425,6.710803216382034,1.91342644972721,6.054439346269371,0,1,Loyal,0.0841,Low,781.24,Gold
17923,282,1,207.50000000000003,207.50000000000003,50,5.339939041238856,5.339939041238856,3.9318256327243257,1,0,At-Risk,0.6365,Medium,210.99,Bronze
17924,12,7,2962.5,95.56451612903226,1160,7.994126281227893,4.570211345880261,7.057036981697891,0,2,High-Value,0.0663,Low,2581.06,Platinum
17925,373,1,244.08,244.08,72,5.501584687857454,5.501584687857454,4.290459441148391,1,0,At-Risk,0.7028,High,243.58,Bronze
17926,133,2,397.29,18.91857142857143,306,5.98718038316893,2.9916525341516165,5.726847747587197,1,1,Loyal,0.4121,Medium,590.69,Silver
17928,45,2,212.54,9.240869565217391,140,5.363824168750156,2.3263865344842527,4.948759890378168,0,1,Loyal,0.4732,Medium,297.72,Bronze
17929,11,4,843.0,168.6,108,6.738152494595957,5.133442723357803,4.6913478822291435,0,1,Loyal,0.3575,Low,682.07,Gold
17930,36,5,1740.48,44.62769230769231,1594,7.462490605387541,3.8205148196453314,7.374629015218945,0,1,Loyal,0.1307,Low,2392.4,Platinum
17931,134,2,408.36,6.282461538461539,249,6.014594964496837,1.9854689284728015,5.521460917862246,1,1,Loyal,0.3463,Low,488.98,Silver
17932,29,3,1331.57,14.795222222222222,789,7.19486468749322,2.7597075033049507,6.672032945461067,0,1,Loyal,0.1908,Low,1153.6,Gold
17934,52,2,704.25,33.535714285714285,478,6.558552349882105,3.5419939852780904,6.171700597410915,0,1,Loyal,0.3604,Low,828.02,Gold
17935,138,2,145.79,5.027241379310345,82,4.989002993969142,1.796289423360521,4.418840607796598,1,0,At-Risk,0.6464,Medium,192.15,Bronze
17936,5,1,380.13,5.279583333333333,257,5.943140524277792,1.8373036300836392,5.552959584921617,0,1,Loyal,0.3583,Low,368.77,Silver
17937,9,7,4301.22,100.02837209302326,1754,8.366886447525236,4.615401389205036,7.470224135899966,0,2,High-Value,0.0629,Low,3679.57,Platinum
17939,160,1,99.14,8.261666666666667,40,4.606569206901798,2.2258840180637747,3.713572066704308,1,0,At-Risk,0.8292,High,108.51,Bronze
17940,49,10,4020.04,223.33555555555552,9323,8.299295854621981,5.413142946821562,9.140347000155648,0,2,High-Value,0.0497,Low,10803.63,Platinum
17941,131,1,304.56,152.28,252,5.722146158673159,5.03226631422255,5.53338948872752,1,1,Loyal,0.5876,Medium,344.43,Silver
17942,8,1,77.50000000000001,38.75000000000001,38,4.363098624788363,3.682609841100341,3.6635616461296463,0,1,Loyal,0.6936,Medium,93.2,Bronze
17946,233,2,149.57999999999998,7.478999999999999,75,5.014494504421976,2.137592518321866,4.330733340286331,1,0,At-Risk,0.7236,High,176.79,Bronze
17947,37,1,176.68,19.63111111111111,168,5.179984179586172,3.026800184629962,5.1298987149230735,0,1,Loyal,0.3229,Low,312.12,Silver
17948,147,1,358.56000000000006,358.56000000000006,144,5.884881061705198,5.884881061705198,4.976733742420574,1,1,Loyal,0.6447,Medium,476.38,Silver
17949,1,45,58510.48,835.864,30546,10.976978253283772,6.729661572221636,10.32702176010517,0,2,High-Value,0.0044,Low,56170.57,Platinum
17950,72,3,482.2,6.791549295774648,366,6.180430646620605,2.0530397227492876,5.905361848054571,0,1,Loyal,0.2243,Low,554.86,Silver
17951,40,3,1008.54,50.42700000000001,616,6.917250060543926,3.940163326372456,6.424869023905388,0,1,Loyal,0.2574,Low,1100.04,Gold
17954,5,12,2314.13,4.851425576519916,2221,7.747221120451233,1.7666853198505983,7.706162970199576,0,2,High-Value,0.0188,Low,2902.93,Platinum
17955,199,4,557.3,29.331578947368417,273,6.324896452316315,3.41218937927618,5.6131281063880705,1,0,At-Risk,0.4745,Medium,651.28,Silver
17956,249,1,12.75,12.75,1,2.6210388241125804,2.6210388241125804,0.6931471805599453,1,0,At-Risk,0.7737,High,15.58,Bronze
17957,66,1,111.68,3.6025806451612907,287,4.724551943008172,1.5266171560055446,5.662960480135946,0,1,Loyal,0.3405,Low,160.76,Bronze
17958,117,1,508.4599999999999,72.63714285714285,84,6.233351341239327,4.299149556822707,4.442651256490317,1,1,Loyal,0.6723,Medium,229.32,Bronze
17960,171,1,73.78,2.8376923076923077,41,4.314550469548967,1.3448712244114094,3.737669618283368,1,0,At-Risk,0.8937,High,76.38,Bronze
17961,21,39,1296.44,5.206586345381527,560,7.1681483711962475,1.8256110419662783,6.329720905522696,0,2,High-Value,0.0945,Low,1544.37,Gold
17962,142,1,102.41,3.0120588235294115,127,4.638701669196884,1.3893045318888677,4.852030263919617,1,0,At-Risk,0.6731,Medium,170.53,Bronze
17964,32,2,463.21,4.726632653061224,294,6.140337036046906,1.7451276883583509,5.68697535633982,0,1,Loyal,0.3151,Low,476.82,Silver
17965,38,14,2599.19,7.997507692307693,1532,7.863339798262662,2.196947615909021,7.334981878871814,0,2,High-Value,0.0547,Low,2728.02,Platinum
17966,38,5,1098.43,16.15338235294118,2571,7.0025471426656845,2.8421953759121386,7.85243908535751,0,1,Loyal,0.0986,Low,3096.55,Platinum
17967,372,1,112.27,2.673095238095238,73,4.729774349212622,1.30103469574048,4.30406509320417,1,0,At-Risk,0.6526,Medium,139.78,Bronze
17968,374,1,265.1,3.27283950617284,151,5.583872177983643,1.45227859596886,5.0238805208462765,1,0,At-Risk,0.6672,Medium,235.67,Bronze
17969,166,2,228.2,16.3,152,5.434594984840585,2.8507065015037334,5.030437921392435,1,0,At-Risk,0.4301,Medium,298.56,Bronze
17970,211,1,562.79,19.40655172413793,513,6.334681841736619,3.0158560122363283,6.2422232654551655,1,0,At-Risk,0.4799,Medium,748.01,Gold
17972,242,1,135.19,4.506333333333333,36,4.914050969580866,1.7058989449048938,3.610917912644224,1,0,At-Risk,0.6995,Medium,73.71,Bronze
17973,52,1,337.04,22.469333333333335,176,5.823164231676282,3.155694604403401,5.176149732573829,0,1,Loyal,0.4029,Medium,333.85,Silver
17974,25,3,703.99,4.266606060606061,500,6.558183618314506,1.661386143818738,6.2166061010848646,0,1,Loyal,0.127,Low,743.95,Gold
17975,15,13,4483.26,15.30122866894198,1565,8.408328766453955,2.7912404834346014,7.356279876550748,0,2,High-Value,0.0553,Low,3438.58,Platinum
17976,372,1,321.79,5.645438596491228,93,5.7770019569816125,1.8939306939736824,4.543294782270004,1,0,At-Risk,0.6497,Medium,179.5,Bronze
17977,29,1,288.14,13.72095238095238,342,5.6669109998802965,2.6892718110007494,5.8377304471659395,0,1,Loyal,0.4287,Medium,325.18,Silver
17978,365,1,300.91999999999996,25.076666666666664,499,5.71016208162024,3.261040917028879,6.214608098422191,1,0,At-Risk,0.5397,Medium,490.92,Silver
17979,36,4,732.41,5.30731884057971,383,6.597704890668348,1.841710679849064,5.950642552587727,0,1,Loyal,0.1149,Low,743.02,Gold
17980,166,3,811.45,27.048333333333336,682,6.700054373848785,3.333929212496927,6.52649485957079,1,1,Loyal,0.3763,Low,1037.26,Gold
17984,145,1,152.68,3.1808333333333336,98,5.034872518460301,1.4305105887081613,4.59511985013459,1,0,At-Risk,0.4045,Medium,159.94,Bronze
17985,22,1,631.35,30.064285714285717,171,6.4494430383259855,3.4360587899883344,5.147494476813453,0,1,Loyal,0.4726,Medium,362.5,Silver
17986,56,1,20.8,20.8,10,3.0819099697950434,3.0819099697950434,2.3978952727983707,0,1,Loyal,0.461,Medium,27.04,Bronze
17987,185,1,198.57,15.274615384615384,261,5.2961650519798935,2.7896065555336893,5.568344503761097,1,0,At-Risk,0.4081,Medium,312.83,Silver
17988,12,7,201.12,5.292631578947368,43,5.308861580423708,1.8393793582492963,3.784189633918261,0,1,Loyal,0.2619,Low,163.49,Bronze
17990,237,3,630.84,21.753103448275866,414,6.448636197538339,3.124701551402066,6.028278520230698,1,0,At-Risk,0.4775,Medium,905.21,Gold
17991,225,2,93.35,18.67,25,4.547011271814559,2.9790946324009675,3.258096538021482,1,0,At-Risk,0.5583,Medium,109.93,Bronze
17994,122,4,674.89,8.542911392405063,495,6.516030340908829,2.255798616303994,6.206575926724928,1,1,Loyal,0.417,Medium,787.01,Gold
17995,282,1,76.1,38.05,133,4.345103280569283,3.664842876285695,4.897839799950911,1,0,At-Risk,0.642,Medium,203.66,Bronze
17997,74,8,1962.46,11.966219512195122,2273,7.582463502025479,2.562347476440988,7.729295674310482,0,2,High-Value,0.0247,Low,2610.16,Platinum
17999,37,2,380.39,4.18010989010989,219,5.94382247363014,1.6448262703533,5.393627546352362,0,1,Loyal,0.2744,Low,371.23,Silver
18001,12,2,415.13,7.282982456140351,362,6.030997711443308,2.1142031035576667,5.8944028342648505,0,1,Loyal,0.2688,Low,536.16,Silver
18004,362,1,157.92,4.268108108108108,75,5.068400930946398,1.661671305331081,4.330733340286331,1,0,At-Risk,0.4947,Medium,157.31,Bronze
18005,4,2,226.47,4.273018867924528,86,5.42701836156377,1.6626030387563304,4.465908118654584,0,1,Loyal,0.2916,Low,188.12,Bronze
18006,23,1,444.68,20.212727272727275,220,6.09960120571256,3.0546013445973403,5.3981627015177525,0,1,Loyal,0.485,Medium,347.36,Silver
18008,70,9,2116.19,70.53966666666666,1581,7.657845016753332,4.270252074422011,7.366445148327599,0,2,High-Value,0.0707,Low,2742.54,Platinum
18009,235,1,247.39,7.98032258064516,125,5.515000091600009,2.195035803789766,4.836281906951478,1,0,At-Risk,0.7064,High,237.32,Bronze
18010,257,1,174.8,12.485714285714286,60,5.169346985251076,2.6016309240961415,4.110873864173311,1,0,At-Risk,0.6707,Medium,117.94,Bronze
18011,373,1,102.79,3.671071428571428,71,4.642369626977198,1.541388473325857,4.276666119016055,1,0,At-Risk,0.6358,Medium,133.29,Bronze
18013,155,2,187.29,6.041612903225806,285,5.237983327508337,1.9518372495011247,5.655991810819852,1,0,At-Risk,0.3786,Low,476.35,Silver
18014,28,1,162.22,5.407333333333333,66,5.095098984041097,1.8574431677329828,4.204692619390966,0,1,Loyal,0.4493,Medium,137.98,Bronze
18015,4,1,120.03,2.6093478260869567,157,4.7960384487505126,1.2835270984306,5.062595033026967,0,1,Loyal,0.1962,Low,183.63,Bronze
18016,32,5,1477.66,12.111967213114754,1027,7.298891551225709,2.573525340913292,6.93537044601511,0,1,Loyal,0.081,Low,1652.2,Platinum
18017,81,3,523.0,174.33333333333334,300,6.261491684321042,5.1666889240696,5.707110264748875,0,1,Loyal,0.342,Low,633.1,Silver
18018,108,2,122.14,4.211724137931035,55,4.813321919483064,1.6509107296061,4.02535169073515,1,1,Loyal,0.3674,Low,140.83,Bronze
18019,52,1,38.45,7.69,7,3.675034047291883,2.162172939277301,2.0794415416798357,0,1,Loyal,0.5992,Medium,32.03,Bronze
18022,36,1,612.72,3.73609756097561,703,6.419538798077005,1.555213497237691,6.556778356158042,0,1,Loyal,0.2421,Low,538.8,Silver
18024,153,2,389.78,18.56095238095238,184,5.968144741786365,2.9735353536540794,5.220355825078324,1,0,At-Risk,0.4422,Medium,375.97,Silver
18027,99,1,115.31,5.490952380952381,78,4.7562590403509475,1.8704092658593283,4.3694478524670215,1,1,Loyal,0.5697,Medium,141.99,Bronze
18030,4,2,230.65,25.627777777777776,67,5.4452276118626575,3.281954948269421,4.219507705176107,0,1,Loyal,0.4428,Medium,212.23,Bronze
18032,334,1,73.5,14.7,42,4.310799125385514,2.7536607123542622,3.7612001156935624,1,0,At-Risk,0.7763,High,95.47,Bronze
18033,65,1,93.82,2.8430303030303032,252,4.551980357473973,1.3462611968054057,5.53338948872752,0,1,Loyal,0.2652,Low,197.3,Bronze
18034,22,2,418.68,3.8061818181818183,559,6.039492516118564,1.5699029680971897,6.327936783729195,0,1,Loyal,0.3493,Low,646.94,Silver
18035,36,3,713.89,14.569183673469388,584,6.572128684704628,2.7452935550218136,6.371611847231857,0,1,Loyal,0.183,Low,793.09,Gold
18036,32,3,403.12,4.288510638297873,232,6.001711863559532,1.6655366633747335,5.4510384535657,0,1,Loyal,0.2674,Low,400.26,Silver
18037,154,6,70.02,3.685263157894737,20,4.262961527514942,1.5444220844212675,3.044522437723423,1,0,At-Risk,0.163,Low,66.03,Bronze
18040,19,2,357.20000000000005,18.8,148,5.881091489626612,2.9856819377004897,5.003946305945459,0,1,Loyal,0.519,Medium,312.17,Silver
18041,12,21,4097.37,8.94622270742358,3758,8.318344612668472,2.297192851699165,8.231908243564177,0,2,High-Value,0.0021,Low,5297.04,Platinum
18042,54,1,165.04999999999998,23.578571428571426,33,5.112288947822756,3.201874983188176,3.5263605246161616,0,1,Loyal,0.6475,Medium,111.33,Bronze
18043,25,3,529.29,4.6025217391304345,265,6.273424026714671,1.7232168069407376,5.583496308781699,0,1,Loyal,0.1697,Low,445.59,Silver
18044,4,10,2088.6,16.445669291338582,1033,7.644727939082112,2.8590914397003577,6.9411900550683745,0,2,High-Value,0.0294,Low,1989.44,Platinum
18045,45,1,178.34,4.147441860465117,138,5.189283445523902,1.6384998651430769,4.9344739331306915,0,1,Loyal,0.3932,Low,187.37,Bronze
18048,203,2,172.29000000000002,24.612857142857145,127,5.1549664916521545,3.243094457552022,4.852030263919617,1,0,At-Risk,0.5563,Medium,296.94,Bronze
18050,359,1,74.4,14.88,40,4.32280727501391,2.7650604558189897,3.713572066704308,1,0,At-Risk,0.8226,High,97.83,Bronze
18053,71,1,300.02,15.001,302,5.707176707724217,2.7726512202867375,5.713732805509369,0,1,Loyal,0.4763,Medium,296.06,Bronze
18055,7,10,6761.34,18.88642458100559,2452,8.819124262985744,2.99003731707951,7.8050670442584895,0,2,High-Value,0.0034,Low,4101.92,Platinum
18056,288,1,363.65,19.139473684210525,211,5.898937989430242,3.0026817540894895,5.356586274672012,1,0,At-Risk,0.519,Medium,399.66,Silver
18058,10,1,170.16,56.72,88,5.142598791548616,4.05560373390567,4.48863636973214,0,1,Loyal,0.6276,Medium,212.42,Bronze
18059,23,3,306.46,17.025555555555556,258,5.728344997484453,2.8917905040860883,5.556828061699537,0,1,Loyal,0.2577,Low,455.7,Silver
18061,22,10,2119.41,46.0741304347826,955,7.659364745193834,3.851723602461458,6.862757913051401,0,2,High-Value,0.031,Low,2425.81,Platinum
18062,173,3,720.52,26.685925925925925,396,6.581360097857453,3.3209241947554236,5.983936280687191,1,0,At-Risk,0.4039,Medium,840.85,Gold
18064,133,2,814.0,116.28571428571428,384,6.703188113240863,4.764612960397115,5.953243334287785,1,1,Loyal,0.6209,Medium,705.82,Gold
18065,6,14,2392.83,17.465912408759124,1027,7.780649872736044,2.9159264599599557,6.93537044601511,0,2,High-Value,0.0362,Low,2220.36,Platinum
18066,75,1,318.0,31.8,108,5.765191102784844,3.4904285153900982,4.6913478822291435,0,1,Loyal,0.6383,Medium,252.56,Bronze
18067,40,1,396.33,10.71162162162162,189,5.98476716966025,2.4605816498000155,5.247024072160486,0,1,Loyal,0.4235,Medium,284.07,Bronze
18068,289,1,101.7,101.7,6,4.631812116934513,4.631812116934513,1.9459101490553132,1,0,At-Risk,0.8972,High,113.19,Bronze
18069,26,5,2009.24,4.396586433260394,1296,7.606009396910227,1.6857666116954235,7.167809184316444,0,2,High-Value,0.0777,Low,1879.98,Platinum
18071,258,2,453.0,18.12,260,6.118097198041348,2.9507349076232554,5.564520407322694,1,0,At-Risk,0.3952,Low,534.34,Silver
18072,186,1,247.44,13.746666666666666,288,5.515201367691102,2.69101706854597,5.666426688112432,1,0,At-Risk,0.5051,Medium,274.77,Bronze
18073,114,12,3859.82,53.60861111111112,3102,8.258634875130868,4.000191582973239,8.04012466444838,1,2,High-Value,0.4306,Medium,4610.67,Platinum
18074,374,1,489.6,37.66153846153846,190,6.195629131824389,3.6548452676479553,5.25227342804663,1,0,At-Risk,0.6196,Medium,376.11,Silver
18075,23,10,2611.75,18.392605633802816,1464,7.868158585474613,2.964891840515292,7.289610521451167,0,2,High-Value,0.0316,Low,2631.83,Platinum
18077,8,11,2584.41,11.589282511210762,1839,7.85763938171581,2.5328458576484385,7.517520850603031,0,2,High-Value,0.0155,Low,2837.55,Platinum
18078,217,2,336.13,11.590689655172412,145,5.820468612643942,2.532957624568102,4.983606621708336,1,0,At-Risk,0.5837,Medium,305.94,Silver
18079,45,4,3613.15,29.37520325203252,7347,8.192611975548187,3.413626593063264,8.902183446335016,0,2,High-Value,0.1193,Low,4004.4,Platinum
18080,19,2,1231.5,615.75,642,7.116799905916845,6.424463755409466,6.466144724237619,0,1,Loyal,0.4314,Medium,1331.9,Gold
18081,36,3,343.45,20.20294117647059,195,5.841948942039205,3.054139906794372,5.278114659230517,0,1,Loyal,0.3329,Low,431.54,Silver
18082,26,1,680.84,9.726285714285714,608,6.524795026214043,2.3726973377489133,6.411818267709897,0,1,Loyal,0.2924,Low,605.62,Silver
18084,16,1,90.48,90.48,312,4.516120369154581,4.516120369154581,5.746203190540153,0,1,Loyal,0.633,Medium,180.69,Bronze
18085,330,2,689.95,23.79137931034483,265,6.538067462249494,3.210495984287276,5.583496308781699,1,0,At-Risk,0.3911,Low,578.47,Silver
18086,274,1,101.34,14.477142857142857,106,4.628300603376946,2.7393642811744394,4.672828834461906,1,0,At-Risk,0.7066,High,139.74,Bronze
18087,98,2,4055.7199999999993,2027.8599999999997,3907,8.308130044310031,7.615229337938093,8.270781013162674,1,2,High-Value,0.7189,High,4138.39,Platinum
18088,61,1,166.03,4.487297297297298,107,5.118173437001857,1.7024358387299257,4.68213122712422,0,1,Loyal,0.4008,Medium,166.03,Bronze
18092,2,11,9068.26,101.8905617977528,4252,9.11264595212913,4.633665916551185,8.355379895253634,0,2,High-Value,0.0244,Low,6671.41,Platinum
18093,93,4,2106.52,58.51444444444444,1392,7.653267179747945,4.0862190468614035,7.239214973779806,1,1,Loyal,0.1196,Low,1997.23,Platinum
18094,82,7,3017.3,43.10428571428571,2518,8.012449037966114,3.7865569594607966,7.831617276352611,0,2,High-Value,0.0345,Low,3466.85,Platinum
18095,313,2,580.0500000000001,27.621428571428577,419,6.364836811668883,3.3541556880268404,6.040254711277414,1,0,At-Risk,0.4843,Medium,736.48,Gold
18096,12,3,849.06,4.331938775510204,788,6.745306935228424,1.6737149197880858,6.670766320845874,0,1,Loyal,0.065,Low,865.87,Gold
18097,8,6,2662.4,25.116981132075473,1662,7.887358781068045,3.262585720855641,7.416378479192928,0,2,High-Value,0.0846,Low,2914.2,Platinum
18099,127,1,168.31,8.858421052631579,149,5.131731354140141,2.2883260191413606,5.0106352940962555,1,1,Loyal,0.6276,Medium,189.28,Bronze
18101,11,2,222.4,5.5600000000000005,87,5.4089638866351,1.8809906029559975,4.477336814478207,0,1,Loyal,0.4188,Medium,216.03,Bronze
18102,1,60,259657.3,602.45313225058,64124,12.467121814869785,6.402668377622281,11.06858958247307,0,2,High-Value,0.0044,Low,108513.09,Platinum
18104,37,1,754.64,19.858947368421052,362,6.627565072288651,3.037782986574609,5.8944028342648505,0,1,Loyal,0.3581,Low,636.1,Silver
18105,38,1,113.48000000000002,6.304444444444446,46,4.740400135248196,1.9884829908998545,3.8501476017100584,0,1,Loyal,0.5857,Medium,128.9,Bronze
18106,330,1,421.9,11.402702702702705,126,6.047135744478443,2.5179144087565635,4.844187086458591,1,0,At-Risk,0.6718,Medium,266.87,Bronze
18108,254,1,271.0,15.941176470588236,84,5.605802066295998,2.82974713607973,4.442651256490317,1,0,At-Risk,0.6478,Medium,218.84,Bronze
18109,2,26,8004.92,18.151746031746033,4230,8.987936546996973,2.9523938880628045,8.350193650720067,0,2,High-Value,0.0009,Low,6988.01,Platinum
18110,20,1,198.8,5.372972972972973,72,5.297316866214453,1.852066075459046,4.290459441148391,0,1,Loyal,0.4895,Medium,166.37,Bronze
18112,12,2,352.69,13.565,255,5.868420823264403,2.678621390411398,5.545177444479562,0,1,Loyal,0.2914,Low,436.13,Silver
18113,369,1,76.32000000000001,76.32000000000001,72,4.34795265434013,4.34795265434013,4.290459441148391,1,0,At-Risk,0.797,High,98.45,Bronze
18114,290,1,220.1,7.860714285714286,55,5.3986150878634005,2.1816273805225515,4.02535169073515,1,0,At-Risk,0.6599,Medium,144.72,Bronze
18116,68,8,1403.11,3.781967654986523,837,7.247158929095093,1.564852105104124,6.731018100482083,0,1,Loyal,0.035,Low,1469.06,Gold
18117,26,1,315.65,4.384027777777778,605,5.757797062962439,1.6834367516489128,6.406879986069314,0,1,Loyal,0.2379,Low,426.48,Silver
18118,11,26,5625.08,4.453745051464766,2865,8.63516820864298,1.6963025380914871,7.960672608388117,0,2,High-Value,0.0011,Low,4874.13,Platinum
18119,368,1,180.7,6.23103448275862,124,5.202356975402125,1.9783821079214,4.8283137373023015,1,0,At-Risk,0.6481,Medium,217.68,Bronze
18120,214,1,111.15,6.538235294117648,31,4.719837260966218,2.0199881087538643,3.4657359027997265,1,0,At-Risk,0.7915,High,106.29,Bronze
18121,149,2,653.3,21.074193548387097,438,6.483565961875693,3.094409213473306,6.0844994130751715,1,1,Loyal,0.4344,Medium,783.85,Gold
18122,8,6,1793.06,5.022577030812325,1225,7.492236486875529,1.7955152459294212,7.111512116496157,0,2,High-Value,0.066,Low,1644.61,Platinum
18123,24,2,574.4399999999999,16.895294117647058,582,6.355134965559101,2.884537779827381,6.368187186350492,0,1,Loyal,0.3739,Low,895.67,Gold
18125,30,4,1131.75,5.89453125,800,7.032403583547247,1.9307285248878348,6.68586094706836,0,1,Loyal,0.0816,Low,1058.68,Gold
18126,61,1,200.92,3.863846153846154,135,5.307871579352849,1.5818295146089851,4.912654885736052,0,1,Loyal,0.2665,Low,193.23,Bronze
18127,19,3,347.08,7.545217391304347,187,5.852432338412425,2.145371757005131,5.236441962829949,0,1,Loyal,0.2991,Low,342.43,Silver
18129,243,1,112.55,8.039285714285715,48,4.732243268551567,2.2015801573758744,3.8918202981106265,1,0,At-Risk,0.6668,Medium,127.98,Bronze
18130,15,3,1059.39,15.13414285714286,824,6.966392043966783,2.78093770089128,6.715383386334681,0,1,Loyal,0.1611,Low,1066.68,Gold
18133,212,1,931.5,931.5,1350,6.83786915151797,6.83786915151797,7.208600337960199,1,0,At-Risk,0.6903,Medium,988.63,Gold
18135,29,5,681.9100000000001,34.0955,349,6.52636307929225,3.558072917124635,5.857933154483459,0,1,Loyal,0.2633,Low,744.72,Gold
18136,63,3,784.33,20.640263157894736,379,6.666104011612187,3.0745556146203628,5.940171252720432,0,1,Loyal,0.323,Low,778.71,Gold
18138,295,1,152.65,19.08125,38,5.034677288576494,2.9997865438820317,3.6635616461296463,1,0,At-Risk,0.7656,High,116.04,Bronze
18139,18,6,8438.34,53.07132075471698,5557,9.040659385480163,3.990303929851956,8.62299361030245,0,2,High-Value,0.1214,Low,9533.43,Platinum
18142,157,2,1019.52,67.968,1276,6.928067580294015,4.233642628907624,7.152268856032539,1,1,Loyal,0.4876,Medium,1574.1,Gold
18143,117,2,1000.16,16.396065573770493,570,6.908914606701983,2.856244064202333,6.3473892096560105,1,1,Loyal,0.3853,Low,896.88,Gold
18144,8,12,2888.75,67.18023255813954,1343,7.968925272174377,4.2221546776476115,7.203405521083095,0,2,High-Value,0.0563,Low,2879.24,Platinum
18145,13,4,2861.55,12.94819004524887,2625,7.959468114958852,2.6353497539893564,7.873217054862741,0,2,High-Value,0.0633,Low,3256.5,Platinum
18146,141,2,160.35000000000002,16.035000000000004,153,5.083575918497971,2.8352700511129303,5.0369526024136295,1,0,At-Risk,0.4933,Medium,316.68,Silver
18147,46,2,179.33999999999995,25.619999999999997,203,5.19484395807176,3.2816628129669656,5.318119993844216,0,1,Loyal,0.3559,Low,315.33,Silver
18149,51,3,612.0799999999999,38.254999999999995,310,6.4184954331307065,3.670078824650219,5.739792912179234,0,1,Loyal,0.2978,Low,678.66,Gold
18150,32,3,566.58,15.312972972972974,332,6.341381708583334,2.7919606791743328,5.808142489980444,0,1,Loyal,0.197,Low,549.82,Silver
18151,135,2,653.35,17.193421052631578,355,6.483642376501489,2.901060048108241,5.87493073085203,1,1,Loyal,0.3865,Low,640.81,Silver
18154,3,2,399.19,19.009047619047617,255,5.991939434331194,2.996184552212958,5.545177444479562,0,1,Loyal,0.3732,Low,477.42,Silver
18155,75,3,371.62,14.8648,266,5.920559133592207,2.764102818589483,5.58724865840025,0,1,Loyal,0.2608,Low,461.69,Silver
18156,13,2,675.64,5.538032786885246,283,6.517139373724178,1.8776363231082345,5.648974238161206,0,1,Loyal,0.2487,Low,483.18,Silver
18158,9,2,453.4,13.335294117647058,354,6.118977867406942,2.6627246165749443,5.872117789475416,0,1,Loyal,0.2836,Low,565.13,Silver
18159,301,1,530.15,23.05,139,6.275044467226023,3.1801349965517702,4.941642422609304,1,0,At-Risk,0.6007,Medium,294.21,Bronze
18160,57,2,638.0600000000001,16.36051282051282,294,6.459998346683129,2.8541982491480176,5.68697535633982,0,1,Loyal,0.3563,Low,526.19,Silver
18161,15,5,1618.69,20.233625,812,7.389990051890456,3.0555860100794026,6.70073110954781,0,1,Loyal,0.1419,Low,1570.4,Gold
18164,37,1,399.65,16.652083333333334,184,5.99308822822408,2.8708538122965277,5.220355825078324,0,1,Loyal,0.4127,Medium,325.05,Silver
18165,177,1,302.46000000000004,30.246,254,5.715249806097095,3.4418913679897116,5.541263545158426,1,0,At-Risk,0.6051,Medium,394.62,Silver
18167,23,3,1384.86,37.428648648648654,382,7.234076164546975,3.648803239988895,5.948034989180646,0,1,Loyal,0.2546,Low,874.82,Gold
18168,176,6,1160.04,8.923384615384615,592,7.057071434162108,2.2948940541713427,6.385194398997726,1,1,Loyal,0.2402,Low,1148.91,Gold
18169,61,1,202.65,22.516666666666666,61,5.316402834094422,3.157709389630713,4.127134385045092,0,1,Loyal,0.6308,Medium,144.25,Bronze
18170,33,3,980.31,25.797631578947367,409,6.888888413724063,3.2883135096917315,6.016157159698354,0,1,Loyal,0.2545,Low,923.5,Gold
18171,59,5,1231.31,22.802037037037035,481,7.116645735818236,3.169771166806304,6.1779441140506,0,1,Loyal,0.1326,Low,1107.1,Gold
18172,15,20,7561.68,40.00888888888889,3184,8.930980903708734,3.713788845374136,8.066207568006265,0,2,High-Value,0.0017,Low,6841.11,Platinum
18173,87,4,2106.84,67.9625806451613,1220,7.653419005452328,4.233564048003866,7.107425474110705,0,1,Loyal,0.1047,Low,1588.17,Gold
18174,7,1,104.0,104.0,50,4.653960350157523,4.653960350157523,3.9318256327243257,0,1,Loyal,0.5708,Medium,141.08,Bronze
18176,358,1,476.35,15.878333333333334,283,6.168249974444042,2.826030748116138,5.648974238161206,1,0,At-Risk,0.5319,Medium,430.58,Silver
18177,31,6,1340.87,18.368082191780825,709,7.20181944249662,2.9636264633163867,6.565264970035361,0,1,Loyal,0.1071,Low,1302.88,Gold
18178,129,4,1590.81,16.400103092783503,983,7.372627012548272,2.8564761310755467,6.891625897052253,1,1,Loyal,0.1827,Low,1359.46,Gold
18179,9,6,1793.17,19.924111111111113,1360,7.492297798441419,3.040902135717507,7.215975002651466,0,2,High-Value,0.0723,Low,2218.28,Platinum
18180,5,6,1843.75,15.493697478991596,1721,7.520099045938476,2.8029783369668353,7.451241684987676,0,2,High-Value,0.0821,Low,1996.32,Platinum
18181,24,1,366.85,8.947560975609756,133,5.907675246378274,2.2973273930422815,4.897839799950911,0,1,Loyal,0.7068,High,196.45,Bronze
18183,227,2,632.07,17.082972972972975,371,6.450581000548326,2.894970775792036,5.918893854273146,1,0,At-Risk,0.4359,Medium,667.74,Gold
18184,15,1,49.8,49.8,60,3.927896354584436,3.927896354584436,4.110873864173311,0,1,Loyal,0.6138,Medium,112.08,Bronze
18185,249,1,304.25,17.897058823529413,183,5.721131112990814,2.9390062921532136,5.214935757608986,1,0,At-Risk,0.4797,Medium,341.47,Silver
18188,15,3,2001.04,28.183661971830983,1168,7.601921939695548,3.3736090311710236,7.063903961472068,0,1,Loyal,0.196,Low,1969.23,Platinum
18189,78,2,1090.24,16.032941176470587,566,6.995069943308846,2.8351491853687243,6.340359303727752,0,1,Loyal,0.3162,Low,832.36,Gold
18190,192,2,284.46000000000004,18.964,140,5.654101914201623,2.993930651607363,4.948759890378168,1,0,At-Risk,0.5745,Medium,311.78,Silver
18191,262,1,207.8,29.685714285714283,140,5.341376856008484,3.4237972135793964,4.948759890378168,1,0,At-Risk,0.647,Medium,279.65,Bronze
18192,72,1,957.97,21.288222222222224,339,6.865859791808101,3.1040583874751024,5.8289456176102075,0,1,Loyal,0.3731,Low,528.26,Silver
18193,165,1,243.76,15.235,124,5.500278138594339,2.7871694055548093,4.8283137373023015,1,0,At-Risk,0.6503,Medium,239.61,Bronze
18194,82,1,973.84,139.11999999999998,632,6.882273354967445,4.942499198329286,6.450470422144176,0,1,Loyal,0.3636,Low,1111.56,Gold
18196,95,2,686.63,4.93978417266187,431,6.533250902574385,1.7816727981457283,6.068425588244111,1,1,Loyal,0.3547,Low,562.18,Silver
18198,4,17,5425.56,34.12301886792453,4074,8.599060694675584,3.55885672372657,8.312626025674962,0,2,High-Value,0.0018,Low,5695.85,Platinum
18200,106,1,150.35,5.011666666666667,104,5.019595035467727,1.7937020256873926,4.653960350157523,1,1,Loyal,0.5875,Medium,164.91,Bronze
18202,200,3,1396.99,20.543970588235293,581,7.242790769692349,3.0700959903131975,6.366470447731438,1,0,At-Risk,0.3191,Low,905.37,Gold
18203,157,1,160.42000000000002,8.443157894736842,43,5.084009663896226,2.245290446964697,3.784189633918261,1,0,At-Risk,0.6937,Medium,126.74,Bronze
18204,71,3,1975.35,10.28828125,1190,7.589006988129015,2.423765130079948,7.0825485693553,0,1,Loyal,0.1173,Low,1528.25,Gold
18205,36,2,517.36,16.1675,192,6.2506699815672135,2.8430180615126943,5.262690188904886,0,1,Loyal,0.3464,Low,336.33,Silver
18209,29,1,139.10000000000002,17.387500000000003,58,4.942356453342962,2.911671085927556,4.07753744390572,0,1,Loyal,0.6513,Medium,131.98,Bronze
18210,2,6,2621.38,19.56253731343284,1398,7.871837581358896,3.0234708431589756,7.243512974665482,0,2,High-Value,0.0813,Low,2430.76,Platinum
18211,26,5,600.07,14.287380952380952,359,6.3987114002985646,2.727027713730702,5.886104031450156,0,1,Loyal,0.2131,Low,708.34,Gold
18212,326,1,216.07,6.3549999999999995,92,5.380219882167671,1.9953803540534008,4.532599493153256,1,0,At-Risk,0.6499,Medium,181.42,Bronze
18213,237,1,232.48,15.498666666666669,232,5.453096420335591,2.803279569560578,5.4510384535657,1,0,At-Risk,0.489,Medium,327.56,Silver
18215,89,1,299.34000000000003,23.02615384615385,118,5.7049151662521345,3.1791429805981632,4.77912349311153,0,1,Loyal,0.6263,Medium,285.63,Bronze
18216,31,1,481.75,18.528846153846153,200,6.179498921308624,2.971892662439012,5.303304908059076,0,1,Loyal,0.5062,Medium,384.98,Silver
18217,29,2,621.75,20.056451612903224,491,6.43414515414229,3.047207003094092,6.198478716492308,0,1,Loyal,0.3774,Low,758.74,Gold
18218,211,2,641.92,32.096,536,6.46602029970094,3.4994124291591104,6.285998094508865,1,0,At-Risk,0.5342,Medium,800.96,Gold
18219,3,10,2069.77,18.155877192982455,885,7.635675797768084,2.9526095715693588,6.786716950605081,0,2,High-Value,0.1122,Low,1835.59,Platinum
18220,227,1,305.28000000000003,152.64,288,5.724499716244923,5.034612203477704,5.666426688112432,1,0,At-Risk,0.5919,Medium,343.14,Silver
18221,22,5,1041.61,16.27515625,791,6.949482463694109,2.849269414475347,6.674561391814426,0,1,Loyal,0.1435,Low,1213.21,Gold
18222,93,1,443.0,23.31578947368421,335,6.095824562432225,3.1911259119152984,5.817111159963204,1,1,Loyal,0.4662,Medium,463.89,Silver
18223,5,14,6484.54,23.840220588235297,2948,8.777330362366365,3.2124641373895875,7.989221408815276,0,2,High-Value,0.001,Low,5409.4,Platinum
18224,264,1,158.95000000000002,15.895,69,5.074861266395527,2.8270177201662534,4.248495242049359,1,0,At-Risk,0.6781,Medium,142.4,Bronze
18225,3,12,5504.96,20.46453531598513,3242,8.61358642087413,3.066402052990534,8.084254106307318,0,2,High-Value,0.0031,Low,5170.91,Platinum
18226,44,11,5228.05,21.603512396694217,3466,8.561984896200169,3.1181053099853884,8.151044945685024,0,2,High-Value,0.0037,Low,5568.15,Platinum
18227,218,1,93.75,18.75,21,4.5512418439625355,2.9831534913471307,3.091042453358316,1,0,At-Risk,0.7964,High,109.67,Bronze
18228,57,2,779.9,25.996666666666663,238,6.660447100668629,3.295713401592789,5.476463551931511,0,1,Loyal,0.3579,Low,508.3,Silver
18229,12,20,7276.900000000001,44.37134146341464,2488,8.892597638039238,3.814880660428867,7.819636302367592,0,2,High-Value,0.0023,Low,6619.36,Platinum
18230,9,7,2810.2000000000003,32.67674418604651,1316,7.941366717432833,3.5168075156409944,7.183111701743281,0,2,High-Value,0.0293,Low,2573.83,Platinum
18231,192,5,2071.77,16.843658536585366,819,7.636641155966783,2.8816481810475807,6.709304340258298,1,0,At-Risk,0.2362,Low,1665.96,Platinum
18232,82,4,592.97,16.026216216216216,302,6.386828813036717,2.834754286559912,5.713732805509369,0,1,Loyal,0.2576,Low,647.28,Silver
18233,326,1,440.0,440.0,4,6.089044875446846,6.089044875446846,1.6094379124341005,1,0,At-Risk,0.6097,Medium,396.73,Silver
18235,72,3,1796.48,17.273846153846154,1578,7.494140962968628,2.9054708656861226,7.364547014255642,0,1,Loyal,0.1527,Low,1946.05,Platinum
18236,30,6,882.24,18.004897959183673,403,6.783596964352348,2.9446967332704537,6.0014148779611505,0,1,Loyal,0.1424,Low,938.96,Gold
18237,3,5,987.1,16.181967213114753,622,6.895783907200917,2.8438604160028205,6.434546518787453,0,1,Loyal,0.1503,Low,1146.88,Gold
18239,219,5,1561.61,17.745568181818182,795,7.354112779132593,2.9309573608417696,6.679599185844383,1,0,At-Risk,0.2142,Low,1554.84,Gold
18240,46,1,422.58,70.42999999999999,126,6.0487423982594555,4.268717949166881,4.844187086458591,0,1,Loyal,0.5197,Medium,372.35,Silver
18241,10,17,2073.09,19.933557692307694,1051,7.637277782254905,3.0413535025340077,6.9584483932976555,0,2,High-Value,0.0397,Low,2182.72,Platinum
18242,72,4,2232.49,28.62166666666667,1017,7.711320663504336,3.3885060755438454,6.925595197110468,0,1,Loyal,0.183,Low,1832.91,Platinum
18245,7,7,2567.06,14.668914285714283,1788,7.850906029022887,2.751678767797416,7.489412083508719,0,2,High-Value,0.0206,Low,2356.89,Platinum
18246,24,2,596.1,149.025,166,6.392084603552947,5.010801946875577,5.117993812416755,0,1,Loyal,0.3625,Low,744.02,Gold
18248,123,2,804.02,17.1068085106383,511,6.690867121830435,2.896288028349786,6.238324625039508,1,1,Loyal,0.367,Low,849.02,Gold
18249,17,1,95.34,11.9175,128,4.567883601202075,2.5585829811792027,4.859812404361672,0,1,Loyal,0.6046,Medium,140.58,Bronze
18250,310,1,349.27,16.63190476190476,199,5.858704285656805,2.869710031521295,5.298317366548036,1,0,At-Risk,0.4884,Medium,389.88,Silver
18251,87,1,4314.72,269.67,7824,8.370019449389407,5.600900366688672,8.965079015408355,0,2,High-Value,0.3626,Low,3764.84,Platinum
18252,51,2,518.27,5.5135106382978725,234,6.252423979106417,1.873878579423185,5.459585514144159,0,1,Loyal,0.2939,Low,399.87,Silver
18255,89,1,103.3,17.216666666666665,74,4.647271362006727,2.9023369259544376,4.31748811353631,0,1,Loyal,0.6282,Medium,175.84,Bronze
18257,39,8,2337.63,19.81042372881356,1041,7.757320566811742,3.0354540019864986,6.948897222313312,0,2,High-Value,0.0316,Low,2287.38,Platinum
18259,25,3,2338.6000000000004,55.68095238095239,714,7.757735253568871,4.037438217450411,6.5722825426940075,0,1,Loyal,0.2346,Low,1663.89,Platinum
18260,173,6,2628.35,19.76203007518797,1475,7.874491946336666,3.033125841338927,7.297091005160418,1,2,High-Value,0.1462,Low,2478.46,Platinum
18261,43,2,324.24,15.44,146,5.784563371339637,2.799717389628034,4.990432586778736,0,1,Loyal,0.4958,Medium,290.6,Bronze
18262,140,1,149.48,11.498461538461536,182,5.013830184992774,2.525605559810592,5.209486152841421,1,0,At-Risk,0.4007,Medium,180.48,Bronze
18263,26,3,1213.16,19.887868852459015,1468,7.10180775865179,3.0391685527702146,7.292337176173877,0,1,Loyal,0.2264,Low,2490.7,Platinum
18265,72,2,801.51,17.424130434782608,311,6.687744315985722,2.913661242105927,5.7430031878094825,0,1,Loyal,0.3184,Low,603.07,Silver
18268,134,1,25.5,25.5,2,3.277144732992177,3.277144732992177,1.0986122886681098,1,0,At-Risk,0.8168,High,35.01,Bronze
18269,366,1,168.6,24.085714285714285,76,5.133442723357803,3.222298532145703,4.343805421853684,1,0,At-Risk,0.6364,Medium,195.78,Bronze
18270,38,2,283.15,25.74090909090909,101,5.649502267743131,3.2861945685120943,4.624972813284271,0,1,Loyal,0.442,Medium,265.11,Bronze
18272,3,6,3078.58,18.54566265060241,2050,8.03254850303289,2.9727534025127342,7.62608275807238,0,2,High-Value,0.0334,Low,3219.28,Platinum
18273,2,3,204.0,68.0,80,5.3230099791384085,4.23410650459726,4.394449154672439,0,1,Loyal,0.4976,Medium,279.36,Bronze
18274,30,1,175.92,15.992727272727272,88,5.1756976530001255,2.832785445033855,4.48863636973214,0,1,Loyal,0.6342,Medium,182.56,Bronze
18276,44,1,335.86,23.99,186,5.81966741377024,3.2184757448468613,5.231108616854587,0,1,Loyal,0.4151,Medium,342.81,Silver
18277,58,1,110.38,13.7975,68,4.7129477781615225,2.694458247582743,4.23410650459726,0,1,Loyal,0.6507,Medium,121.19,Bronze
18278,74,1,173.9,19.322222222222223,66,5.164214382024556,3.0117149780606005,4.204692619390966,0,1,Loyal,0.6273,Medium,142.54,Bronze
18280,278,1,180.6,18.06,45,5.201806466167193,2.9475918982260563,3.828641396489095,1,0,At-Risk,0.6229,Medium,137.87,Bronze
18281,181,1,80.82,11.545714285714284,54,4.404521712501253,2.529379116078258,4.007333185232471,1,0,At-Risk,0.7002,High,114.7,Bronze
18282,8,2,178.05,14.8375,103,5.187665096444442,2.7623805456472574,4.6443908991413725,0,1,Loyal,0.4807,Medium,179.25,Bronze
18283,4,16,2045.53,2.8370735090152563,1357,7.623900954999213,1.344709969021168,7.213768308118642,0,2,High-Value,0.0637,Low,2127.15,Platinum
18287,43,3,1837.28,26.24685714285714,1586,7.516585630812605,3.3049381802506748,7.369600720526409,0,1,Loyal,0.2335,Low,2504.82,Platinum
